<?xml version="1.0" encoding="utf-8"?>
<!DOCTYPE install PUBLIC "-//Joomla! 2.5//DTD template 1.0//EN" "http://www.joomla.org/xml/dtd/1.6/template-install.dtd">
<extension version="2.5" client="site" type="template" method="upgrade">
    <name>dd_openmint_25</name>
    <creationDate>2013-06-25</creationDate>
    <version>1.0</version>
    <author>www.diablodesign.eu</author>
    <authorUrl>http://www.diablodesign.eu</authorUrl>
      <description><![CDATA[	<h1>DD Open Mint</h1>
    <span style="font-size: 15px;font-weight:bold;">
			DD Open Mint template ,design by DiabloDesign.
			<span style="color:red; font-weight: bold; ">!Not for commercial!!! for commercial use, you must pay a special license (5 EURO) .</span> <br />
			    <span style="font-size: 15px;font-weight:bold;">
			<br />DD Open Mint template ,design by DiabloDesign.
			<span style="color:green; font-weight: bold; ">!Szablonu nie można używać na stonach firmowych!!! Licencja dla stron firmowych kosztuje. (5 EURO) .</span> <br />				
			<br />Visit Diablodesign.eu: <a href="http://www.diablodesign.eu" target="_blank">http://www.diablodesign.eu</a>.Email: biuro@diablodesign.eu<br />
			</span>	
	
<h3>Position Modules</h3>	
<img src="../templates/dd_openmint_25/images/pozycje.jpg" align="left" hspace="10" style="padding-right:10px;"/>
	<b>Free Joomla 2.5 i 3.0 Template developed by <a target="_blank" href="http://www.diablodesign.eu">www.diablodesign.eu</a>, released under the <a target="_blank" href="http://creativecommons.org/licenses/by/3.0/us/">Creative Commons Attribution 3.0</a>.
	<br />Our free joomla templates may be used for both personal websites.<br />
	<br />Copyright 2013 www.diablodesign.eu - All Rights Reserved</b>

	]]>
	
	
	</description>
    <files>
        <folder>css</folder>
		<folder>js</folder>
        <folder>html</folder>
        <folder>images</folder>
        <folder>language</folder>
        <folder>library</folder>
        <file>component.php</file>
        <file>favicon.ico</file>
        <file>functions.php</file>
        <file>index.html</file>
        <file>index.php</file>
        <file>jquery.js</file>
        <file>script.js</file>
        <file>script.responsive.js</file>
        <file>templateDetails.xml</file>
        <file>template_thumbnail.png</file>
    </files>
    <positions>
        <position>debug</position>
        <position>position-1</position>
        <position>position-2</position>
        <position>position-3</position>
        <position>position-4</position>
        <position>position-5</position>
        <position>position-6</position>
        <position>position-7</position>
        <position>position-8</position>
        <position>position-9</position>
        <position>position-10</position>
        <position>position-11</position>
        <position>position-12</position>
        <position>position-15</position>
        <position>position-16</position>
        <position>position-17</position>
        <position>position-18</position>
        <position>position-19</position>
        <position>position-20</position>
        <position>position-21</position>
        <position>position-22</position>
        <position>position-23</position>
        <position>position-24</position>
        <position>position-25</position>
        <position>position-26</position>
        <position>position-27</position>
        <position>position-28</position>
        <position>position-29</position>
        <position>position-30</position>
    </positions>
    <config>
        <fields name="params">
          		<!--logo-->
			 <fieldset name="logo" label="Configuration Logo / Konfiguracja logo">
			  <field name="logo" type="media" label="Select image " description="Logo" default="templates/dd_openmint_25/images/logo.png"/>
			 </fieldset>
			  <fieldset name="baner" label="Baner">
			  <field type="spacer" class="text" label="&lt;b style='color:green;'&gt;Size banner must be 600px to 77px! !&lt;/b&gt;&lt;/a&gt;" />
		
			  <field name="baner" type="media" label="Select image " description="Baner" default="templates/dd_openmint_25/images/banner.png"/>
			  <field name="lbaner" type="text" default="http://" label="Link Baner:" description="Link Baner:" filter="string" />
			 </fieldset>
		<!--animcja-->
			<fieldset name="animacja" label="Configuration Slideshow / Konfiguracja animacji">
					
					<field type="spacer" class="text" label="&lt;b style='color:green;'&gt;Size photo must be 666px to 500px! !&lt;/b&gt;&lt;/a&gt;" />
			<field name="foto1" type="media" label="Upload foto 1" description="" default="templates/dd_openmint_25/images/slideshow/1.png"/>
			<field name="naglowek1" type="text" default="Lorem ipsum dolor..." size="50" label="Title: " description="Title:"/>
			<field name="text1" type="textarea" default="Lorem ipsum dolor sit amet, consectetur adipisicing elit, sed do eiusmod tempor incididunt ut labore et dolore magna aliqua. Ut enim ad minim veniam, quis nostrud exercitation ullamco laboris nisi ut aliquip ex ea commodo consequat. Duis aute irure dolor in reprehenderit in voluptate velit esse cillum dolore eu fugiat nulla pariatur..." rows="8" cols="60"  label="Header Info" description="info text " />
			<field name="foto2" type="media" label="Upload foto 2" description="" default="templates/dd_openmint_25/images/slideshow/2.png"/>
			<field name="naglowek2" type="text" default="Lorem ipsum dolor..." size="50" label="Title: " description="Title:"/>
			<field name="text2" type="textarea" default="Lorem ipsum dolor sit amet, consectetur adipisicing elit, sed do eiusmod tempor incididunt ut labore et dolore magna aliqua. Ut enim ad minim veniam, quis nostrud exercitation ullamco laboris nisi ut aliquip ex ea commodo consequat. Duis aute irure dolor in reprehenderit in voluptate velit esse cillum dolore eu fugiat nulla pariatur..." rows="8" cols="60"  label="Header Info" description="info text " />
			<field name="foto3" type="media" label="Upload foto 3" description="" default="templates/dd_openmint_25/images/slideshow/3.png"/>
			<field name="naglowek3" type="text" default="Lorem ipsum dolor..." size="50" label="Title: " description="Title:"/>
			<field name="text3" type="textarea" default="Lorem ipsum dolor sit amet, consectetur adipisicing elit, sed do eiusmod tempor incididunt ut labore et dolore magna aliqua. Ut enim ad minim veniam, quis nostrud exercitation ullamco laboris nisi ut aliquip ex ea commodo consequat. Duis aute irure dolor in reprehenderit in voluptate velit esse cillum dolore eu fugiat nulla pariatur..." rows="8" cols="60"  label="Header Info" description="info text " />
			<field name="foto4" type="media" label="Upload foto 4" description="" default="templates/dd_openmint_25/images/slideshow/4.png"/>
			<field name="naglowek4" type="text" default="Lorem ipsum dolor..." size="50" label="Title: " description="Title:"/>
			<field name="text4" type="textarea" default="Lorem ipsum dolor sit amet, consectetur adipisicing elit, sed do eiusmod tempor incididunt ut labore et dolore magna aliqua. Ut enim ad minim veniam, quis nostrud exercitation ullamco laboris nisi ut aliquip ex ea commodo consequat. Duis aute irure dolor in reprehenderit in voluptate velit esse cillum dolore eu fugiat nulla pariatur..." rows="8" cols="60"  label="Header Info" description="info text " />
			<field name="foto5" type="media" label="Upload foto 5" description="" default="templates/dd_openmint_25/images/slideshow/1.png"/>
			<field name="naglowek5" type="text" default="Lorem ipsum dolor..." size="50" label="Title: " description="Title:"/>
			<field name="text5" type="textarea" default="Lorem ipsum dolor sit amet, consectetur adipisicing elit, sed do eiusmod tempor incididunt ut labore et dolore magna aliqua. Ut enim ad minim veniam, quis nostrud exercitation ullamco laboris nisi ut aliquip ex ea commodo consequat. Duis aute irure dolor in reprehenderit in voluptate velit esse cillum dolore eu fugiat nulla pariatur..." rows="8" cols="60"  label="Header Info" description="info text " />
			<field name="time" type="text" default="5000" size="50" label="Czas Animacji / Time animation" description="Czas Animacji / Time animation"/>
			</fieldset>
		
			<!--social icon-->
		<fieldset name="social" label="Links to social networking sites / linki ikony społecznościowe">	
		
		<field name="facebook" type="text" default="http://" label="Facebook url:" description="Facebook link" filter="string" />
				<field name="iconf" type="radio" default="1" label="" description="">
					<option value="0">Disabled / WYLACZ</option>
					<option value="1">Enabled / ZALACZ</option>
				</field>
				
				
			<field name="twitter" type="text" default="http://" label="Twitter url:" description="twitter link" filter="string" />
				<field name="icont" type="radio" default="1" label="" description="">
					<option value="0">Disabled / WYLACZ</option>
					<option value="1">Enabled / ZALACZ</option>
				</field>
			<field name="digg" type="text" default="http://" label="Digg url:" description="digg link" filter="string" />
				<field name="icond" type="radio" default="1" label="" description="">
					<option value="0">Disabled / WYLACZ</option>
					<option value="1">Enabled / ZALACZ</option>
				</field>
			<field name="flickr" type="text" default="http://" label="Flickr url:" description="flickr link" filter="string" />
				<field name="iconfl" type="radio" default="1" label="" description="">
					<option value="0">Disabled / WYLACZ</option>
					<option value="1">Enabled / ZALACZ</option>
				</field>
			<field name="youtube" type="text" default="http://" label="Youtube url:" description="youtube link" filter="string" />
				<field name="icony" type="radio" default="1" label="" description="">
					<option value="0">Disabled / WYLACZ</option>
					<option value="1">Enabled / ZALACZ</option>
				</field>
			<field name="skype" type="text" default="http://" label="Skype url:" description="skype link" filter="string" />
				<field name="icons" type="radio" default="1" label="" description="">
					<option value="0">Disabled / WYLACZ</option>
					<option value="1">Enabled / ZALACZ</option>
				</field>
		<field type="spacer" class="text" label="&lt;b style='color:red;'&gt;Disabled all share icon! / WYLACZ WSZYTKIE IKONY SPOLECZNOSCIOWE !&lt;/b&gt;&lt;/a&gt;" />
			<field name="allicon" type="list" default="1" label="" description="test">
					<option value="0">Disabled / WYLACZ</option>
					<option value="1">Enabled / ZALACZ</option>
				</field>
			</fieldset>
		<!--scrool-->
				<fieldset name="scroll" label="Back To Top / Powrót na góre">
               
				  <field name="scroll" type="text" default="Back To Top" size="50" label="Back To Top" description="Back To Top"/>
				  </fieldset>
				  			<!--footer-->
			<fieldset name="footer" label="Footer / Konfiguracja stopki">       
<field name="stopka" type="text" default="OPENMINT" size="50" label="Site name" description="footer site name"/>

            </fieldset>
        </fields>
    </config>
    <languages folder="language">
        <language tag="en-GB">en-GB/en-GB.tpl_dd_openmint_25.ini</language>
    </languages>
</extension>