<?xml version='1.0' encoding='utf-8'?>
<!--
  Licensed to the Apache Software Foundation (ASF) under one or more
  contributor license agreements.  See the NOTICE file distributed with
  this work for additional information regarding copyright ownership.
  The ASF licenses this file to You under the Apache License, Version 2.0
  (the "License"); you may not use this file except in compliance with
  the License.  You may obtain a copy of the License at

      http://www.apache.org/licenses/LICENSE-2.0

  Unless required by applicable law or agreed to in writing, software
  distributed under the License is distributed on an "AS IS" BASIS,
  WITHOUT WARRANTIES OR CONDITIONS OF ANY KIND, either express or implied.
  See the License for the specific language governing permissions and
  limitations under the License.
-->
<!-- The contents of this file will be loaded for each web application -->
<Context>

    <!-- Default set of monitored resources -->
    <WatchedResource>WEB-INF/web.xml</WatchedResource>
	
    <!-- Uncomment this to disable session persistence across Tomcat restarts -->
    <!--
    <Manager pathname="" />
    -->

    <!-- Uncomment this to enable Comet connection tacking (provides events
         on session expiration as well as webapp lifecycle) -->
    <!--
    <Valve className="org.apache.catalina.valves.CometConnectionManagerValve" />
    -->
	
	
	<Resource auth="Container" driverClassName="com.microsoft.sqlserver.jdbc.SQLServerDriver" maxActive="20" maxIdle="10" maxWait="-1" name="jdbc/geoprint" type="javax.sql.DataSource" url="jdbc:sqlserver://localhost;instanceName=SQLEXPRESS;database=Geoprint_test;user=sa;password=123456789"/>
	
	<Resource auth="Container" driverClassName="com.microsoft.sqlserver.jdbc.SQLServerDriver" maxActive="20" maxIdle="10" maxWait="-1" name="jdbc/informis" type="javax.sql.DataSource" url="jdbc:sqlserver://10.117.71.66;instanceName=SQLEXPRESS;database=informis_test;user=sa;password=123456789"/>
		
	<Resource auth="Container" driverClassName="com.microsoft.sqlserver.jdbc.SQLServerDriver" maxActive="20" maxIdle="10" maxWait="-1" name="jdbc/reftech" type="javax.sql.DataSource" url="jdbc:sqlserver://BCNSDBA045.bouygues-construction.com;instanceName=REC_CP1_CI_AI;database=RAD_SI_STRUCTIS_REFTECH_V01.11R02;user=REFTECH4INFORMIS;password=yakafocon"/>
	
	<Resource auth="Container" driverClassName="com.microsoft.sqlserver.jdbc.SQLServerDriver" maxActive="20" maxIdle="10" maxWait="-1" name="jdbc/sourceo" type="javax.sql.DataSource" url="jdbc:sqlserver://10.117.71.66;instanceName=SQLEXPRESS;database=sourceo;user=sa;password=123456789"/>
		
	<Resource auth="Container" driverClassName="com.microsoft.sqlserver.jdbc.SQLServerDriver" name="jdbc/SiteBouygues" password="BOUYGUES" type="javax.sql.DataSource" url="jdbc:sqlserver://10.117.71.226;instanceName=AMERIS;database=GestionRapports" username="app_gestion_rapports"/>
	
	
	<Resource auth="Container" driverClassName="com.microsoft.sqlserver.jdbc.SQLServerDriver" maxActive="20" maxIdle="10" maxWait="-1" name="jdbc/intranetdesbors" type="javax.sql.DataSource" url="jdbc:sqlserver://10.117.71.66;instanceName=SQLEXPRESS;database=intranetdesbors;user=sa;password=123456789"/>
	<Resource auth="Container" driverClassName="oracle.jdbc.OracleDriver" maxActive="20" maxIdle="10" maxWait="-1" name="jdbc/ktp" password="CASHFLOW" type="javax.sql.DataSource" url="jdbc:oracle:thin:@BYBCTRES.bouygues-construction.com:1521:TEST" username="OP"/>

</Context>