<?xml version="1.0" encoding="utf-8"?>
<extension version="1.7.0" type="template">
	<name>lightbreeze-red</name>
	<creationDate>2012-11-22</creationDate>
	<author>Hurricane Media</author>
	<authorEmail>info@hurricanemedia.net</authorEmail>
	<authorUrl>http://www.hurricanemedia.net</authorUrl>
	<copyright>HurricaneMedia 2012</copyright>
	<license>GNU/GPL</license>
	<version>1.6</version>
	<description>
		<![CDATA[<span style="font-weight:bold;font-size:1.1em;color:#000">--- LightBreeze-Red HM01J ---<br /><hr style="border:0;color:rgb(226,226,226);background-color:rgb(226,226,226);height:1px" />Template for Joomla designed by Hurricane Media<br /><span style="color: #e70000">Get the lastest version of this template, visit <a href="http://www.hurricanemedia.net" target="_blank">www.hurricanemedia.net</a></span>.<br /><br />Position Layout:<br /></span>
		<br />
		<div style="border: 1px solid #c3c3c3;width:340px;overflow:visible;font-weight:normal;font-size:0.9em;background-color:#f8f8f8">

			<div style="float:right;width:240px;border: 1px solid #c3c3c3;margin:2px;padding:3px;background-color:#e6e6e6">position-13 (top navigation)</div>	
			<div style="float:right;width:140px;border: 1px solid #c3c3c3;margin:2px;padding:3px;background-color:#e6e6e6">position-0 (search)</div>
			<div style="clear:both;width:328px;border: 1px solid #c3c3c3;margin:2px;padding:3px;background-color:#e6e6e6">position-1 (topmenu)</div>
			<div style="clear:both;width:328px;border: 1px solid #c3c3c3;margin:2px;padding:3px;background-color:#e6e6e6">position-2 (breadcrumbs)</div>

			<div style="float:left;width:70px;margin:0;padding:0">

				<div style="float:left;border: 1px solid #c3c3c3;margin:2px;padding:3px;background-color:#e6e6e6;width:60px;height:30px">position-7</div>
				<div style="float:left;border: 1px solid #c3c3c3;margin:2px;padding:3px;background-color:#e6e6e6;width:60px;height:30px">position-4</div>
				<div style="float:left;border: 1px solid #c3c3c3;margin:2px;padding:3px;background-color:#e6e6e6;width:60px;height:30px">position-5</div>

			</div>

			<div style="float:left;width:198px;margin:0;padding:0">
				<div style="float:left;width:198px;margin:0;padding:0">
					<div style="border: 1px solid #c3c3c3;margin:2px;padding:3px;background-color:#e6e6e6;width:188px;height:16px">position-12</div>
				</div>
				<div style="float:left;width:198px;margin:0;padding:0">
					<div style="border: 1px solid #c3c3c3;margin:2px;padding:3px;background-color:#e6e6e6;width:188px;height:160px">content (message/component)</div>
				</div>
			</div>

			<div style="float:right;width:70px;margin:0;padding:0">

				<div style="float:right;border: 1px solid #c3c3c3;margin:2px;padding:3px;background-color:#e6e6e6;width:60px;height:30px">position-6</div>
				<div style="float:right;border: 1px solid #c3c3c3;margin:2px;padding:3px;background-color:#e6e6e6;width:60px;height:30px">position-8</div>
				<div style="float:right;border: 1px solid #c3c3c3;margin:2px;padding:3px;background-color:#e6e6e6;width:60px;height:30px">position-3</div>

			</div>

			<div style="clear:both;width:328px;border: 1px solid #c3c3c3;margin:2px;padding:3px;background-color:#e6e6e6">position-14 (footer)</div>

		</div>
		
		]]>
	</description>
	<files>
		<folder>css</folder>
		<folder>images</folder>
		<folder>js</folder>		
		<folder>language</folder>		
		<filename>component.php</filename>
		<filename>index.php</filename>
		<filename>template_preview.png</filename>
		<filename>template_thumbnail.png</filename>
		<filename>templateDetails.xml</filename>
	</files>
	<positions>
		<position>debug</position>
		<position>position-0</position>
		<position>position-1</position>
		<position>position-2</position>
		<position>position-3</position>
		<position>position-4</position>
		<position>position-5</position>
		<position>position-6</position>
		<position>position-7</position>
		<position>position-8</position>
		<position>position-9</position>
		<position>position-10</position>
		<position>position-11</position>
		<position>position-12</position>
		<position>position-13</position>
		<position>position-14</position>
		<position>position-15</position>
	</positions>

	<languages folder="language">
		<language tag="en-GB">en-GB/en-GB.tpl_lightbreeze-red.ini</language>
		<language tag="en-GB">en-GB/en-GB.tpl_lightbreeze-red.sys.ini</language>
	</languages>
	
	<config>
		<fields name="params">
			<fieldset name="advanced">
				<field name="logoimage" type="list" default="1" label="TPL_LIGHTBREEZE-RED_FIELD_LOGOIMAGE_LABEL" description="TPL_LIGHTBREEZE-RED_FIELD_LOGOIMAGE_DESC">
				    <option value="1">Show</option>
				    <option value="0">Hide</option>
			    </field>
				<field name="logo" type="media" default="" label="TPL_LIGHTBREEZE-RED_FIELD_LOGO_LABEL" description="TPL_LIGHTBREEZE-RED_FIELD_LOGO_DESC" />
				<field name="sitetitle"  type="text" default="CompanyLogo" label="TPL_LIGHTBREEZE-RED_FIELD_SITETITLE_LABEL" description="TPL_LIGHTBREEZE-RED_FIELD_SITETITLE_DESC" filter="string" />
				<field name="sitedescription"  type="text" default="Joomla! Templates designed by Hurricane Media" label="TPL_LIGHTBREEZE-RED_FIELD_DESCRIPTION_LABEL" description="TPL_LIGHTBREEZE-RED_FIELD_DESCRIPTION_DESC" filter="string" />
			</fieldset>
		</fields>
	</config>	
	
</extension>