<?xml version="1.0" encoding="iso-8859-1"?>
<install version="1.5" type="template">
	<name>JV_Conto</name>
	<creationDate>9/10/2010</creationDate>
	<author>JoomlaVision.com</author>
	<copyright>JoomlaVision</copyright>
	<authorEmail>support@joomlavision.com</authorEmail>
	<authorUrl>www.joomlavision.com</authorUrl>
	<version>1.0.0</version>
	<description><![CDATA[<h1>JV Conto - The cool template for Biz </h1><span>Thank you very much for using our services.<br />Please visit <a href="http://www.joomlavision.com/forums">JoomlaVision community</a> for any further support.</span>]]></description>
	<files>
		<filename>templateDetails.xml</filename>
		<filename>template_thumbnail.png</filename>
		<filename>params.ini</filename>
		<filename>index.php</filename>
		<filename>index.html</filename>
		<filename>favicon.ico</filename>
		<filename>component.php</filename>

		<folder>libs</folder>
		<folder>jv_menus</folder>
		<folder>js</folder>
		<folder>images</folder>
		<folder>html</folder>
		<folder>css</folder>		
	</files>
	<positions>
		<position>hornav</position>
		<position>breadcrumb</position>
		<position>banner</position>
		<position>right</position>
		<position>top</position>
		<position>top_menu</position>
		<position>login</position>
		<position>inset</position>
		<position>search</position>
		<position>slideshow</position>
		<position>footer</position>
		<position>footer_menu</position>
		<position>col1</position>
		<position>col2</position>
		<position>col3</position>
		<position>user1</position>
		<position>user2</position>
		<position>user3</position>
		<position>user4</position>
		<position>user5</position>
		<position>user6</position>
		<position>user7</position>
		<position>user8</position>
		<position>user9</position>
		<position>user10</position>
		<position>user11</position>
		<position>user12</position>
		<position>user13</position>
		<position>user14</position>
		<position>user15</position>
		<position>footer</position>
		<position>syndicate</position>
		<position>debug</position>
	</positions>

	<languages>
		<language tag="en-GB">en-GB.tpl_jv_conto.ini</language>
	</languages>

	<administration>
    	<languages>
			<language tag="en-GB">admin/en-GB.tpl_jv_conto.ini</language>
		</languages>
    </administration>

	<params>
		<param name="jv_color" type="list" default="lightblue" label="COLOR VARIATION" description="COLOR VARIATION TO USE">
			<option value="lightblue">LIGHTBLUE</option>
			<option value="grey">GREY</option>
		</param>
		<param name="jv_function" type="radio" default="1" label="FUNCTION SHOW" description="FUNCTION SHOW">
			<option value="1">Show</option>
			<option value="0">Hide</option>
		</param>
		<param name="jv_font" type="list" default="3" label="FONT SIZE" description="SELECT FONT SIZE">
			<option value="1">1</option>
			<option value="2">2</option>
			<option value="3">3</option>
			<option value="4">4</option>
			<option value="5">5</option>
			<option value="6">6</option>
		</param>
		<param name="menutype" type="menu" default="mainmenu" label="MENU MODULE" description="MENU TO SHOW" />
		<param name="jv_menustyle" type="list" default="moo" label="MENU TYPE" description="MENU TYPE">
			<option value="moo">MooMenu</option>
		</param>
		<param name="spacer@" type="spacer" />
		<param name="gzip" type="radio" default="0" label="GZIP COMPRESSION" description="GZIP DESCRIPTION">
			<option value="0">No</option>
			<option value="1">Yes</option>
		</param>
		<param name="spacer@" type="spacer" />
		<param name="jv_footer" type="radio" default="0" label="COPYRIGHT TEMPLATE" description="COPYRIGHT TEMPLATE DESCRIPTION">
			<option value="0">No</option>
			<option value="1">Yes</option>
		</param>
		<param name="jv_footer_text" type="text" size="50" default="Copyright � 2008 - 2010 Joomla Templates by JoomlaVision.Com" label=" " description=" " />
		<param name="spacer@" type="spacer" />
		<param name="jv_rtl" type="radio" default="0" label="RTL LANGUAGES" description="RTL LANGUAGES DESCRIPTION">
			<option value="0">No</option>
			<option value="1">Yes</option>
		</param>
	</params>

</install>