<?xml version="1.0" encoding="utf-8"?><!DOCTYPE install PUBLIC "-//Joomla! 1.6//DTD template 1.0//EN" "http://www.joomla.org/xml/dtd/1.6/template-install.dtd"><extension version="1.7" type="template" client="site">	<name>siteground-j16-38</name>	<creationDate>07 October 2011</creationDate>	<author>SiteGround</author>	<authorEmail>templates@siteground.com</authorEmail>	<authorUrl>http://www.siteground.com</authorUrl>	<copyright>Siteground</copyright>	<license>GNU General Public License version 3 or later; see LICENSE.txt</license>	<version>1.0.0</version>	<description>This Joomla Template is designed by SiteGround.com and can be used free of charge. The template is suitable for personal and business Joomla sites. It can be used with many popular modules and components for Joomla. At www.siteground.com you can find more great looking free Joomla templates.</description>	<files>		<folder>css</folder>		<folder>html</folder>		<folder>images</folder>		<folder>language</folder>		<filename>index.html</filename>		<filename>index.php</filename>		<filename>template_preview.png</filename>		<filename>template_thumbnail.png</filename>		<filename>templateDetails.xml</filename>		<filename>templates.php</filename>		<filename>LICENSE.txt</filename>	</files>	<positions>		<position>menuload</position>		<position>position-0</position>		<position>position-4</position>
		<position>position-5</position>
		<position>position-6</position>		<position>position-7</position>	</positions>	<languages folder="language">		<language tag="en-GB">en-GB/en-GB.tpl_siteground-j16-38.ini</language>	</languages></extension>