<?xml version="1.0" encoding="utf-8"?>
<!DOCTYPE install PUBLIC "-//Joomla! 1.6//DTD template 1.0//EN" "http://www.joomla.org/xml/dtd/1.6/template-install.dtd">
<install version="1.5" type="template">
	<name>afw-3D</name>
	<creationDate>23/05/2011</creationDate>
	<author>Alexander Kröker</author>
	<authorEmail>info@all-for-web.de</authorEmail>
	<authorURL>http://www.all-for-web.de</authorURL>
	<copyright>Copyright (C) 2010 - 2011. Alle Rechte vorbehalten.</copyright>
	<license>GPL</license>
	<version>1.5.0</version>
	<description>Ein Template von All for WEB! Die Links "http://www.geschenkideen-in.de","http://www.all-for-web.de" dürfen nicht von Footerbereich des Templates  entfernt werden!</description>

<files>
	<filename>index.php</filename>
	<filename>templateDetails.xml</filename>
	<filename>template_thumbnail.png</filename>
	<filename>css/template.css</filename>
	<filename>js/jquery.js</filename>
	<filename>js/script.js</filename>
	<filename>images/body_bg.jpg</filename>
	<filename>images/content_bg_top.jpg</filename>
	<filename>images/content_line.jpg</filename>
	<filename>images/footer_bg.jpg</filename>
	<filename>images/h3_bg.jpg</filename>
	<filename>images/logo.png</filename>
	<filename>images/menu_01_inact.png</filename>
	<filename>images/menu_02_inact.png</filename>
	<filename>images/menu_03_inact.png</filename>
	<filename>images/menu_04_inact.png</filename>
	<filename>images/menu_05_inact.png</filename>
	<filename>images/menu_06_inact.png</filename>
	<filename>images/menu_07_inact.png</filename>
	<filename>images/menu_01.png</filename>
	<filename>images/menu_02.png</filename>
	<filename>images/menu_03.png</filename>
	<filename>images/menu_04.png</filename>
	<filename>images/menu_05.png</filename>
	<filename>images/menu_06.png</filename>
	<filename>images/menu_07.png</filename>
	<filename>images/menu_bg.jpg</filename>
	<filename>images/ok_button.png</filename>
	<filename>images/search_bg.png</filename>
	<filename>images/user3_bg.png</filename>
</files>
<positions>
	<position>search</position>
	<position>user1</position>
	<position>user2</position>
	<position>user3</position>
	<position>top</position>
	<position>left</position>
	<position>copy</position>
</positions>
</install>