<?xml version="1.0" encoding="UTF-8"?>
<beans xmlns="http://www.springframework.org/schema/beans"
	xmlns:xsi="http://www.w3.org/2001/XMLSchema-instance" xmlns:aop="http://www.springframework.org/schema/aop"
	xmlns:context="http://www.springframework.org/schema/context" xmlns:tx="http://www.springframework.org/schema/tx"
	xsi:schemaLocation=" http://www.springframework.org/schema/beans http://www.springframework.org/schema/beans/spring-beans-2.5.xsd http://www.springframework.org/schema/aop http://www.springframework.org/schema/aop/spring-aop-2.5.xsd http://www.springframework.org/schema/tx http://www.springframework.org/schema/tx/spring-tx-2.5.xsd http://www.springframework.org/schema/context http://www.springframework.org/schema/context/spring-context-2.5.xsd">

	<context:annotation-config />

	<bean
		class="org.springframework.context.annotation.CommonAnnotationBeanPostProcessor" />
	<bean
		class="org.springframework.beans.factory.annotation.RequiredAnnotationBeanPostProcessor" />
	<bean
		class="org.springframework.beans.factory.annotation.AutowiredAnnotationBeanPostProcessor" />
	<bean
		class="org.springframework.orm.jpa.support.PersistenceAnnotationBeanPostProcessor" />
	<!-- <bean id="dataSource" -->
	<!-- class="org.springframework.jdbc.datasource.DriverManagerDataSource"> -->
	<!-- <property name="driverClassName" value="${jdbc.classname}" /> -->
	<!-- <property name="url" value="${jdbc.url}" /> -->
	<!-- <property name="username" value="${jdbc.username}" /> -->
	<!-- <property name="password" value="${jdbc.password}" /> -->
	<!-- </bean> -->

	<bean id="dataSource" class="com.mchange.v2.c3p0.ComboPooledDataSource"
		destroy-method="close">
		<property name="driverClass" value="${jdbc.classname}" />
		<property name="jdbcUrl" value="${jdbc.url}" />
		<property name="user" value="${jdbc.username}" />
		<property name="password" value="${jdbc.password}" />
		<property name="minPoolSize" value="${c3p0.minPoolSize}" />
		<property name="maxPoolSize" value="${c3p0.maxPoolSize}" />
		<property name="maxStatements" value="0" />
	</bean>
	<bean id="entityManagerFactory"
		class="org.springframework.orm.jpa.LocalContainerEntityManagerFactoryBean">
		<property name="persistenceXmlLocation" value="classpath:./META-INF/persistence.xml" />
		<property name="persistenceUnitName" value="persistenceUnit" />
		<property name="dataSource" ref="dataSource" />
		<property name="jpaVendorAdapter">
			<bean class="org.springframework.orm.jpa.vendor.HibernateJpaVendorAdapter">
				<property name="generateDdl">
					<value>${hibernate.generateDdl}</value>
				</property>
				<property name="showSql">
					<value>${hibernate.showSql}</value>
				</property>
				<property name="databasePlatform">
					<value>${hibernate.dialect}</value>
				</property>
			</bean>
		</property>
		<property name="jpaProperties">
			<props>
				<prop key="hibernate.ejb.naming_strategy">
					org.java.demo.util.hibernate.NamingStrategy
				</prop>
				<prop key="hibernate.default_schema">${hibernate.defaultSchema}</prop>
			</props>
		</property>
		<property name="persistenceUnitPostProcessors">
			<list>
				<ref bean="entityScanner" />
			</list>
		</property>
	</bean>

	<bean id="transactionManager" class="org.springframework.orm.jpa.JpaTransactionManager">
		<property name="entityManagerFactory" ref="entityManagerFactory" />
	</bean>

	<tx:annotation-driven transaction-manager="transactionManager" />

	<context:component-scan base-package="org.java.demo.dao"
		use-default-filters="false">
		<context:include-filter type="annotation"
			expression="org.springframework.stereotype.Repository" />
	</context:component-scan>
</beans> 