CREATE DATABASE  IF NOT EXISTS `posiba_core` /*!40100 DEFAULT CHARACTER SET utf8 */;
USE `posiba_core`;
-- MySQL dump 10.13  Distrib 5.6.17, for Win64 (x86_64)
--
-- Host: 127.0.0.1    Database: posiba_core
-- ------------------------------------------------------
-- Server version	5.6.19-log

/*!40101 SET @OLD_CHARACTER_SET_CLIENT=@@CHARACTER_SET_CLIENT */;
/*!40101 SET @OLD_CHARACTER_SET_RESULTS=@@CHARACTER_SET_RESULTS */;
/*!40101 SET @OLD_COLLATION_CONNECTION=@@COLLATION_CONNECTION */;
/*!40101 SET NAMES utf8 */;
/*!40103 SET @OLD_TIME_ZONE=@@TIME_ZONE */;
/*!40103 SET TIME_ZONE='+00:00' */;
/*!40014 SET @OLD_UNIQUE_CHECKS=@@UNIQUE_CHECKS, UNIQUE_CHECKS=0 */;
/*!40014 SET @OLD_FOREIGN_KEY_CHECKS=@@FOREIGN_KEY_CHECKS, FOREIGN_KEY_CHECKS=0 */;
/*!40101 SET @OLD_SQL_MODE=@@SQL_MODE, SQL_MODE='NO_AUTO_VALUE_ON_ZERO' */;
/*!40111 SET @OLD_SQL_NOTES=@@SQL_NOTES, SQL_NOTES=0 */;

--
-- Table structure for table `account`
--

DROP TABLE IF EXISTS `account`;
/*!40101 SET @saved_cs_client     = @@character_set_client */;
/*!40101 SET character_set_client = utf8 */;
CREATE TABLE `account` (
  `id` bigint(20) unsigned NOT NULL AUTO_INCREMENT,
  `version` bigint(20) NOT NULL,
  `name` varchar(255) NOT NULL,
  `logourl` varchar(255) NOT NULL,
  `homeurl` varchar(255) NOT NULL,
  `default_view_id` bigint(20) unsigned DEFAULT NULL,
  `missing_codes_view_id` bigint(20) unsigned DEFAULT NULL,
  `entity_id` bigint(20) unsigned NOT NULL,
  `show_training_menu` bit(1) NOT NULL,
  `deleted` bit(1) NOT NULL,
  `created_date` timestamp NOT NULL DEFAULT CURRENT_TIMESTAMP,
  `user_created` bigint(11) DEFAULT NULL,
  `last_update_date` timestamp NULL DEFAULT NULL,
  `last_user_update` bigint(11) DEFAULT NULL,
  PRIMARY KEY (`id`),
  KEY `account_default_view_id_idx` (`default_view_id`),
  KEY `account_missing_codes_view_idx` (`missing_codes_view_id`),
  KEY `account_entity_id_idx` (`entity_id`),
  CONSTRAINT `fk_account_entity_id` FOREIGN KEY (`entity_id`) REFERENCES `entity` (`id`) ON DELETE NO ACTION ON UPDATE NO ACTION
) ENGINE=InnoDB AUTO_INCREMENT=71 DEFAULT CHARSET=utf8 ROW_FORMAT=COMPACT;
/*!40101 SET character_set_client = @saved_cs_client */;

--
-- Dumping data for table `account`
--

LOCK TABLES `account` WRITE;
/*!40000 ALTER TABLE `account` DISABLE KEYS */;
INSERT INTO `account` VALUES (0,0,'Posiba Internal','','',93,0,1,'\0','\0','2014-10-30 08:54:17',NULL,NULL,NULL),(1,0,'The California Endowment','/images/clients/tce-logo-transparent.png','http://www.calendow.org',93,140,1,'','\0','2014-10-30 08:54:17',NULL,NULL,NULL),(2,0,'Equinox Center','/images/clients/equinox-logo-transparent.png','http://www.equinoxcenter.org/',149,0,1,'\0','\0','2014-10-30 08:54:17',NULL,NULL,NULL),(3,0,'Alliance Healthcare Foundation','/images/clients/ahf-logo-transparent.png','http://www.alliancehealthcarefoundation.org/',161,0,1,'\0','\0','2014-10-30 08:54:17',NULL,NULL,NULL),(9,0,'Carefirst','/images/clients/carefirst-logo-transparent.png','http://www.carefirst.com',243,0,1,'\0','\0','2014-10-30 08:54:17',NULL,NULL,NULL),(10,0,'Barr Foundation','/images/clients/barr-logo-transparent.png','http://www.barrfoundation.org',196,0,1,'\0','\0','2014-10-30 08:54:17',NULL,NULL,NULL),(11,0,'James Irvine Foundation','/images/clients/jif-logo-transparent.png','http://irvine.org/',452,0,1,'\0','\0','2014-10-30 08:54:17',NULL,NULL,NULL),(12,0,'Climate Registry','/images/clients/climate-registry-logo-transparent.png','http://www.theclimateregistry.org',441,0,1,'\0','\0','2014-10-30 08:54:17',NULL,NULL,NULL),(13,0,'E2','/images/clients/e2-logo-transparent.png','http://www.e2.org',93,0,1,'\0','\0','2014-10-30 08:54:17',NULL,NULL,NULL),(14,0,'211 San Diego','/images/clients/211SanDiego-logo-transparent.png','http://www.211sandiego.org/',500,0,1,'\0','\0','2014-10-30 08:54:17',NULL,NULL,NULL),(28,0,'QA Test 10212014 607PM Account','http://qa test 10212014 607pm.com/logout','http://qa test 10212014 607pm.com',NULL,NULL,16,'\0','\0','2014-10-21 11:09:04',NULL,NULL,NULL),(42,0,'Jewish Federation of San Diego County Account','http://jewish federation of san diego county.com/logout','http://jewish federation of san diego county.com',NULL,NULL,17,'\0','\0','2014-10-22 02:03:04',NULL,NULL,NULL),(43,0,'Rancho Coastal Humane Society Account','http://rancho coastal humane society.com/logout','http://rancho coastal humane society.com',NULL,NULL,18,'\0','\0','2014-10-22 02:04:44',NULL,NULL,NULL),(44,0,'The Paradigm Project Account','http://the paradigm project.com/logout','http://the paradigm project.com',NULL,NULL,19,'\0','\0','2014-10-22 02:06:14',NULL,NULL,NULL),(45,0,'North County Lifeline Account','http://north county lifeline.com/logout','http://north county lifeline.com',NULL,NULL,20,'\0','\0','2014-10-22 02:10:10',NULL,NULL,NULL),(46,0,'Meals-on-Wheels Greater San Diego, Inc. Account','http://meals-on-wheels greater san diego, inc..com/logout','http://meals-on-wheels greater san diego, inc..com',NULL,NULL,21,'\0','\0','2014-10-22 02:14:45',NULL,NULL,NULL),(47,0,'Girls on the Run of San Diego Account','http://girls on the run of san diego.com/logout','http://girls on the run of san diego.com',NULL,NULL,22,'\0','\0','2014-10-22 02:15:50',NULL,NULL,NULL),(48,0,'Keep A Breast Canada Account','http://keep a breast canada.com/logout','http://keep a breast canada.com',NULL,NULL,23,'\0','\0','2014-10-22 02:16:56',NULL,NULL,NULL),(49,0,'Dreams for Change Account','http://dreams for change.com/logout','http://dreams for change.com',NULL,NULL,24,'\0','\0','2014-10-22 02:18:01',NULL,NULL,NULL),(50,0,'SKIP Account','http://skip.com/logout','http://skip.com',NULL,NULL,25,'\0','\0','2014-10-22 02:21:00',NULL,NULL,NULL),(51,0,'Boys & Girls Clubs of Carlsbad Account','http://boys & girls clubs of carlsbad.com/logout','http://boys & girls clubs of carlsbad.com',NULL,NULL,26,'\0','\0','2014-10-22 02:22:08',NULL,NULL,NULL),(52,0,'Mission Edge Account','http://mission edge.com/logout','http://mission edge.com',NULL,NULL,27,'\0','\0','2014-10-22 02:23:39',NULL,NULL,NULL),(53,0,'CONNECT Account','http://connect.com/logout','http://connect.com',NULL,NULL,28,'\0','\0','2014-10-22 02:25:03',NULL,NULL,NULL),(54,0,'The Glenner Memory Care Centers Account','http://the glenner memory care centers.com/logout','http://the glenner memory care centers.com',NULL,NULL,29,'\0','\0','2014-10-22 02:26:27',NULL,NULL,NULL),(55,0,'Community Resource Center Account','http://community resource center.com/logout','http://community resource center.com',NULL,NULL,30,'\0','\0','2014-10-24 15:42:19',NULL,NULL,NULL),(56,0,'test amie Account','http://test amie.com/logout','http://test amie.com',NULL,NULL,31,'\0','\0','2014-10-27 19:36:35',NULL,NULL,NULL),(57,0,'QA Test 10302014 Account','http://qa test 10302014.com/logout','http://qa test 10302014.com',NULL,NULL,32,'\0','\0','2014-10-30 10:26:49',NULL,NULL,NULL),(58,0,'DonationMatch.com Account','http://donationmatch.com.com/logout','http://donationmatch.com.com',NULL,NULL,33,'\0','\0','2014-11-03 17:03:59',NULL,NULL,NULL),(59,0,'ANAI, Inc. Account','http://anai, inc..com/logout','http://anai, inc..com',NULL,NULL,34,'\0','\0','2014-11-04 18:58:51',NULL,NULL,NULL),(60,0,'QA Test Production 1.0.2 Account','http://qa test production 1.0.2.com/logout','http://qa test production 1.0.2.com',NULL,NULL,35,'\0','\0','2014-11-06 11:16:54',NULL,NULL,NULL),(61,0,'QA test product Account','http://qa test product.com/logout','http://qa test product.com',NULL,NULL,36,'\0','\0','2014-11-06 11:40:49',NULL,NULL,NULL),(62,0,'Mission Edge Account','http://mission edge.com/logout','http://mission edge.com',NULL,NULL,37,'\0','\0','2014-11-06 20:46:02',NULL,NULL,NULL),(63,0,'The Smith Trust Account','http://the smith trust.com/logout','http://the smith trust.com',NULL,NULL,38,'\0','\0','2014-11-11 19:44:50',NULL,NULL,NULL),(64,0,'[longnd] test-organization Account','http://[longnd] test-organization.com/logout','http://[longnd] test-organization.com',NULL,NULL,39,'\0','\0','2014-11-19 03:36:46',NULL,NULL,NULL),(65,0,'ererter Account','http://ererter.com/logout','http://ererter.com',NULL,NULL,40,'\0','\0','2014-11-19 09:34:40',NULL,NULL,NULL),(66,0,'Long 01 Account','http://long 01.com/logout','http://long 01.com',NULL,NULL,41,'\0','\0','2014-12-03 06:28:19',NULL,NULL,NULL),(67,0,'Long 02 Account','http://long 02.com/logout','http://long 02.com',NULL,NULL,42,'\0','\0','2014-12-03 07:24:49',NULL,NULL,NULL),(68,0,'uiouiou Account','http://uiouiou.com/logout','http://uiouiou.com',NULL,NULL,43,'\0','\0','2014-12-03 07:41:24',NULL,NULL,NULL),(69,0,'Misa Org Account','http://misa org.com/logout','http://misa org.com',NULL,NULL,44,'\0','\0','2014-12-03 10:26:01',NULL,NULL,NULL),(70,0,'Long - Org2 Account','http://long - org2.com/logout','http://long - org2.com',NULL,NULL,45,'\0','\0','2014-12-03 11:59:23',NULL,NULL,NULL);
/*!40000 ALTER TABLE `account` ENABLE KEYS */;
UNLOCK TABLES;

--
-- Table structure for table `audit_log`
--

DROP TABLE IF EXISTS `audit_log`;
/*!40101 SET @saved_cs_client     = @@character_set_client */;
/*!40101 SET character_set_client = utf8 */;
CREATE TABLE `audit_log` (
  `id` bigint(20) unsigned NOT NULL AUTO_INCREMENT,
  `version` bigint(20) NOT NULL,
  `user_id` bigint(20) unsigned NOT NULL,
  `deleted` bit(1) NOT NULL,
  `created_date` timestamp NOT NULL DEFAULT CURRENT_TIMESTAMP,
  `user_created` bigint(11) DEFAULT NULL,
  `last_update_date` timestamp NULL DEFAULT NULL,
  `last_user_update` bigint(11) DEFAULT NULL,
  PRIMARY KEY (`id`),
  KEY `audit_log_user_id_idx` (`user_id`),
  CONSTRAINT `fk_audit_log_user_id` FOREIGN KEY (`user_id`) REFERENCES `user` (`id`)
) ENGINE=InnoDB DEFAULT CHARSET=utf8 COLLATE=utf8_bin;
/*!40101 SET character_set_client = @saved_cs_client */;

--
-- Dumping data for table `audit_log`
--

LOCK TABLES `audit_log` WRITE;
/*!40000 ALTER TABLE `audit_log` DISABLE KEYS */;
/*!40000 ALTER TABLE `audit_log` ENABLE KEYS */;
UNLOCK TABLES;

--
-- Table structure for table `budget`
--

DROP TABLE IF EXISTS `budget`;
/*!40101 SET @saved_cs_client     = @@character_set_client */;
/*!40101 SET character_set_client = utf8 */;
CREATE TABLE `budget` (
  `id` bigint(20) NOT NULL AUTO_INCREMENT,
  `range_name` varchar(45) DEFAULT NULL,
  `range_low` bigint(20) DEFAULT NULL,
  `range_high` bigint(20) DEFAULT NULL,
  `created_date` timestamp NOT NULL DEFAULT CURRENT_TIMESTAMP,
  `user_created` bigint(11) DEFAULT NULL,
  `last_update_date` timestamp NULL DEFAULT NULL,
  `last_user_update` bigint(11) DEFAULT NULL,
  PRIMARY KEY (`id`)
) ENGINE=InnoDB AUTO_INCREMENT=39 DEFAULT CHARSET=utf8;
/*!40101 SET character_set_client = @saved_cs_client */;

--
-- Dumping data for table `budget`
--

LOCK TABLES `budget` WRITE;
/*!40000 ALTER TABLE `budget` DISABLE KEYS */;
INSERT INTO `budget` VALUES (1,NULL,NULL,250000,'2014-10-30 08:54:19',NULL,NULL,NULL),(2,NULL,NULL,500000,'2014-10-30 08:54:19',NULL,NULL,NULL),(3,NULL,NULL,600000,'2014-10-30 08:54:19',NULL,NULL,NULL),(4,NULL,NULL,700000,'2014-10-30 08:54:19',NULL,NULL,NULL),(5,NULL,NULL,800000,'2014-10-30 08:54:19',NULL,NULL,NULL),(6,NULL,NULL,900000,'2014-10-30 08:54:19',NULL,NULL,NULL),(7,NULL,NULL,1000000,'2014-10-30 08:54:19',NULL,NULL,NULL),(8,NULL,NULL,1500000,'2014-10-30 08:54:19',NULL,NULL,NULL),(9,NULL,NULL,2000000,'2014-10-30 08:54:19',NULL,NULL,NULL),(10,NULL,NULL,2500000,'2014-10-30 08:54:19',NULL,NULL,NULL),(11,NULL,NULL,3000000,'2014-10-30 08:54:19',NULL,NULL,NULL),(12,NULL,NULL,3500000,'2014-10-30 08:54:19',NULL,NULL,NULL),(13,NULL,NULL,4000000,'2014-10-30 08:54:19',NULL,NULL,NULL),(14,NULL,NULL,4500000,'2014-10-30 08:54:19',NULL,NULL,NULL),(15,NULL,NULL,5000000,'2014-10-30 08:54:19',NULL,NULL,NULL),(16,NULL,NULL,6000000,'2014-10-30 08:54:19',NULL,NULL,NULL),(17,NULL,NULL,7000000,'2014-10-30 08:54:19',NULL,NULL,NULL),(18,NULL,NULL,8000000,'2014-10-30 08:54:19',NULL,NULL,NULL),(19,NULL,NULL,9000000,'2014-10-30 08:54:19',NULL,NULL,NULL),(20,NULL,NULL,10000000,'2014-10-30 08:54:19',NULL,NULL,NULL),(21,NULL,NULL,12000000,'2014-10-30 08:54:19',NULL,NULL,NULL),(22,NULL,NULL,14000000,'2014-10-30 08:54:19',NULL,NULL,NULL),(23,NULL,NULL,15000000,'2014-10-30 08:54:19',NULL,NULL,NULL),(24,NULL,NULL,16000000,'2014-10-30 08:54:19',NULL,NULL,NULL),(25,NULL,NULL,18000000,'2014-10-30 08:54:19',NULL,NULL,NULL),(26,NULL,NULL,20000000,'2014-10-30 08:54:19',NULL,NULL,NULL),(27,NULL,NULL,25000000,'2014-10-30 08:54:19',NULL,NULL,NULL),(28,NULL,NULL,30000000,'2014-10-30 08:54:19',NULL,NULL,NULL),(29,NULL,NULL,35000000,'2014-10-30 08:54:19',NULL,NULL,NULL),(30,NULL,NULL,40000000,'2014-10-30 08:54:19',NULL,NULL,NULL),(31,NULL,NULL,45000000,'2014-10-30 08:54:19',NULL,NULL,NULL),(32,NULL,NULL,50000000,'2014-10-30 08:54:19',NULL,NULL,NULL),(33,NULL,NULL,55000000,'2014-10-30 08:54:19',NULL,NULL,NULL),(34,NULL,NULL,60000000,'2014-10-30 08:54:19',NULL,NULL,NULL),(35,NULL,NULL,65000000,'2014-10-30 08:54:19',NULL,NULL,NULL),(36,NULL,NULL,70000000,'2014-10-30 08:54:19',NULL,NULL,NULL),(37,NULL,30000000,NULL,'2014-10-30 08:54:19',NULL,NULL,NULL),(38,NULL,70000000,NULL,'2014-10-30 08:54:19',NULL,NULL,NULL);
/*!40000 ALTER TABLE `budget` ENABLE KEYS */;
UNLOCK TABLES;

--
-- Table structure for table `budget_type_mapping`
--

DROP TABLE IF EXISTS `budget_type_mapping`;
/*!40101 SET @saved_cs_client     = @@character_set_client */;
/*!40101 SET character_set_client = utf8 */;
CREATE TABLE `budget_type_mapping` (
  `id` bigint(20) NOT NULL AUTO_INCREMENT,
  `entity_type_id` bigint(20) DEFAULT NULL,
  `budget_id` bigint(20) DEFAULT NULL,
  `enabled` bit(1) DEFAULT NULL,
  `created_date` timestamp NOT NULL DEFAULT CURRENT_TIMESTAMP,
  `user_created` bigint(11) DEFAULT NULL,
  `last_update_date` timestamp NULL DEFAULT NULL,
  `last_user_update` bigint(11) DEFAULT NULL,
  PRIMARY KEY (`id`),
  KEY `fk_budget_type_mapping_entity_type_id` (`entity_type_id`),
  KEY `fk_budget_type_mapping_budget_id` (`budget_id`),
  CONSTRAINT `fk_budget_type_mapping_budget_id` FOREIGN KEY (`budget_id`) REFERENCES `budget` (`id`) ON DELETE NO ACTION ON UPDATE NO ACTION,
  CONSTRAINT `fk_budget_type_mapping_entity_type_id` FOREIGN KEY (`entity_type_id`) REFERENCES `entity_type` (`id`) ON DELETE NO ACTION ON UPDATE NO ACTION
) ENGINE=InnoDB AUTO_INCREMENT=81 DEFAULT CHARSET=utf8;
/*!40101 SET character_set_client = @saved_cs_client */;

--
-- Dumping data for table `budget_type_mapping`
--

LOCK TABLES `budget_type_mapping` WRITE;
/*!40000 ALTER TABLE `budget_type_mapping` DISABLE KEYS */;
INSERT INTO `budget_type_mapping` VALUES (1,1,1,NULL,'2014-10-30 08:54:20',NULL,NULL,NULL),(2,1,2,NULL,'2014-10-30 08:54:20',NULL,NULL,NULL),(3,1,3,NULL,'2014-10-30 08:54:20',NULL,NULL,NULL),(4,1,4,NULL,'2014-10-30 08:54:20',NULL,NULL,NULL),(5,1,5,NULL,'2014-10-30 08:54:20',NULL,NULL,NULL),(6,1,6,NULL,'2014-10-30 08:54:20',NULL,NULL,NULL),(7,1,7,NULL,'2014-10-30 08:54:20',NULL,NULL,NULL),(8,1,8,NULL,'2014-10-30 08:54:20',NULL,NULL,NULL),(9,1,9,NULL,'2014-10-30 08:54:20',NULL,NULL,NULL),(10,1,10,NULL,'2014-10-30 08:54:20',NULL,NULL,NULL),(11,1,11,NULL,'2014-10-30 08:54:20',NULL,NULL,NULL),(12,1,12,NULL,'2014-10-30 08:54:20',NULL,NULL,NULL),(13,1,13,NULL,'2014-10-30 08:54:20',NULL,NULL,NULL),(14,1,14,NULL,'2014-10-30 08:54:20',NULL,NULL,NULL),(15,1,15,NULL,'2014-10-30 08:54:20',NULL,NULL,NULL),(16,1,16,NULL,'2014-10-30 08:54:20',NULL,NULL,NULL),(17,1,17,NULL,'2014-10-30 08:54:20',NULL,NULL,NULL),(18,1,18,NULL,'2014-10-30 08:54:20',NULL,NULL,NULL),(19,1,19,NULL,'2014-10-30 08:54:20',NULL,NULL,NULL),(20,1,20,NULL,'2014-10-30 08:54:20',NULL,NULL,NULL),(21,1,23,NULL,'2014-10-30 08:54:20',NULL,NULL,NULL),(22,1,26,NULL,'2014-10-30 08:54:20',NULL,NULL,NULL),(23,1,27,NULL,'2014-10-30 08:54:20',NULL,NULL,NULL),(24,1,28,NULL,'2014-10-30 08:54:20',NULL,NULL,NULL),(25,1,37,NULL,'2014-10-30 08:54:20',NULL,NULL,NULL),(26,3,1,NULL,'2014-10-30 08:54:20',NULL,NULL,NULL),(27,3,2,NULL,'2014-10-30 08:54:20',NULL,NULL,NULL),(28,3,3,NULL,'2014-10-30 08:54:20',NULL,NULL,NULL),(29,3,4,NULL,'2014-10-30 08:54:20',NULL,NULL,NULL),(30,3,5,NULL,'2014-10-30 08:54:20',NULL,NULL,NULL),(31,3,6,NULL,'2014-10-30 08:54:20',NULL,NULL,NULL),(32,3,7,NULL,'2014-10-30 08:54:20',NULL,NULL,NULL),(33,3,8,NULL,'2014-10-30 08:54:20',NULL,NULL,NULL),(34,3,9,NULL,'2014-10-30 08:54:20',NULL,NULL,NULL),(35,3,10,NULL,'2014-10-30 08:54:20',NULL,NULL,NULL),(36,3,11,NULL,'2014-10-30 08:54:20',NULL,NULL,NULL),(37,3,12,NULL,'2014-10-30 08:54:20',NULL,NULL,NULL),(38,3,13,NULL,'2014-10-30 08:54:20',NULL,NULL,NULL),(39,3,14,NULL,'2014-10-30 08:54:20',NULL,NULL,NULL),(40,3,15,NULL,'2014-10-30 08:54:20',NULL,NULL,NULL),(41,3,16,NULL,'2014-10-30 08:54:20',NULL,NULL,NULL),(42,3,17,NULL,'2014-10-30 08:54:20',NULL,NULL,NULL),(43,3,18,NULL,'2014-10-30 08:54:20',NULL,NULL,NULL),(44,3,19,NULL,'2014-10-30 08:54:20',NULL,NULL,NULL),(45,3,20,NULL,'2014-10-30 08:54:20',NULL,NULL,NULL),(46,3,23,NULL,'2014-10-30 08:54:20',NULL,NULL,NULL),(47,3,26,NULL,'2014-10-30 08:54:20',NULL,NULL,NULL),(48,3,27,NULL,'2014-10-30 08:54:20',NULL,NULL,NULL),(49,3,28,NULL,'2014-10-30 08:54:20',NULL,NULL,NULL),(50,3,37,NULL,'2014-10-30 08:54:20',NULL,NULL,NULL),(51,2,7,NULL,'2014-10-30 08:54:20',NULL,NULL,NULL),(52,2,8,NULL,'2014-10-30 08:54:20',NULL,NULL,NULL),(53,2,9,NULL,'2014-10-30 08:54:20',NULL,NULL,NULL),(54,2,10,NULL,'2014-10-30 08:54:20',NULL,NULL,NULL),(55,2,11,NULL,'2014-10-30 08:54:20',NULL,NULL,NULL),(56,2,12,NULL,'2014-10-30 08:54:20',NULL,NULL,NULL),(57,2,13,NULL,'2014-10-30 08:54:20',NULL,NULL,NULL),(58,2,14,NULL,'2014-10-30 08:54:20',NULL,NULL,NULL),(59,2,15,NULL,'2014-10-30 08:54:20',NULL,NULL,NULL),(60,2,16,NULL,'2014-10-30 08:54:20',NULL,NULL,NULL),(61,2,17,NULL,'2014-10-30 08:54:20',NULL,NULL,NULL),(62,2,18,NULL,'2014-10-30 08:54:20',NULL,NULL,NULL),(63,2,19,NULL,'2014-10-30 08:54:20',NULL,NULL,NULL),(64,2,20,NULL,'2014-10-30 08:54:20',NULL,NULL,NULL),(65,2,21,NULL,'2014-10-30 08:54:20',NULL,NULL,NULL),(66,2,22,NULL,'2014-10-30 08:54:20',NULL,NULL,NULL),(67,2,24,NULL,'2014-10-30 08:54:20',NULL,NULL,NULL),(68,2,25,NULL,'2014-10-30 08:54:20',NULL,NULL,NULL),(69,2,26,NULL,'2014-10-30 08:54:20',NULL,NULL,NULL),(70,2,27,NULL,'2014-10-30 08:54:20',NULL,NULL,NULL),(71,2,28,NULL,'2014-10-30 08:54:20',NULL,NULL,NULL),(72,2,29,NULL,'2014-10-30 08:54:20',NULL,NULL,NULL),(73,2,30,NULL,'2014-10-30 08:54:20',NULL,NULL,NULL),(74,2,31,NULL,'2014-10-30 08:54:20',NULL,NULL,NULL),(75,2,32,NULL,'2014-10-30 08:54:20',NULL,NULL,NULL),(76,2,33,NULL,'2014-10-30 08:54:20',NULL,NULL,NULL),(77,2,34,NULL,'2014-10-30 08:54:20',NULL,NULL,NULL),(78,2,35,NULL,'2014-10-30 08:54:20',NULL,NULL,NULL),(79,2,36,NULL,'2014-10-30 08:54:20',NULL,NULL,NULL),(80,2,38,NULL,'2014-10-30 08:54:20',NULL,NULL,NULL);
/*!40000 ALTER TABLE `budget_type_mapping` ENABLE KEYS */;
UNLOCK TABLES;

--
-- Table structure for table `campaign`
--

DROP TABLE IF EXISTS `campaign`;
/*!40101 SET @saved_cs_client     = @@character_set_client */;
/*!40101 SET character_set_client = utf8 */;
CREATE TABLE `campaign` (
  `id` bigint(20) unsigned NOT NULL AUTO_INCREMENT,
  `entity_id` bigint(20) unsigned NOT NULL,
  `name` varchar(200) NOT NULL,
  `url` text NOT NULL,
  `start_date` datetime NOT NULL,
  `end_date` datetime DEFAULT NULL,
  `logo_filename` varchar(512) DEFAULT NULL,
  `status` varchar(45) DEFAULT NULL,
  `button_filename` varchar(512) DEFAULT NULL,
  `created_date` timestamp NOT NULL DEFAULT CURRENT_TIMESTAMP,
  `user_created` bigint(11) DEFAULT NULL,
  `last_update_date` timestamp NULL DEFAULT NULL,
  `last_user_update` bigint(11) DEFAULT NULL,
  PRIMARY KEY (`id`),
  KEY `campaign_entity_id_idx` (`entity_id`),
  CONSTRAINT `fk_campaign_entity_id` FOREIGN KEY (`entity_id`) REFERENCES `entity` (`id`) ON DELETE NO ACTION ON UPDATE NO ACTION
) ENGINE=InnoDB AUTO_INCREMENT=45 DEFAULT CHARSET=utf8;
/*!40101 SET character_set_client = @saved_cs_client */;

--
-- Dumping data for table `campaign`
--

LOCK TABLES `campaign` WRITE;
/*!40000 ALTER TABLE `campaign` DISABLE KEYS */;
INSERT INTO `campaign` VALUES (1,1,'Donation','http://www.redcross.org/','2014-10-09 13:11:57',NULL,'1_5004409183197241.png','archived','button1.png','2014-10-09 13:11:57',1,'2014-10-09 13:11:57',NULL),(2,16,'QA','www.google.com','2014-10-21 11:10:09',NULL,'2_3290530007636491.jpeg','complete','button3.png','2014-10-21 11:10:09',203,'2014-10-21 11:10:09',NULL),(3,17,'Chanukah2014','https://sandiego.secure-fedweb.jewishfederations.org/page/contribute/chanukah14','2014-10-22 04:05:41',NULL,'3_3492272293572863.jpeg','complete','button1.png','2014-10-22 04:05:41',204,'2014-10-22 04:05:41',NULL),(4,22,'5k','https://raceplanner.com/donate/Girls_on_the_Run_of_San_Diego','2014-10-22 04:06:21',NULL,'4_4699900278595914.jpeg','complete','button3.png','2014-10-22 04:06:21',209,'2014-10-22 04:06:21',NULL),(5,18,'Supporting Animals in Need','https://rchumanesociety.org/?page_id=34','2014-10-22 04:09:59',NULL,'5_4006818503421884.jpeg','complete','button2.png','2014-10-22 04:09:59',205,'2014-10-22 04:09:59',NULL),(6,19,'new program','','2014-10-22 04:10:29',NULL,'default-logo.png','incomplete',NULL,'2014-10-22 04:10:29',206,'2014-10-22 04:10:29',NULL),(7,20,'new program','','2014-10-22 04:11:01',NULL,'default-logo.png','incomplete',NULL,'2014-10-22 04:11:01',207,'2014-10-22 04:11:01',NULL),(8,21,'new program','','2014-10-22 04:11:21',NULL,'default-logo.png','incomplete',NULL,'2014-10-22 04:11:21',208,'2014-10-22 04:11:21',NULL),(9,23,'new program','','2014-10-22 04:11:56',NULL,'default-logo.png','incomplete',NULL,'2014-10-22 04:11:56',210,'2014-10-22 04:11:56',NULL),(10,25,'new program','','2014-10-22 04:12:16',NULL,'default-logo.png','incomplete',NULL,'2014-10-22 04:12:16',212,'2014-10-22 04:12:16',NULL),(11,26,'new program','','2014-10-22 04:12:39',NULL,'default-logo.png','incomplete',NULL,'2014-10-22 04:12:39',213,'2014-10-22 04:12:39',NULL),(12,27,'new program','','2014-10-22 04:13:07',NULL,'default-logo.png','incomplete',NULL,'2014-10-22 04:13:07',214,'2014-10-22 04:13:07',NULL),(13,28,'new program','','2014-10-22 04:13:34',NULL,'default-logo.png','incomplete',NULL,'2014-10-22 04:13:34',215,'2014-10-22 04:13:34',NULL),(14,29,'new program','','2014-10-22 04:13:53',NULL,'default-logo.png','incomplete',NULL,'2014-10-22 04:13:53',216,'2014-10-22 04:13:53',NULL),(15,1,'new program','http://www.redcross.org/','2014-10-23 07:14:28',NULL,'default-logo.png','archived',NULL,'2014-10-23 07:14:28',1,'2014-10-23 07:14:28',NULL),(16,1,'new program','http://www.redcross.org/','2014-10-23 07:14:30',NULL,'default-logo.png','archived',NULL,'2014-10-23 07:14:30',1,'2014-10-23 07:14:30',NULL),(17,1,'new program','http://www.redcross.org/','2014-10-23 07:14:58',NULL,'default-logo.png','archived',NULL,'2014-10-23 07:14:58',1,'2014-10-23 07:14:58',NULL),(18,17,'new program','','2014-10-23 19:21:24',NULL,'default-logo.png','archived',NULL,'2014-10-23 19:21:24',204,'2014-10-23 19:21:24',NULL),(19,17,'new program','','2014-10-23 20:19:28',NULL,'default-logo.png','archived',NULL,'2014-10-23 20:19:28',204,'2014-10-23 20:19:28',NULL),(20,31,'new program','','2014-10-27 19:37:33',NULL,'default-logo.png','incomplete',NULL,'2014-10-27 19:37:33',218,'2014-10-27 19:37:33',NULL),(21,17,'Israel','https://sandiego.secure-fedweb.jewishfederations.org/page/contribute/chanukah14','2014-10-27 22:59:07',NULL,'21_3851495466753746.jpeg','complete','button3.png','2014-10-27 22:59:07',204,'2014-10-27 22:59:07',NULL),(22,24,'Safe Parking','http://www.dreamsforchange.org/ways-to-give/donate-on-line/','2014-10-29 20:53:32',NULL,'22_4016820372613170.jpeg','complete','button2.png','2014-10-29 20:53:32',211,'2014-10-29 20:53:32',NULL),(23,32,'QA Oct30, 2014','www.qatest.com','2014-10-30 10:31:38',NULL,'23_4492768260313842.png','complete','button2.png','2014-10-30 10:31:38',219,NULL,NULL),(24,17,'Chaplaincy','https://sandiego.secure-fedweb.jewishfederations.org/page/contribute/jewish-federation-2015','2014-10-30 21:00:37',NULL,'default-logo.png','archived',NULL,'2014-10-30 21:00:37',204,NULL,NULL),(25,17,'Giving Tuesday','https://sandiego.secure-fedweb.jewishfederations.org/page/contribute/givingtuesday','2014-11-03 23:23:07',NULL,'25_4457701551839710.png','complete','button2.png','2014-11-03 23:23:07',204,NULL,NULL),(26,35,'QA Program','www.google.com','2014-11-06 11:30:36',NULL,'26_4674179548317309.jpeg','archived','button2.png','2014-11-06 11:30:36',222,NULL,NULL),(27,35,'QA Program 2','www.qatest.com','2014-11-06 11:36:05',NULL,'27_4674484442501250.jpeg','archived','button1.png','2014-11-06 11:36:05',222,NULL,NULL),(28,35,'QA Program 3','www.qatest3.com','2014-11-06 11:36:33',NULL,'28_4674513558911388.jpeg','archived','button1.png','2014-11-06 11:36:33',222,NULL,NULL),(29,35,'QA','www.google.com','2014-11-06 11:39:59',NULL,'29_4674710735417321.jpeg','complete','button1.png','2014-11-06 11:39:59',222,NULL,NULL),(30,36,'new program','','2014-11-06 11:41:34',NULL,'default-logo.png','archived',NULL,'2014-11-06 11:41:34',223,NULL,NULL),(31,36,'QA test program','www.google.com','2014-11-06 11:42:04',NULL,'31_4674842226164719.jpeg','complete','button3.png','2014-11-06 11:42:04',223,NULL,NULL),(32,38,'new program','','2014-11-11 19:48:54',NULL,'default-logo.png','incomplete',NULL,'2014-11-11 19:48:54',225,NULL,NULL),(33,1,'new program','http://www.redcross.org/','2014-11-19 16:35:10',NULL,'default-logo.png','archived',NULL,'2014-11-19 09:35:10',1,NULL,NULL),(34,1,'new program 1','http://www.redcross.org/','2014-11-27 10:34:55',NULL,'34_57156682397388.png','archived','button1.png','2014-11-27 03:34:55',1,NULL,NULL),(35,41,'new program','','2014-12-03 14:37:05',NULL,'default-logo.png','incomplete',NULL,'2014-12-03 07:37:05',228,NULL,NULL),(36,1,'new program 2','http://www.redcross.org/','2014-12-03 16:37:24',NULL,'36_593333844057644.png','archived',NULL,'2014-12-03 09:37:24',1,NULL,NULL),(37,1,'new program 1','http://www.redcross.org/','2014-12-03 16:45:22',NULL,'37_593484900502499.png','archived',NULL,'2014-12-03 09:45:22',1,NULL,NULL),(38,1,'new program','http://www.redcross.org/','2014-12-03 16:48:50',NULL,'default-logo.png','archived',NULL,'2014-12-03 09:48:50',1,NULL,NULL),(39,1,'new program','http://www.redcross.org/','2014-12-03 16:49:34',NULL,'39_593791682920481.png','incomplete',NULL,'2014-12-03 09:49:34',1,NULL,NULL),(40,1,'new program','dsfgdgdfg.com','2014-12-03 16:59:33',NULL,'40_594636837043815.png','complete','button1.png','2014-12-03 09:59:33',1,NULL,NULL),(41,44,'Long-Program 01','www.mydonation.info','2014-12-03 17:28:04',NULL,'41_596465908836719.png','complete','button1.png','2014-12-03 10:28:04',231,NULL,NULL),(42,45,'new program 2','www.sfsd.sdfsdfsdofim','2014-12-03 19:00:35',NULL,'42_601608437664017.png','complete','button1.png','2014-12-03 12:00:35',232,NULL,NULL),(43,45,'new program 3','sdfsdf.sfsdf.sdfsd','2014-12-03 19:05:35',NULL,'43_601876420734742.png','archived','button3.png','2014-12-03 12:05:35',232,NULL,NULL),(44,45,'new program','sadsa.sds.sdfsd','2014-12-04 14:59:20',NULL,'44_677701927317638.png','incomplete',NULL,'2014-12-04 07:59:20',232,NULL,NULL);
/*!40000 ALTER TABLE `campaign` ENABLE KEYS */;
UNLOCK TABLES;

--
-- Table structure for table `donation`
--

DROP TABLE IF EXISTS `donation`;
/*!40101 SET @saved_cs_client     = @@character_set_client */;
/*!40101 SET character_set_client = utf8 */;
CREATE TABLE `donation` (
  `id` bigint(20) unsigned NOT NULL AUTO_INCREMENT,
  `campaign_id` bigint(20) unsigned NOT NULL,
  `permission_ID` bigint(20) unsigned NOT NULL,
  `fullname` varchar(512) NOT NULL,
  `amount_money` decimal(15,2) DEFAULT NULL,
  `amount_time` decimal(15,2) DEFAULT NULL,
  `donation_made_on` datetime DEFAULT NULL,
  `security_code` bigint(20) DEFAULT NULL,
  `session_id` varchar(50) DEFAULT NULL,
  `ip_address` varchar(255) DEFAULT NULL,
  `postal_code` varchar(45) DEFAULT NULL,
  `user_agent` varchar(250) DEFAULT NULL,
  `referer` text,
  `donation_channel_id` bigint(20) unsigned DEFAULT NULL,
  `status` varchar(25) DEFAULT NULL,
  `created_date` timestamp NOT NULL DEFAULT CURRENT_TIMESTAMP,
  `user_created` bigint(11) DEFAULT NULL,
  `last_update_date` timestamp NULL DEFAULT NULL,
  `last_user_update` bigint(11) DEFAULT NULL,
  PRIMARY KEY (`id`),
  KEY `donation_permission_id_idx` (`permission_ID`),
  KEY `donation_campaign_id_idx` (`campaign_id`),
  KEY `fk_donation_channel_id` (`donation_channel_id`),
  CONSTRAINT `fk_donation_campaign_id` FOREIGN KEY (`campaign_id`) REFERENCES `campaign` (`id`) ON DELETE NO ACTION ON UPDATE NO ACTION,
  CONSTRAINT `fk_donation_channel_id` FOREIGN KEY (`donation_channel_id`) REFERENCES `donation_channel` (`id`) ON DELETE NO ACTION ON UPDATE NO ACTION,
  CONSTRAINT `fk_donation_permission_id` FOREIGN KEY (`permission_ID`) REFERENCES `permission` (`id`) ON DELETE NO ACTION ON UPDATE NO ACTION
) ENGINE=InnoDB AUTO_INCREMENT=148 DEFAULT CHARSET=utf8;
/*!40101 SET character_set_client = @saved_cs_client */;

--
-- Dumping data for table `donation`
--

LOCK TABLES `donation` WRITE;
/*!40000 ALTER TABLE `donation` DISABLE KEYS */;
INSERT INTO `donation` VALUES (16,3,1,'DONOR_NAME',100.00,NULL,'2014-10-24 04:46:34',-1104723805228394986,'6BBF25FC155DBCAC58261D458C206D57','172.31.36.90','123','Mozilla/5.0 (Windows NT 6.3; WOW64) AppleWebKit/537.36 (KHTML, like Gecko) Chrome/37.0.2062.124 Safari/537.36',NULL,NULL,NULL,'2014-10-24 04:46:34',NULL,NULL,NULL),(17,3,1,'Jane Smith',100.00,NULL,'2014-10-27 15:35:43',-705094196626085510,'FE37076F2A3712D43722FBB9B4C27BA7','172.31.36.90','92101','Mozilla/5.0 (Windows NT 6.3; WOW64) AppleWebKit/537.36 (KHTML, like Gecko) Chrome/38.0.2125.104 Safari/537.36',NULL,NULL,NULL,'2014-10-27 15:35:43',NULL,NULL,NULL),(18,3,1,'Jane Smith',100.00,NULL,'2014-10-27 15:53:15',-705094196626085510,'83DC719D21B01B03885491742DAD2DA7','172.31.1.194','92101','Mozilla/5.0 (Windows NT 6.3; WOW64) AppleWebKit/537.36 (KHTML, like Gecko) Chrome/38.0.2125.104 Safari/537.36',NULL,NULL,NULL,'2014-10-27 15:53:15',NULL,NULL,NULL),(19,3,1,'Jane Smith',100.00,NULL,'2014-10-27 16:01:08',-705094196626085510,'6F0BDE27B212C76B5365674AD86EE517','172.31.36.90','92101','Mozilla/5.0 (Macintosh; Intel Mac OS X 10_9_5) AppleWebKit/600.1.17 (KHTML, like Gecko) Version/7.1 Safari/537.85.10',NULL,NULL,NULL,'2014-10-27 16:01:08',NULL,NULL,NULL),(20,3,1,'Jane Smith',100.00,NULL,'2014-10-27 22:39:08',-705094196626085510,'D5DB34D935BAF7B8A5B8770B8D7B359C','172.31.36.90','92101','Mozilla/5.0 (Windows NT 6.1; WOW64) AppleWebKit/537.36 (KHTML, like Gecko) Chrome/38.0.2125.104 Safari/537.36','https://www.fedwebpreview.org/page/editor/12815/7668',NULL,NULL,'2014-10-27 22:39:08',NULL,NULL,NULL),(21,3,1,'DONOR_NAME',100.00,NULL,'2014-10-27 22:39:08',1208765764937320029,'E76F782642407ACC890F63472DCF572D','172.31.36.90','92101','Mozilla/5.0 (Windows NT 6.1; WOW64) AppleWebKit/537.36 (KHTML, like Gecko) Chrome/38.0.2125.104 Safari/537.36','https://www.fedwebpreview.org/page/editor/12815/7668',NULL,NULL,'2014-10-27 22:39:08',NULL,NULL,NULL),(22,3,1,'Jane Smith',100.00,NULL,'2014-10-27 22:44:44',-705094196626085510,'1C11B5D8323512F404BD281103FDAC88','172.31.1.194','92101','Mozilla/5.0 (Windows NT 6.1; WOW64) AppleWebKit/537.36 (KHTML, like Gecko) Chrome/38.0.2125.104 Safari/537.36','http://jewishinsandiego.fedwebpreview.org/ways-to-give/posiba',NULL,NULL,'2014-10-27 22:44:44',NULL,NULL,NULL),(23,3,1,'DONOR_NAME',100.00,NULL,'2014-10-27 22:44:44',1208765764937320029,'B47B8A60147D2BE4269F82B6AC2E7DFF','172.31.1.194','92101','Mozilla/5.0 (Windows NT 6.1; WOW64) AppleWebKit/537.36 (KHTML, like Gecko) Chrome/38.0.2125.104 Safari/537.36','http://jewishinsandiego.fedwebpreview.org/ways-to-give/posiba',NULL,NULL,'2014-10-27 22:44:44',NULL,NULL,NULL),(24,3,1,'Jane Smith',100.00,NULL,'2014-10-27 22:53:02',-705094196626085510,'D5723184C321F6CAE337A0E06BA96771','172.31.1.194','92101','Mozilla/5.0 (Windows NT 6.1; WOW64) AppleWebKit/537.36 (KHTML, like Gecko) Chrome/38.0.2125.104 Safari/537.36','https://www.fedwebpreview.org/page/editor/12815/7668',NULL,NULL,'2014-10-27 22:53:02',NULL,NULL,NULL),(25,3,1,'Jane Smith',100.00,NULL,'2014-10-27 22:56:45',-705094196626085510,'2CEA083BCE32986062BCCD44D25BA39F','172.31.1.194','92101','Mozilla/5.0 (Windows NT 6.1; WOW64) AppleWebKit/537.36 (KHTML, like Gecko) Chrome/38.0.2125.104 Safari/537.36','http://jewishinsandiego.fedwebpreview.org/ways-to-give/posiba',NULL,NULL,'2014-10-27 22:56:45',NULL,NULL,NULL),(26,3,1,'Jane Smith',100.00,NULL,'2014-10-27 23:00:44',-705094196626085510,'49B5F11C43CB0B1B9AB86A19AE872EFE','172.31.1.194','92101','Mozilla/5.0 (Windows NT 6.1; WOW64) AppleWebKit/537.36 (KHTML, like Gecko) Chrome/38.0.2125.104 Safari/537.36','https://www.fedwebpreview.org/page/editor/12815/7668',NULL,NULL,'2014-10-27 23:00:44',NULL,NULL,NULL),(27,21,1,'Amy Brown',18000.00,NULL,'2014-10-27 23:01:31',-8459386062742428131,'BBADB33D5FE856D0E1FFBC3EE249F312','172.31.1.194','92104','Mozilla/5.0 (Windows NT 6.1; WOW64) AppleWebKit/537.36 (KHTML, like Gecko) Chrome/38.0.2125.104 Safari/537.36','https://www.fedwebpreview.org/page/editor/12815/7668',NULL,NULL,'2014-10-27 23:01:31',NULL,NULL,NULL),(28,3,1,'Jane Smith',100.00,NULL,'2014-10-27 23:01:37',-705094196626085510,'ED8C45C9ACB6ADD0F3DA92863082A026','172.31.36.90','92101','Mozilla/5.0 (Windows NT 6.1; WOW64) AppleWebKit/537.36 (KHTML, like Gecko) Chrome/38.0.2125.104 Safari/537.36','http://jewishinsandiego.fedwebpreview.org/ways-to-give/posiba',NULL,NULL,'2014-10-27 23:01:37',NULL,NULL,NULL),(29,21,1,'Amy Brown',18000.00,NULL,'2014-10-27 23:05:49',-8459386062742428131,'772530FA1F6E5F441ADEAB5C10F975CC','172.31.1.194','92104','Mozilla/5.0 (Windows NT 6.1; WOW64) AppleWebKit/537.36 (KHTML, like Gecko) Chrome/38.0.2125.104 Safari/537.36','http://jewishinsandiego.fedwebpreview.org/ways-to-give/posiba',NULL,NULL,'2014-10-27 23:05:49',NULL,NULL,NULL),(30,3,1,'Jane Smith',100.00,NULL,'2014-10-27 23:05:49',-705094196626085510,'833FCE95D1B537D92B08E77F628DC098','172.31.1.194','92101','Mozilla/5.0 (Windows NT 6.1; WOW64) AppleWebKit/537.36 (KHTML, like Gecko) Chrome/38.0.2125.104 Safari/537.36','http://jewishinsandiego.fedwebpreview.org/ways-to-give/posiba',NULL,NULL,'2014-10-27 23:05:49',NULL,NULL,NULL),(31,3,1,'Jane Smith',100.00,NULL,'2014-10-27 23:07:14',-705094196626085510,'503C06F1DD8F3E9033D53F47DCE9B8B2','172.31.1.194','92101','Mozilla/5.0 (Macintosh; Intel Mac OS X 10_9_5) AppleWebKit/600.1.17 (KHTML, like Gecko) Version/7.1 Safari/537.85.10',NULL,NULL,NULL,'2014-10-27 23:07:14',NULL,NULL,NULL),(32,21,1,'Amy Brown',18000.00,NULL,'2014-10-27 23:11:09',-8459386062742428131,'84D9EC0DFF63D7E84E0D7E142FC697D9','172.31.1.194','92104','Mozilla/5.0 (Windows NT 6.1; WOW64) AppleWebKit/537.36 (KHTML, like Gecko) Chrome/38.0.2125.104 Safari/537.36','https://www.fedwebpreview.org/page/editor/12815/7668',NULL,NULL,'2014-10-27 23:11:09',NULL,NULL,NULL),(33,21,1,'DONOR_NAME',18000.00,NULL,'2014-10-27 23:11:09',2510535515014114526,'4382F128465A363A89E3E31D175B8B81','172.31.1.194','92104','Mozilla/5.0 (Windows NT 6.1; WOW64) AppleWebKit/537.36 (KHTML, like Gecko) Chrome/38.0.2125.104 Safari/537.36','https://www.fedwebpreview.org/page/editor/12815/7668',NULL,NULL,'2014-10-27 23:11:09',NULL,NULL,NULL),(34,3,1,'Jane Smith',100.00,NULL,'2014-10-27 23:11:09',-705094196626085510,'E3DB021230ED0A9D24F219E206A100D3','172.31.1.194','92101','Mozilla/5.0 (Windows NT 6.1; WOW64) AppleWebKit/537.36 (KHTML, like Gecko) Chrome/38.0.2125.104 Safari/537.36','https://www.fedwebpreview.org/page/editor/12815/7668',NULL,NULL,'2014-10-27 23:11:09',NULL,NULL,NULL),(35,21,1,'Amy Brown',18000.00,NULL,'2014-10-27 23:17:37',-8459386062742428131,'692B038CFFBCC6AAA0C61DCFC3AB21E2','172.31.1.194','92104','Mozilla/5.0 (Windows NT 6.1; WOW64) AppleWebKit/537.36 (KHTML, like Gecko) Chrome/38.0.2125.104 Safari/537.36','https://sandiego.secure-fedweb.jewishfederations.org/modules/invite/admin/invite_preview.php?page_wrapper_id=&subject=&body=&edit_subject=false&edit_body=false',NULL,NULL,'2014-10-27 23:17:37',NULL,NULL,NULL),(36,21,1,'Amy Brown',18000.00,NULL,'2014-10-27 23:20:24',-8459386062742428131,'2A8230E0DC14B7A5C591F056F996CBCE','172.31.36.90','92104','Mozilla/5.0 (Windows NT 6.1; WOW64) AppleWebKit/537.36 (KHTML, like Gecko) Chrome/38.0.2125.104 Safari/537.36','https://sandiego.secure-fedweb.jewishfederations.org/modules/invite/admin/invite_preview.php?page_wrapper_id=&subject=&body=&edit_subject=false&edit_body=false',NULL,NULL,'2014-10-27 23:20:24',NULL,NULL,NULL),(37,21,1,'Amy Brown',18000.00,NULL,'2014-10-27 23:28:14',-8459386062742428131,'D858303F4F33A07F92649EF90DA625BC','172.31.1.194','92104','Mozilla/5.0 (Windows NT 6.1; WOW64) AppleWebKit/537.36 (KHTML, like Gecko) Chrome/38.0.2125.104 Safari/537.36','http://jewishinsandiego.fedwebpreview.org/ways-to-give/posiba',NULL,NULL,'2014-10-27 23:28:14',NULL,NULL,NULL),(38,21,1,'Amy Brown',18000.00,NULL,'2014-10-27 23:29:32',-8459386062742428131,'1637BF0B5A4F0C01759A441D4F3913D3','172.31.36.90','92104','Mozilla/5.0 (Windows NT 6.1; WOW64) AppleWebKit/537.36 (KHTML, like Gecko) Chrome/38.0.2125.104 Safari/537.36','http://jewishinsandiego.fedwebpreview.org/ways-to-give/posiba',NULL,NULL,'2014-10-27 23:29:32',NULL,NULL,NULL),(39,21,1,'Amy Brown',18000.00,NULL,'2014-10-28 17:57:37',-8459386062742428131,'83C938FA28502C6BB55C544E1B7DB2EA','172.31.1.194','92104','Mozilla/5.0 (Macintosh; Intel Mac OS X 10_10_0) AppleWebKit/537.36 (KHTML, like Gecko) Chrome/38.0.2125.104 Safari/537.36','http://jewishinsandiego.fedwebpreview.org/ways-to-give/posiba',NULL,NULL,'2014-10-28 17:57:37',NULL,NULL,NULL),(40,21,1,'Amy Brown',18000.00,NULL,'2014-10-28 21:38:15',-8459386062742428131,'9250AE0673C92636741E0CB9DB76F42B','172.31.1.194','92104','Mozilla/5.0 (Windows NT 6.1; WOW64) AppleWebKit/537.36 (KHTML, like Gecko) Chrome/38.0.2125.111 Safari/537.36','http://jewishinsandiego.fedwebpreview.org/ways-to-give/posiba',NULL,NULL,'2014-10-28 21:38:15',NULL,NULL,NULL),(41,3,1,'Jane Smith',100.00,123.00,'2014-10-29 02:54:04',-4935659376382732062,'BB37C4B3F367196158E202A9E977CF5A','172.31.1.194','123456','Mozilla/5.0 (Windows NT 6.3; WOW64) AppleWebKit/537.36 (KHTML, like Gecko) Chrome/38.0.2125.104 Safari/537.36','https://givn.social/thankyou',NULL,NULL,'2014-10-29 02:54:04',NULL,NULL,NULL),(42,21,1,'Amy Brown',18000.00,NULL,'2014-10-30 09:45:18',-8459386062742428131,'5B4C30D20F94C25784B27830E6628132','172.31.1.194','92104','Mozilla/5.0 (Windows NT 6.3; WOW64) AppleWebKit/537.36 (KHTML, like Gecko) Chrome/38.0.2125.111 Safari/537.36','http://jewishinsandiego.fedwebpreview.org/ways-to-give/posiba',NULL,NULL,'2014-10-30 09:45:18',NULL,NULL,NULL),(43,21,1,'Amy Brown',18000.00,NULL,'2014-10-30 09:52:19',-8459386062742428131,'E0A7DC218F12AFA896011FE465863785','172.31.1.194','92104','Mozilla/5.0 (Windows NT 6.3; WOW64; rv:33.0) Gecko/20100101 Firefox/33.0','http://jewishinsandiego.fedwebpreview.org/ways-to-give/posiba',NULL,NULL,'2014-10-30 09:52:19',NULL,NULL,NULL),(44,21,1,'Amy Brown',18000.00,NULL,'2014-10-30 10:24:43',-8459386062742428131,'B7874360BAE066825FD71F4D70489ADF','172.31.1.194','92104','Mozilla/5.0 (Windows NT 6.3; WOW64; rv:32.0) Gecko/20100101 Firefox/32.0','http://jewishinsandiego.fedwebpreview.org/ways-to-give/posiba',NULL,NULL,'2014-10-30 10:24:43',NULL,NULL,NULL),(45,21,1,'Amy Brown',18000.00,NULL,'2014-10-30 10:27:27',-8459386062742428131,'44D43FBD2EB6EAC23842A98C92891731','172.31.36.90','92104','Mozilla/5.0 (Windows NT 6.3; WOW64; rv:33.0) Gecko/20100101 Firefox/33.0','http://jewishinsandiego.fedwebpreview.org/ways-to-give/posiba',NULL,NULL,'2014-10-30 10:27:27',NULL,NULL,NULL),(46,21,1,'Amy Brown',18000.00,NULL,'2014-10-30 10:28:27',-8459386062742428131,'BC85739BADE32D83335457BDB0C993F6','172.31.1.194','92104','Mozilla/5.0 (Windows NT 6.3; WOW64) AppleWebKit/537.36 (KHTML, like Gecko) Chrome/38.0.2125.111 Safari/537.36','http://jewishinsandiego.fedwebpreview.org/ways-to-give/posiba',NULL,NULL,'2014-10-30 10:28:27',NULL,NULL,NULL),(47,21,1,'Amy Brown',18000.00,NULL,'2014-10-30 10:32:43',-8459386062742428131,'59073BAECB18A747D00FA37BE92434BD','172.31.1.194','92104','Mozilla/5.0 (Windows NT 6.3; WOW64) AppleWebKit/537.36 (KHTML, like Gecko) Chrome/38.0.2125.111 Safari/537.36','http://jewishinsandiego.fedwebpreview.org/ways-to-give/posiba',NULL,NULL,'2014-10-30 10:32:43',NULL,NULL,NULL),(58,21,1,'Amy Brown',18000.00,NULL,'2014-10-30 10:51:31',-8459386062742428131,'0489F6F83AF5CB9B1A18AE95D0F32636','172.31.36.90','92104','Mozilla/5.0 (Windows NT 6.3; WOW64; rv:32.0) Gecko/20100101 Firefox/32.0','http://jewishinsandiego.fedwebpreview.org/ways-to-give/posiba',NULL,NULL,'2014-10-30 10:51:31',NULL,NULL,NULL),(69,21,1,'Amy Brown',18000.00,NULL,'2014-10-30 11:04:12',-8459386062742428131,'CC2A0B5D76640AB735A33A0B57190FB0','172.31.1.194','92104','Mozilla/5.0 (Windows NT 6.3; WOW64) AppleWebKit/537.36 (KHTML, like Gecko) Chrome/38.0.2125.111 Safari/537.36','http://jewishinsandiego.fedwebpreview.org/ways-to-give/posiba',NULL,NULL,'2014-10-30 11:04:12',NULL,NULL,NULL),(73,21,1,'TestTestTest',36.00,NULL,'2014-10-30 11:21:17',-6991206456955990117,'EFB7F200D1BC6D572B7778A8727D0459','172.31.36.90','12345','Mozilla/5.0 (Windows NT 6.3; WOW64) AppleWebKit/537.36 (KHTML, like Gecko) Chrome/38.0.2125.111 Safari/537.36','http://localhost:8080/resources/jewishfederations/thankyou.html?slug=jewish-federation-2015&submission_key=H2lnNU_DG8R7o1wYy0yiFhX9kevn6CSp&http_referer=&event_attendee_id=&outreach_page_id=&stg_signup_id=&mailing_link_id=&mailing_recipient_id=&match_campaign_id=&match_is_pledge=&pledge_is_convert=&contributor_key=&quick_donate_populated=0&device_fingerprint=0&default_country=US&signup_optin_required=1&cc_number_ack=&country=US&prefix=&firstname=Test&middlename=Test&lastname=Test&suffix=&addr1=&addr2=&city=&state_cd=CA&zip=12345&email=&phone=&amount=36&amount_other=&cc_number=&cc_cvv=&cc_expir_month=&cc_expir_year=&honoree_in_memoriam=-1&honoree_name=&honoree_recipient_name=&honoree_email=&bestcontacttime=',NULL,NULL,'2014-10-30 11:21:17',NULL,NULL,NULL),(75,21,1,'DangHuynhHai',72.00,NULL,'2014-10-30 11:24:37',4751805881975135813,'5BEDD8F5FBB13FCC5A58B5E6B5CAFAC5','172.31.1.194','12345','Mozilla/5.0 (Windows NT 6.3; WOW64) AppleWebKit/537.36 (KHTML, like Gecko) Chrome/38.0.2125.111 Safari/537.36','http://localhost:8080/resources/jewishfederations/thankyou.html?slug=jewish-federation-2015&submission_key=H2lnNU_DG8R7o1wYy0yiFhX9kevn6CSp&http_referer=&event_attendee_id=&outreach_page_id=&stg_signup_id=&mailing_link_id=&mailing_recipient_id=&match_campaign_id=&match_is_pledge=&pledge_is_convert=&contributor_key=&quick_donate_populated=0&device_fingerprint=0&default_country=US&signup_optin_required=1&cc_number_ack=&country=US&prefix=&firstname=Dang&middlename=Huynh&lastname=Hai&suffix=&addr1=&addr2=&city=&state_cd=CA&zip=12345&email=&phone=&amount=72&amount_other=&cc_number=&cc_cvv=&cc_expir_month=&cc_expir_year=&honoree_in_memoriam=-1&honoree_name=&honoree_recipient_name=&honoree_email=&bestcontacttime=',NULL,NULL,'2014-10-30 11:24:37',NULL,NULL,NULL),(76,21,1,'PeterHuynhHai',25.00,NULL,'2014-10-30 11:25:17',5833875708394743457,'F093B3123BB68703AE4F0579DE8B83C9','172.31.1.194','546','Mozilla/5.0 (Windows NT 6.3; WOW64) AppleWebKit/537.36 (KHTML, like Gecko) Chrome/38.0.2125.111 Safari/537.36','http://localhost:8080/resources/jewishfederations/thankyou.html?slug=jewish-federation-2015&submission_key=H2lnNU_DG8R7o1wYy0yiFhX9kevn6CSp&http_referer=&event_attendee_id=&outreach_page_id=&stg_signup_id=&mailing_link_id=&mailing_recipient_id=&match_campaign_id=&match_is_pledge=&pledge_is_convert=&contributor_key=&quick_donate_populated=0&device_fingerprint=0&default_country=US&signup_optin_required=1&cc_number_ack=&country=US&prefix=&firstname=Peter&middlename=Huynh&lastname=Hai&suffix=&addr1=&addr2=&city=&state_cd=CA&zip=546&email=&phone=&amount=25&amount_other=&cc_number=&cc_cvv=&cc_expir_month=&cc_expir_year=&honoree_in_memoriam=-1&honoree_name=&honoree_recipient_name=&honoree_email=&bestcontacttime=',NULL,NULL,'2014-10-30 11:25:17',NULL,NULL,NULL),(78,21,1,'PeterHuynhHai',568.00,NULL,'2014-10-30 11:27:19',-2793649850221743093,'E9A9AFBC8A7A903414929994D89DC64A','172.31.36.90','546','Mozilla/5.0 (Windows NT 6.3; WOW64) AppleWebKit/537.36 (KHTML, like Gecko) Chrome/38.0.2125.111 Safari/537.36','http://localhost:8080/resources/jewishfederations/thankyou.html?slug=jewish-federation-2015&submission_key=H2lnNU_DG8R7o1wYy0yiFhX9kevn6CSp&http_referer=&event_attendee_id=&outreach_page_id=&stg_signup_id=&mailing_link_id=&mailing_recipient_id=&match_campaign_id=&match_is_pledge=&pledge_is_convert=&contributor_key=&quick_donate_populated=0&device_fingerprint=0&default_country=US&signup_optin_required=1&cc_number_ack=&country=US&prefix=&firstname=Peter&middlename=Huynh&lastname=Hai&suffix=&addr1=&addr2=&city=&state_cd=CA&zip=546&email=&phone=&amount=other&amount_other=568&cc_number=&cc_cvv=&cc_expir_month=&cc_expir_year=&honoree_in_memoriam=-1&honoree_name=&honoree_recipient_name=&honoree_email=&bestcontacttime=',NULL,NULL,'2014-10-30 11:27:19',NULL,NULL,NULL),(79,21,1,'DangHuynh',180.00,NULL,'2014-10-30 11:28:03',1637184336154815192,'BE7659EF1BF4240F990EBFD9873E24C6','172.31.36.90','12345689','Mozilla/5.0 (Windows NT 6.3; WOW64; Trident/7.0; rv:11.0) like Gecko','http://localhost:8080/resources/jewishfederations/thankyou.html?slug=jewish-federation-2015&submission_key=H2lnNU_DG8R7o1wYy0yiFhX9kevn6CSp&http_referer=&event_attendee_id=&outreach_page_id=&stg_signup_id=&mailing_link_id=&mailing_recipient_id=&match_campaign_id=&match_is_pledge=&pledge_is_convert=&contributor_key=&quick_donate_populated=0&device_fingerprint=0&default_country=US&signup_optin_required=1&cc_number_ack=&country=US&prefix=&firstname=Dang&middlename=&lastname=Huynh&suffix=&addr1=&addr2=&city=&state_cd=CA&zip=12345689&email=&phone=&amount=180&amount_other=&cc_number=&cc_cvv=&cc_expir_month=&cc_expir_year=&honoree_in_memoriam=-1&honoree_name=&honoree_recipient_name=&honoree_email=&bestcontacttime=',NULL,NULL,'2014-10-30 11:28:03',NULL,NULL,NULL),(80,21,1,'PeterHuynhHai',568.00,NULL,'2014-10-30 11:28:47',-2793649850221743093,'3FB6E094F024D513C70446066AF53675','172.31.1.194','546','Mozilla/5.0 (Windows NT 6.3; WOW64) AppleWebKit/537.36 (KHTML, like Gecko) Chrome/38.0.2125.111 Safari/537.36','http://localhost:8080/resources/jewishfederations/thankyou.html?slug=jewish-federation-2015&submission_key=H2lnNU_DG8R7o1wYy0yiFhX9kevn6CSp&http_referer=&event_attendee_id=&outreach_page_id=&stg_signup_id=&mailing_link_id=&mailing_recipient_id=&match_campaign_id=&match_is_pledge=&pledge_is_convert=&contributor_key=&quick_donate_populated=0&device_fingerprint=0&default_country=US&signup_optin_required=1&cc_number_ack=&country=US&prefix=&firstname=Peter&middlename=Huynh&lastname=Hai&suffix=&addr1=&addr2=&city=&state_cd=CA&zip=546&email=&phone=&amount=other&amount_other=568&cc_number=&cc_cvv=&cc_expir_month=&cc_expir_year=&honoree_in_memoriam=-1&honoree_name=&honoree_recipient_name=&honoree_email=&bestcontacttime=',NULL,NULL,'2014-10-30 11:28:47',NULL,NULL,NULL),(81,21,1,'Peter Huynh Hai',50.00,NULL,'2014-10-30 11:30:45',6377682752391320985,'259E22505204C94BA53704FC4A68D2EB','172.31.36.90','12345','Mozilla/5.0 (Windows NT 6.3; WOW64) AppleWebKit/537.36 (KHTML, like Gecko) Chrome/38.0.2125.111 Safari/537.36','http://localhost:8080/resources/jewishfederations/thankyou.html?slug=jewish-federation-2015&submission_key=H2lnNU_DG8R7o1wYy0yiFhX9kevn6CSp&http_referer=&event_attendee_id=&outreach_page_id=&stg_signup_id=&mailing_link_id=&mailing_recipient_id=&match_campaign_id=&match_is_pledge=&pledge_is_convert=&contributor_key=&quick_donate_populated=0&device_fingerprint=0&default_country=US&signup_optin_required=1&cc_number_ack=&country=US&prefix=&firstname=Peter&middlename=Huynh&lastname=Hai&suffix=&addr1=&addr2=&city=&state_cd=CA&zip=12345&email=&phone=&amount=50&amount_other=&cc_number=&cc_cvv=&cc_expir_month=&cc_expir_year=&honoree_in_memoriam=-1&honoree_name=&honoree_recipient_name=&honoree_email=&bestcontacttime=',NULL,NULL,'2014-10-30 11:30:45',NULL,NULL,NULL),(82,21,1,'Dang  Huynh',180.00,NULL,'2014-10-30 11:33:10',-3771037629550322186,'D4AD84EC9DEDEE1AF754F533AA980813','172.31.36.90','1564','Mozilla/5.0 (Windows NT 6.3; WOW64; rv:32.0) Gecko/20100101 Firefox/32.0','http://localhost:8080/resources/jewishfederations/thankyou.html?slug=jewish-federation-2015&submission_key=H2lnNU_DG8R7o1wYy0yiFhX9kevn6CSp&http_referer=&event_attendee_id=&outreach_page_id=&stg_signup_id=&mailing_link_id=&mailing_recipient_id=&match_campaign_id=&match_is_pledge=&pledge_is_convert=&contributor_key=&quick_donate_populated=0&device_fingerprint=0&default_country=US&signup_optin_required=1&cc_number_ack=&country=US&prefix=&firstname=Dang&middlename=&lastname=Huynh&suffix=&addr1=&addr2=&city=&state_cd=CA&zip=1564&email=&phone=&amount=180&amount_other=&cc_number=&cc_cvv=&cc_expir_month=&cc_expir_year=&honoree_in_memoriam=-1&honoree_name=&honoree_recipient_name=&honoree_email=&bestcontacttime=',NULL,NULL,'2014-10-30 11:33:10',NULL,NULL,NULL),(83,21,1,'Peter Test Hai',180.00,NULL,'2014-10-30 12:14:29',-5899874492323207941,'525D312575EFD5015206DD0E677666AD','172.31.1.194','12345','Mozilla/5.0 (Windows NT 6.3; WOW64) AppleWebKit/537.36 (KHTML, like Gecko) Chrome/38.0.2125.111 Safari/537.36','http://ec2-54-68-242-30.us-west-2.compute.amazonaws.com/resources/jewishfederations/Jewish_thankyou.html?slug=jewish-federation-2015&submission_key=H2lnNU_DG8R7o1wYy0yiFhX9kevn6CSp&http_referer=&event_attendee_id=&outreach_page_id=&stg_signup_id=&mailing_link_id=&mailing_recipient_id=&match_campaign_id=&match_is_pledge=&pledge_is_convert=&contributor_key=&quick_donate_populated=0&device_fingerprint=0&default_country=US&signup_optin_required=1&cc_number_ack=&country=US&prefix=&firstname=Peter&middlename=Test&lastname=Hai&suffix=&addr1=&addr2=&city=&state_cd=CA&zip=12345&email=&phone=&amount=180&amount_other=&cc_number=&cc_cvv=&cc_expir_month=&cc_expir_year=&honoree_in_memoriam=-1&honoree_name=&honoree_recipient_name=&honoree_email=&bestcontacttime=',NULL,NULL,'2014-10-30 12:14:29',NULL,NULL,NULL),(84,3,1,'Jane Smith',100.00,NULL,'2014-10-30 12:20:58',-4935659376382732062,'19A216412F561F86F00D78F346F1C4A0','172.31.1.194','123456','Mozilla/5.0 (Windows NT 6.3; WOW64; rv:33.0) Gecko/20100101 Firefox/33.0','https://givn.social/thankyou',NULL,NULL,'2014-10-30 12:20:58',NULL,NULL,NULL),(85,21,1,'Peter Test Hai',180.00,NULL,'2014-10-30 12:24:24',-5899874492323207941,'97B6E3F25ECD7AD2E8F2E8CDBDEE0C6E','172.31.36.90','12345','Mozilla/5.0 (Windows NT 6.3; WOW64) AppleWebKit/537.36 (KHTML, like Gecko) Chrome/38.0.2125.111 Safari/537.36','http://ec2-54-68-242-30.us-west-2.compute.amazonaws.com/resources/jewishfederations/Jewish_thankyou.html?slug=jewish-federation-2015&submission_key=H2lnNU_DG8R7o1wYy0yiFhX9kevn6CSp&http_referer=&event_attendee_id=&outreach_page_id=&stg_signup_id=&mailing_link_id=&mailing_recipient_id=&match_campaign_id=&match_is_pledge=&pledge_is_convert=&contributor_key=&quick_donate_populated=0&device_fingerprint=0&default_country=US&signup_optin_required=1&cc_number_ack=&country=US&prefix=&firstname=Peter&middlename=Test&lastname=Hai&suffix=&addr1=&addr2=&city=&state_cd=CA&zip=12345&email=&phone=&amount=180&amount_other=&cc_number=&cc_cvv=&cc_expir_month=&cc_expir_year=&honoree_in_memoriam=-1&honoree_name=&honoree_recipient_name=&honoree_email=&bestcontacttime=',NULL,NULL,'2014-10-30 12:24:24',NULL,NULL,NULL),(86,21,1,'A QUOC C',36.00,NULL,'2014-10-30 12:25:45',5061339006712666223,'45307D4E5DEFAB055B6CFF50FA77E451','172.31.36.90','123456','Mozilla/5.0 (Windows NT 6.3; WOW64) AppleWebKit/537.36 (KHTML, like Gecko) Chrome/38.0.2125.111 Safari/537.36','http://ec2-54-68-242-30.us-west-2.compute.amazonaws.com/resources/jewishfederations/Jewish_thankyou.html?slug=jewish-federation-2015&submission_key=H2lnNU_DG8R7o1wYy0yiFhX9kevn6CSp&http_referer=&event_attendee_id=&outreach_page_id=&stg_signup_id=&mailing_link_id=&mailing_recipient_id=&match_campaign_id=&match_is_pledge=&pledge_is_convert=&contributor_key=&quick_donate_populated=0&device_fingerprint=0&default_country=US&signup_optin_required=1&cc_number_ack=&country=US&prefix=&firstname=A&middlename=QUOC&lastname=C&suffix=&addr1=&addr2=&city=&state_cd=CA&zip=123456&email=&phone=&amount=36&amount_other=&cc_number=&cc_cvv=&cc_expir_month=&cc_expir_year=&honoree_in_memoriam=-1&honoree_name=&honoree_recipient_name=&honoree_email=&bestcontacttime=',NULL,NULL,'2014-10-30 12:25:45',NULL,NULL,NULL),(87,21,1,'Peter  Test',36.00,NULL,'2014-10-30 12:30:01',-6533557141505216611,'27BF3512DFE17BA8C4918D4409DEE87C','172.31.36.90','565676576','Mozilla/5.0 (Windows NT 6.3; WOW64) AppleWebKit/537.36 (KHTML, like Gecko) Chrome/38.0.2125.111 Safari/537.36','http://demo-int.givn.social/resources/jewishfederations/Jewish_thankyou.html?slug=jewish-federation-2015&submission_key=H2lnNU_DG8R7o1wYy0yiFhX9kevn6CSp&http_referer=&event_attendee_id=&outreach_page_id=&stg_signup_id=&mailing_link_id=&mailing_recipient_id=&match_campaign_id=&match_is_pledge=&pledge_is_convert=&contributor_key=&quick_donate_populated=0&device_fingerprint=0&default_country=US&signup_optin_required=1&cc_number_ack=&country=US&prefix=&firstname=Peter&middlename=&lastname=Test&suffix=&addr1=&addr2=&city=&state_cd=CA&zip=565676576&email=&phone=&amount=36&amount_other=&cc_number=&cc_cvv=&cc_expir_month=&cc_expir_year=&honoree_in_memoriam=-1&honoree_name=&honoree_recipient_name=&honoree_email=&bestcontacttime=',NULL,NULL,'2014-10-30 12:30:01',NULL,NULL,NULL),(88,21,1,'Amy Brown',18000.00,NULL,'2014-10-30 12:30:36',-8459386062742428131,'F4C8BDFD644D3271065CD2E7B920B2C6','172.31.36.90','92104','Mozilla/5.0 (Windows NT 6.3; WOW64; rv:33.0) Gecko/20100101 Firefox/33.0','http://jewishinsandiego.fedwebpreview.org/ways-to-give/posiba',NULL,NULL,'2014-10-30 12:30:36',NULL,NULL,NULL),(89,21,1,'Jane A Smith',10.00,NULL,'2014-10-30 12:32:45',7911420118810709467,'FE793DE3CAB150EB569BA3ED78388280','172.31.1.194','123456','Mozilla/5.0 (Windows NT 6.3; WOW64) AppleWebKit/537.36 (KHTML, like Gecko) Chrome/38.0.2125.111 Safari/537.36','https://demo-int.givn.social/resources/jewishfederations/Jewish_thankyou.html?slug=jewish-federation-2015&submission_key=H2lnNU_DG8R7o1wYy0yiFhX9kevn6CSp&http_referer=&event_attendee_id=&outreach_page_id=&stg_signup_id=&mailing_link_id=&mailing_recipient_id=&match_campaign_id=&match_is_pledge=&pledge_is_convert=&contributor_key=&quick_donate_populated=0&device_fingerprint=0&default_country=US&signup_optin_required=1&cc_number_ack=&country=US&prefix=&firstname=Jane&middlename=A&lastname=Smith&suffix=&addr1=&addr2=&city=&state_cd=CA&zip=123456&email=&phone=&amount=other&amount_other=10&cc_number=&cc_cvv=&cc_expir_month=&cc_expir_year=&honoree_in_memoriam=-1&honoree_name=&honoree_recipient_name=&honoree_email=&bestcontacttime=',NULL,NULL,'2014-10-30 12:32:45',NULL,NULL,NULL),(90,21,1,'b c jkjk',18.00,NULL,'2014-10-30 14:11:12',2651809026737512803,'0EDAD08B75FA96EA2D68A1DF3C1FD6B6','172.31.1.194','921127','Mozilla/5.0 (Macintosh; Intel Mac OS X 10_10_0) AppleWebKit/537.36 (KHTML, like Gecko) Chrome/38.0.2125.104 Safari/537.36','https://demo-int.givn.social/resources/jewishfederations/Jewish_thankyou.html?slug=jewish-federation-2015&submission_key=H2lnNU_DG8R7o1wYy0yiFhX9kevn6CSp&http_referer=&event_attendee_id=&outreach_page_id=&stg_signup_id=&mailing_link_id=&mailing_recipient_id=&match_campaign_id=&match_is_pledge=&pledge_is_convert=&contributor_key=&quick_donate_populated=0&device_fingerprint=0&default_country=US&signup_optin_required=1&cc_number_ack=&country=US&prefix=a&firstname=b&middlename=c&lastname=jkjk&suffix=lkjlk&addr1=hggiu&addr2=jhlj&city=gytd&state_cd=CA&zip=921127&email=arnon%40posiba.com&phone=879e87r9w8r&amount=18&amount_other=&cc_number=984598759835&cc_cvv=123&cc_expir_month=02&cc_expir_year=2015&honoree_in_memoriam=0&honoree_name=&honoree_recipient_name=&honoree_email=&bestcontacttime=',NULL,NULL,'2014-10-30 14:11:12',NULL,NULL,NULL),(91,21,1,'s s s',18.00,NULL,'2014-10-30 15:36:40',-2537975116759560980,'CF08741CE4C843F4CE1D7796559458B0','172.31.36.90','s','Mozilla/5.0 (Macintosh; Intel Mac OS X 10_9_5) AppleWebKit/600.1.17 (KHTML, like Gecko) Version/7.1 Safari/537.85.10','https://demo-int.givn.social/resources/jewishfederations/Jewish_thankyou.html?slug=jewish-federation-2015&submission_key=H2lnNU_DG8R7o1wYy0yiFhX9kevn6CSp&http_referer=&event_attendee_id=&outreach_page_id=&stg_signup_id=&mailing_link_id=&mailing_recipient_id=&match_campaign_id=&match_is_pledge=&pledge_is_convert=&contributor_key=&quick_donate_populated=0&device_fingerprint=0&default_country=US&signup_optin_required=1&cc_number_ack=&country=US&prefix=s&firstname=s&middlename=s&lastname=s&suffix=s&addr1=s&addr2=&city=s&state_cd=CA&zip=s&email=s&phone=s&amount=18&amount_other=&cc_number=s&cc_cvv=s&cc_expir_month=01&cc_expir_year=2021&honoree_in_memoriam=-1&honoree_name=&honoree_recipient_name=&honoree_email=&bestcontacttime=',NULL,NULL,'2014-10-30 15:36:40',NULL,NULL,NULL),(92,21,1,'a a a',18.00,NULL,'2014-10-30 19:47:20',-905571715153797532,'14BB6CAD6E91426CBC2F1ADD44C73239','172.31.36.90','a','Mozilla/5.0 (Windows NT 6.1; WOW64) AppleWebKit/537.36 (KHTML, like Gecko) Chrome/38.0.2125.111 Safari/537.36','https://demo-int.givn.social/resources/jewishfederations/Jewish_thankyou.html?slug=jewish-federation-2015&submission_key=H2lnNU_DG8R7o1wYy0yiFhX9kevn6CSp&http_referer=&event_attendee_id=&outreach_page_id=&stg_signup_id=&mailing_link_id=&mailing_recipient_id=&match_campaign_id=&match_is_pledge=&pledge_is_convert=&contributor_key=&quick_donate_populated=0&device_fingerprint=0&default_country=US&signup_optin_required=1&cc_number_ack=&country=US&prefix=a&firstname=a&middlename=a&lastname=a&suffix=a&addr1=a&addr2=a&city=a&state_cd=AA&zip=a&email=a%40yahoo.com&phone=a&amount=18&amount_other=&cc_number=a&cc_cvv=a&cc_expir_month=01&cc_expir_year=2019&honoree_in_memoriam=-1&honoree_name=&honoree_recipient_name=&honoree_email=&bestcontacttime=',NULL,NULL,'2014-10-30 19:47:20',NULL,NULL,NULL),(93,21,1,'Peter Huynh Hai',50.00,NULL,'2014-10-31 03:12:27',6377682752391320985,'E49E0BEAD5581DF619775677627B94EB','172.31.1.194','12345','Mozilla/5.0 (Windows NT 6.3; WOW64) AppleWebKit/537.36 (KHTML, like Gecko) Chrome/38.0.2125.111 Safari/537.36','http://localhost:8080/resources/jewishfederations/Jewish_thankyou.html?slug=jewish-federation-2015&submission_key=H2lnNU_DG8R7o1wYy0yiFhX9kevn6CSp&http_referer=&event_attendee_id=&outreach_page_id=&stg_signup_id=&mailing_link_id=&mailing_recipient_id=&match_campaign_id=&match_is_pledge=&pledge_is_convert=&contributor_key=&quick_donate_populated=0&device_fingerprint=0&default_country=US&signup_optin_required=1&cc_number_ack=&country=US&prefix=&firstname=&middlename=&lastname=&suffix=&addr1=&addr2=&city=&state_cd=CA&zip=&email=&phone=&amount_other=&cc_number=&cc_cvv=&cc_expir_month=&cc_expir_year=&honoree_in_memoriam=-1&honoree_name=&honoree_recipient_name=&honoree_email=&bestcontacttime=',NULL,NULL,'2014-10-31 03:12:27',NULL,NULL,NULL),(94,21,1,'DangTest',50.00,NULL,'2014-10-31 04:34:15',4736084189644720484,'6D62CAE4793CF6C12AECCE779F65DAF5','172.31.36.90','123','Mozilla/5.0 (Windows NT 6.3; WOW64; rv:32.0) Gecko/20100101 Firefox/32.0','http://localhost:8080/resources/jewishfederations/Jewish_thankyou.html?slug=jewish-federation-2015&submission_key=H2lnNU_DG8R7o1wYy0yiFhX9kevn6CSp&http_referer=&event_attendee_id=&outreach_page_id=&stg_signup_id=&mailing_link_id=&mailing_recipient_id=&match_campaign_id=&match_is_pledge=&pledge_is_convert=&contributor_key=&quick_donate_populated=0&device_fingerprint=0&default_country=US&signup_optin_required=1&cc_number_ack=&country=US&prefix=&firstname=DangTest&middlename=&lastname=&suffix=&addr1=&addr2=&city=&state_cd=CA&zip=123&email=&phone=&amount=50&amount_other=&cc_number=&cc_cvv=&cc_expir_month=&cc_expir_year=&honoree_in_memoriam=-1&honoree_name=&honoree_recipient_name=&honoree_email=&bestcontacttime=',NULL,NULL,'2014-10-31 04:34:15',NULL,NULL,NULL),(95,21,1,'DangTest NoMiddel',50.00,NULL,'2014-10-31 04:34:47',-7526632823819386454,'49F53E0792F7307DBE2BB46340D0851A','172.31.36.90','123','Mozilla/5.0 (Windows NT 6.3; WOW64; rv:32.0) Gecko/20100101 Firefox/32.0','http://localhost:8080/resources/jewishfederations/Jewish_thankyou.html?slug=jewish-federation-2015&submission_key=H2lnNU_DG8R7o1wYy0yiFhX9kevn6CSp&http_referer=&event_attendee_id=&outreach_page_id=&stg_signup_id=&mailing_link_id=&mailing_recipient_id=&match_campaign_id=&match_is_pledge=&pledge_is_convert=&contributor_key=&quick_donate_populated=0&device_fingerprint=0&default_country=US&signup_optin_required=1&cc_number_ack=&country=US&prefix=&firstname=DangTest&middlename=&lastname=NoMiddel&suffix=&addr1=&addr2=&city=&state_cd=CA&zip=123&email=&phone=&amount=50&amount_other=&cc_number=&cc_cvv=&cc_expir_month=&cc_expir_year=&honoree_in_memoriam=-1&honoree_name=&honoree_recipient_name=&honoree_email=&bestcontacttime=',NULL,NULL,'2014-10-31 04:34:47',NULL,NULL,NULL),(96,21,1,'NoMiddel',50.00,NULL,'2014-10-31 04:35:08',2351282383672791944,'94E9B510D785FAA69667E5E4096F2142','172.31.36.90','123','Mozilla/5.0 (Windows NT 6.3; WOW64; rv:32.0) Gecko/20100101 Firefox/32.0','http://localhost:8080/resources/jewishfederations/Jewish_thankyou.html?slug=jewish-federation-2015&submission_key=H2lnNU_DG8R7o1wYy0yiFhX9kevn6CSp&http_referer=&event_attendee_id=&outreach_page_id=&stg_signup_id=&mailing_link_id=&mailing_recipient_id=&match_campaign_id=&match_is_pledge=&pledge_is_convert=&contributor_key=&quick_donate_populated=0&device_fingerprint=0&default_country=US&signup_optin_required=1&cc_number_ack=&country=US&prefix=&firstname=&middlename=&lastname=NoMiddel&suffix=&addr1=&addr2=&city=&state_cd=CA&zip=123&email=&phone=&amount=50&amount_other=&cc_number=&cc_cvv=&cc_expir_month=&cc_expir_year=&honoree_in_memoriam=-1&honoree_name=&honoree_recipient_name=&honoree_email=&bestcontacttime=',NULL,NULL,'2014-10-31 04:35:08',NULL,NULL,NULL),(97,21,1,'DangTest Again',18.00,NULL,'2014-10-31 04:46:57',-7024684891711876415,'142D97C91DF3B2CD2197823F1A72E430','172.31.36.90','12345','Mozilla/5.0 (Windows NT 6.3; WOW64) AppleWebKit/537.36 (KHTML, like Gecko) Chrome/38.0.2125.111 Safari/537.36','http://demo-int.givn.social/resources/jewishfederations/Jewish_thankyou.html?slug=jewish-federation-2015&submission_key=H2lnNU_DG8R7o1wYy0yiFhX9kevn6CSp&http_referer=&event_attendee_id=&outreach_page_id=&stg_signup_id=&mailing_link_id=&mailing_recipient_id=&match_campaign_id=&match_is_pledge=&pledge_is_convert=&contributor_key=&quick_donate_populated=0&device_fingerprint=0&default_country=US&signup_optin_required=1&cc_number_ack=&country=US&prefix=&firstname=DangTest&middlename=&lastname=Again&suffix=&addr1=&addr2=&city=&state_cd=CA&zip=12345&email=&phone=&amount=18&amount_other=&cc_number=&cc_cvv=&cc_expir_month=&cc_expir_year=&honoree_in_memoriam=-1&honoree_name=&honoree_recipient_name=&honoree_email=&bestcontacttime=',NULL,NULL,'2014-10-31 04:46:57',NULL,NULL,NULL),(98,21,1,'A C',36.00,NULL,'2014-10-31 16:19:51',-3985162628493200533,'DEDFF49D8A548AB0C2E4EA4BA7F929AC','172.31.1.194','123456','Mozilla/5.0 (Windows NT 6.1) AppleWebKit/537.36 (KHTML, like Gecko) Chrome/38.0.2125.111 Safari/537.36','https://demo-int.givn.social/resources/jewishfederations/Jewish_thankyou.html?slug=jewish-federation-2015&submission_key=H2lnNU_DG8R7o1wYy0yiFhX9kevn6CSp&http_referer=&event_attendee_id=&outreach_page_id=&stg_signup_id=&mailing_link_id=&mailing_recipient_id=&match_campaign_id=&match_is_pledge=&pledge_is_convert=&contributor_key=&quick_donate_populated=0&device_fingerprint=0&default_country=US&signup_optin_required=1&cc_number_ack=&country=US&prefix=&firstname=A&middlename=&lastname=C&suffix=&addr1=&addr2=&city=&state_cd=CA&zip=123456&email=&phone=&amount=36&amount_other=&cc_number=&cc_cvv=&cc_expir_month=&cc_expir_year=&honoree_in_memoriam=-1&honoree_name=&honoree_recipient_name=&honoree_email=&bestcontacttime=',NULL,NULL,'2014-10-31 16:19:51',NULL,NULL,NULL),(99,3,1,'Jane Smith',100.00,NULL,'2014-10-31 16:41:48',-4935659376382732062,'E452ABA950FF6EE4379923F111A04E20','172.31.36.90','123456','Mozilla/5.0 (Windows NT 6.1) AppleWebKit/537.36 (KHTML, like Gecko) Chrome/38.0.2125.111 Safari/537.36','https://givn.social/thankyou',NULL,NULL,'2014-10-31 16:41:48',NULL,NULL,NULL),(100,21,1,'A C',36.00,NULL,'2014-10-31 16:46:03',-3985162628493200533,'2E768D50D3536749096D1F6AF97C70D8','172.31.36.90','123456','Mozilla/5.0 (Windows NT 6.1) AppleWebKit/537.36 (KHTML, like Gecko) Chrome/38.0.2125.111 Safari/537.36','https://demo-int.givn.social/resources/jewishfederations/Jewish_thankyou.html?slug=jewish-federation-2015&submission_key=H2lnNU_DG8R7o1wYy0yiFhX9kevn6CSp&http_referer=&event_attendee_id=&outreach_page_id=&stg_signup_id=&mailing_link_id=&mailing_recipient_id=&match_campaign_id=&match_is_pledge=&pledge_is_convert=&contributor_key=&quick_donate_populated=0&device_fingerprint=0&default_country=US&signup_optin_required=1&cc_number_ack=&country=US&prefix=&firstname=A&middlename=&lastname=C&suffix=&addr1=&addr2=&city=&state_cd=CA&zip=123456&email=&phone=&amount=36&amount_other=&cc_number=&cc_cvv=&cc_expir_month=&cc_expir_year=&honoree_in_memoriam=-1&honoree_name=&honoree_recipient_name=&honoree_email=&bestcontacttime=',NULL,NULL,'2014-10-31 16:46:03',NULL,NULL,NULL),(101,21,1,'A C',36.00,NULL,'2014-10-31 16:47:13',-3985162628493200533,'4A29396CCF611CB9084F91F2532DA36B','172.31.1.194','123456','Mozilla/5.0 (Windows NT 6.1) AppleWebKit/537.36 (KHTML, like Gecko) Chrome/38.0.2125.111 Safari/537.36','https://demo-int.givn.social/resources/jewishfederations/Jewish_thankyou.html?slug=jewish-federation-2015&submission_key=H2lnNU_DG8R7o1wYy0yiFhX9kevn6CSp&http_referer=&event_attendee_id=&outreach_page_id=&stg_signup_id=&mailing_link_id=&mailing_recipient_id=&match_campaign_id=&match_is_pledge=&pledge_is_convert=&contributor_key=&quick_donate_populated=0&device_fingerprint=0&default_country=US&signup_optin_required=1&cc_number_ack=&country=US&prefix=&firstname=A&middlename=&lastname=C&suffix=&addr1=&addr2=&city=&state_cd=CA&zip=123456&email=&phone=&amount=36&amount_other=&cc_number=&cc_cvv=&cc_expir_month=&cc_expir_year=&honoree_in_memoriam=-1&honoree_name=&honoree_recipient_name=&honoree_email=&bestcontacttime=',NULL,NULL,'2014-10-31 16:47:13',NULL,NULL,NULL),(102,21,1,'a a a',18.00,NULL,'2014-10-31 18:27:27',-905571715153797532,'54EA82FD3FBB1318975ACCC58A697A60','172.31.1.194','a','Mozilla/5.0 (Windows NT 6.1; WOW64) AppleWebKit/537.36 (KHTML, like Gecko) Chrome/38.0.2125.111 Safari/537.36','https://demo-int.givn.social/resources/jewishfederations/Jewish_thankyou.html?slug=jewish-federation-2015&submission_key=H2lnNU_DG8R7o1wYy0yiFhX9kevn6CSp&http_referer=&event_attendee_id=&outreach_page_id=&stg_signup_id=&mailing_link_id=&mailing_recipient_id=&match_campaign_id=&match_is_pledge=&pledge_is_convert=&contributor_key=&quick_donate_populated=0&device_fingerprint=0&default_country=US&signup_optin_required=1&cc_number_ack=&country=US&prefix=a&firstname=a&middlename=a&lastname=a&suffix=a&addr1=a&addr2=a&city=a&state_cd=CA&zip=a&email=a%40yahoo.com&phone=q&amount=18&amount_other=&cc_number=q&cc_cvv=q&cc_expir_month=02&cc_expir_year=2019&honoree_in_memoriam=-1&honoree_name=&honoree_recipient_name=&honoree_email=&bestcontacttime=',NULL,NULL,'2014-10-31 18:27:27',NULL,NULL,NULL),(104,21,1,'Amy Brown',18000.00,NULL,'2014-11-03 09:15:42',-8459386062742428131,'7A7ED61E63E4D7B5A3694BF875144398','172.31.1.194','92104','Mozilla/5.0 (Windows NT 6.3; WOW64; rv:33.0) Gecko/20100101 Firefox/33.0','http://jewishinsandiego.fedwebpreview.org/ways-to-give/posiba',NULL,NULL,'2014-11-03 09:15:42',NULL,NULL,NULL),(105,21,1,'Dang Test Here',72.00,NULL,'2014-11-03 10:53:49',-7218448057989350895,'E13F295C16964E40E482134A1D92516D','172.31.1.194','12345','Mozilla/5.0 (Windows NT 6.3; WOW64; rv:32.0) Gecko/20100101 Firefox/32.0','http://ec2-54-68-242-30.us-west-2.compute.amazonaws.com/resources/jewishfederations/Jewish_thankyou.html?slug=jewish-federation-2015&submission_key=H2lnNU_DG8R7o1wYy0yiFhX9kevn6CSp&http_referer=&event_attendee_id=&outreach_page_id=&stg_signup_id=&mailing_link_id=&mailing_recipient_id=&match_campaign_id=&match_is_pledge=&pledge_is_convert=&contributor_key=&quick_donate_populated=0&device_fingerprint=0&default_country=US&signup_optin_required=1&cc_number_ack=&country=US&prefix=&firstname=Dang&middlename=Test&lastname=Here&suffix=&addr1=&addr2=&city=&state_cd=CA&zip=12345&email=&phone=&amount=72&amount_other=&cc_number=&cc_cvv=&cc_expir_month=&cc_expir_year=&honoree_in_memoriam=-1&honoree_name=&honoree_recipient_name=&honoree_email=&bestcontacttime=',NULL,NULL,'2014-11-03 10:53:49',NULL,NULL,NULL),(106,21,1,'Dang Test HereA',568.00,NULL,'2014-11-03 11:07:05',5067417069331796000,'4CEDE9353A875708719993D4E532B4B1','172.31.1.194','12345','Mozilla/5.0 (Windows NT 6.3; WOW64; rv:32.0) Gecko/20100101 Firefox/32.0','http://demo-int.givn.social/jewishfederations/thankyou.html?slug=jewish-federation-2015&submission_key=H2lnNU_DG8R7o1wYy0yiFhX9kevn6CSp&http_referer=&event_attendee_id=&outreach_page_id=&stg_signup_id=&mailing_link_id=&mailing_recipient_id=&match_campaign_id=&match_is_pledge=&pledge_is_convert=&contributor_key=&quick_donate_populated=0&device_fingerprint=0&default_country=US&signup_optin_required=1&cc_number_ack=&country=US&prefix=&firstname=Dang&middlename=Test&lastname=HereA&suffix=&addr1=&addr2=&city=&state_cd=CA&zip=12345&email=&phone=&amount=other&amount_other=568&cc_number=&cc_cvv=&cc_expir_month=&cc_expir_year=&honoree_in_memoriam=-1&honoree_name=&honoree_recipient_name=&honoree_email=&bestcontacttime=',NULL,NULL,'2014-11-03 11:07:05',NULL,NULL,NULL),(107,21,1,'A B C',25.00,NULL,'2014-11-03 11:12:10',-4265844179470885247,'86E9E838698C6DBCB62409CA171C8E48','172.31.36.90','123456','Mozilla/5.0 (Windows NT 6.3; WOW64) AppleWebKit/537.36 (KHTML, like Gecko) Chrome/38.0.2125.111 Safari/537.36','http://demo-int.givn.social/jewishfederations/thankyou.html?slug=jewish-federation-2015&submission_key=H2lnNU_DG8R7o1wYy0yiFhX9kevn6CSp&http_referer=&event_attendee_id=&outreach_page_id=&stg_signup_id=&mailing_link_id=&mailing_recipient_id=&match_campaign_id=&match_is_pledge=&pledge_is_convert=&contributor_key=&quick_donate_populated=0&device_fingerprint=0&default_country=US&signup_optin_required=1&cc_number_ack=&country=US&prefix=&firstname=A&middlename=B&lastname=C&suffix=&addr1=&addr2=&city=&state_cd=CA&zip=123456&email=&phone=&amount=25&amount_other=&cc_number=&cc_cvv=&cc_expir_month=&cc_expir_year=&honoree_in_memoriam=-1&honoree_name=&honoree_recipient_name=&honoree_email=&bestcontacttime=',NULL,NULL,'2014-11-03 11:12:10',NULL,NULL,NULL),(108,21,1,'A B C',100.00,10.00,'2014-11-03 11:20:09',-8826043841555171755,'EE8095177FD984C4A9BE56902ED26AB3','172.31.36.90','56789','Mozilla/5.0 (Windows NT 6.3; WOW64) AppleWebKit/537.36 (KHTML, like Gecko) Chrome/38.0.2125.111 Safari/537.36','https://demo-int.givn.social/jewishfederations/thankyou.html?slug=jewish-federation-2015&submission_key=H2lnNU_DG8R7o1wYy0yiFhX9kevn6CSp&http_referer=&event_attendee_id=&outreach_page_id=&stg_signup_id=&mailing_link_id=&mailing_recipient_id=&match_campaign_id=&match_is_pledge=&pledge_is_convert=&contributor_key=&quick_donate_populated=0&device_fingerprint=0&default_country=US&signup_optin_required=1&cc_number_ack=&country=US&prefix=&firstname=A&middlename=B&lastname=C&suffix=&addr1=&addr2=&city=&state_cd=CA&zip=56789&email=&phone=&amount=other&amount_other=100&cc_number=&cc_cvv=&cc_expir_month=&cc_expir_year=&honoree_in_memoriam=-1&honoree_name=&honoree_recipient_name=&honoree_email=&bestcontacttime=',NULL,NULL,'2014-11-03 11:20:09',NULL,NULL,NULL),(109,3,1,'Jack Brown',5.00,0.00,'2014-11-03 23:12:49',-3743071689439744046,'94F20DB8A4FB79D7DD3A3C6F4B2812AF','172.31.1.194','92024','Mozilla/5.0 (Windows NT 6.1; WOW64) AppleWebKit/537.36 (KHTML, like Gecko) Chrome/38.0.2125.111 Safari/537.36','https://sandiego.secure-fedweb.jewishfederations.org/page/contribute/chanukah14/thanks?action_code=BgpYQRENBEERWl9bbhVSBgYUAQUADkgD&td=VVBdS8NAEPwr5Z4PuaRJ0-ZJWwXpk1AVQSRsk0u75HKX3oeliv_dvRDEvu3MzuzHfLMWrfMaeslKtoW6Y5wp-GPW1pw1UbIHVIShR3k7GId7uKlNT53haHRULpJVkc3nIhdEQtPYhMgkK7JZqwDt7EHXqNGDm91b_JSTKCURlTX6C1WjxiM4opwHH-du7gh84UDlKhVpFtUmaG-j4WVH0FvQDmqPRlfQe1bmnKGrrKyDtagPrBTRQxbch1HVyWh-TMNp7Yvd9rx5fXl7Xm_iUc4EW9NeHZQiFPbXxNWYAQ6ywib-WWQrMvemCUpO0f2XUq81tp86T2N-MTsa4C9D5JIJQh-fc6x8T5a8SHma80QIPl_wZCl4Lj44C0421Slg3VWN0WNKLSgn6VwVDnHzEXTo4Jhk7OcX',NULL,NULL,'2014-11-03 23:12:49',NULL,NULL,NULL),(110,3,1,'Jack Brown',5.00,1.00,'2014-11-03 23:31:26',-3743071689439744046,'5AF129CE91001166307059D646A8DC60','172.31.1.194','92024','Mozilla/5.0 (Windows NT 6.1; WOW64) AppleWebKit/537.36 (KHTML, like Gecko) Chrome/38.0.2125.111 Safari/537.36','https://sandiego.secure-fedweb.jewishfederations.org/page/contribute/chanukah14/thanks?action_code=BgpYQRENBEERWl9bbhVSBgYUAQUADkgD&td=VVBdS8NAEPwr5Z4PuaRJ0-ZJWwXpk1AVQSRsk0u75HKX3oeliv_dvRDEvu3MzuzHfLMWrfMaeslKtoW6Y5wp-GPW1pw1UbIHVIShR3k7GId7uKlNT53haHRULpJVkc3nIhdEQtPYhMgkK7JZqwDt7EHXqNGDm91b_JSTKCURlTX6C1WjxiM4opwHH-du7gh84UDlKhVpFtUmaG-j4WVH0FvQDmqPRlfQe1bmnKGrrKyDtagPrBTRQxbch1HVyWh-TMNp7Yvd9rx5fXl7Xm_iUc4EW9NeHZQiFPbXxNWYAQ6ywib-WWQrMvemCUpO0f2XUq81tp86T2N-MTsa4C9D5JIJQh-fc6x8T5a8SHma80QIPl_wZCl4Lj44C0421Slg3VWN0WNKLSgn6VwVDnHzEXTo4Jhk7OcX',NULL,NULL,'2014-11-03 23:31:26',NULL,NULL,NULL),(111,25,1,'Baxter Sparrow Bunnyfluff',5.00,1.00,'2014-11-04 00:19:34',1998405647292064299,'82DD2BDB0CEEBD056CEF916AF8454DDF','172.31.1.194','92104','Mozilla/5.0 (Windows NT 6.1; WOW64) AppleWebKit/537.36 (KHTML, like Gecko) Chrome/38.0.2125.111 Safari/537.36','https://sandiego.secure-fedweb.jewishfederations.org/page/contribute/givingtuesday/thanks?action_code=BgpYQRENBEERWl9bbhVSBgYUAQUADkgD&td=VVDJTsMwFPyVyGcLxW5Dk5zYqYSEkMpyQChyYyc19RK8VATEv_McRYKe7Jl5M2_5Rp10PhimBarRBfsMwiGMFPvjojFjp2LXAS80kwrI7VQYdoLb_mxnAzz-pLUaSoadNclXFiWlJF-SJZCMc0eAXFS0yu6Y8cxnmzALFARCALQyjPDfMJNdSdFboHxgIaVdngP4kgN8q5Saqm00wSXD0wZgcCm2DdKahumA6gIj6Rsn2uicND2q8-QBi9zGqWovknlN44HG55f3a_Zw3958rVeprY2uhb4mKgUobo-Jo5iB9aKRPC2xWlZg1pZHJebz_S8FrbNOz8qtPMBY2WMUnrMxXQ6CwjgkjcyQ6bSkR_UrKfGKYlpgkud4cYpJmeMif8MoesGbjyjbfcOtma7VMeUFjK0ibI36qU-Y2_z8Ag',NULL,NULL,'2014-11-04 00:19:34',NULL,NULL,NULL),(112,25,1,'elizabeth dreicer',5.00,100.00,'2014-11-04 00:33:49',6062436841229955045,'305C1BA33E47BD1FF67D6A4B76C387DE','172.31.1.194','92101','Mozilla/5.0 (Windows NT 6.1; WOW64) AppleWebKit/537.36 (KHTML, like Gecko) Chrome/38.0.2125.104 Safari/537.36','https://sandiego.secure-fedweb.jewishfederations.org/page/contribute/givingtuesday/thanks?action_code=BgpYQRENBEERWl9bbhVSBgYUAQUADkgD&td=VVDJTsMwEP2VyGcL2aFpm5xAPRQOiANwQihy7WlqxUvwgmgR_864ilB7sDTzlnme-SF7HWJywgLpCBh9EjtIB0KJEf-wCqAlBATBCm0uhXczdyO9RX46eFccS97W-BhnCAqlAkeQL9pFlZ32roopACRaulStWDOralRhKXU6YhWFq5SGwSMUk0hl8OYem5OesGxrznhR--xSKIa3F2xTEC4KmTCmFzaRrqFExz6AzCFoN5COFQ9a9C6fVSMU80Odv7fP45jYU7uxffOYS6zPQWKuy8Zgl3fXwNWYSQzQa1UWXS1aNFuvsoH5hpdS5PY-2JnZ6i_8VvWaISpxLEfEQek4FY7PrbBlyUi6d76mq5rWDeWM0dsl5WtGG_ZBSY6g-s-s5dgr787X2gsTAb9tMm5NhnNOmmN-_wA',NULL,NULL,'2014-11-04 00:33:49',NULL,NULL,NULL),(116,25,1,'Chloe Brown-Williams',5.00,0.00,'2014-11-04 20:37:30',8934970630008559669,'EA75A35566FB9E058ED7B2B62AFBC3C6','172.31.1.194','92024','Mozilla/5.0 (Windows NT 6.1; WOW64) AppleWebKit/537.36 (KHTML, like Gecko) Chrome/38.0.2125.111 Safari/537.36','https://sandiego.secure-fedweb.jewishfederations.org/page/contribute/givingtuesday/thanks?action_code=BgpYQRENBEERWl9bbhVSBgYUAQUADkgD&td=VVDLbsJADPwVtOdtlYRAIKc-QMChh4pWPVRVZJIFLPaR7gOUVv33eqOoKjePZ8Zj-5vt0TqvQQlWssejNIJxJuGv9WDNRd-8oZQIyhEnFKAkAhQKtYvsXQdHY25ro4huj0ZH3zSdF_l4nEwSakLT2JSaaV7ko70EtKOlrlGjBzdaWDyLQZSRiMoafUdVr_EIMdZ58P2K9wS-sKVyniVZHtUmaG-j4XVL0FvQDmqPRlegPCsnnKGrrKiDtagPrEyihyy4C73qJKJ5nV3gabNx2-fX5WIV1tsmxppga8rVQUpCYXfduBrTwkFU2MQ7i3xOZmWaIMXwyP9S4vbGqoFZ4ZnWGr0E4Rro4g9pkO_ayKUDBBWPdKx8T2e8yHg24WmS8PGUp7OET5IPzoITTfUZsD5VjdH9t_YgnaC1ZaCr2aHP8UPMzy8',NULL,NULL,'2014-11-04 20:37:30',NULL,NULL,NULL),(117,25,1,'Sophie Brown-Wiliams',5.00,0.00,'2014-11-04 22:43:35',-2833148299039115826,'12D81C42CCFB8D69102237E681A6DB86','172.31.1.194','92024','Mozilla/5.0 (Macintosh; Intel Mac OS X 10_9_5) AppleWebKit/600.1.17 (KHTML, like Gecko) Version/7.1 Safari/537.85.10','https://sandiego.secure-fedweb.jewishfederations.org/page/contribute/givingtuesday/thanks?action_code=BgpYQRENBEERWl9bbhVSBgYUAQUADkgD&td=VVBZS8NAEP4rYZ9XSdKk15N3qyCCByIiYZps2qF7xD1aq_jfnS2h2LeZ75hvZn5Yi9Z5DUqwKXsy3QoF40zCAbuwZqtPXlEiKEeUUICScFAozjrjcAGntVHEdCujo2OYTUbFYJCWKYHQNDYjMCtGRXIjAW1yrWvU6MElVxY3ohflJKKyRr-j6qAhyHnwce7lOTXf2FE5ydO8iGoTtLfR8PJErbegHdQeja5AeTYtOUNXWVEHa1Ev2TSNHrLgIuxVaxHN83wr7wfd_OHt665-VLezNsaaYGvK1UFK6sLiGDga08FSVNjEO0fFhMzKNEGK_oX_pcS1xqqemeGG1kqeg3AN7OIPaZDfdZHL-hZUPNKx6Xs25qOc5yXP0pQPhjwbp7xMPzgLTjTVZ8B6XTVG77_VgnSC1paBrmbLfY7vY37_AA',NULL,NULL,'2014-11-04 22:43:35',NULL,NULL,NULL),(118,25,1,'Sophie Brown-Wiliams',5.00,5.00,'2014-11-04 22:52:18',-2833148299039115826,'3B8FF5EBEBC7196D89CB63A5919BEDA6','172.31.1.194','92024','Mozilla/5.0 (Macintosh; Intel Mac OS X 10_9_5) AppleWebKit/600.1.17 (KHTML, like Gecko)','https://sandiego.secure-fedweb.jewishfederations.org/page/contribute/givingtuesday/thanks?action_code=BgpYQRENBEERWl9bbhVSBgYUAQUADkgD&td=VVBZS8NAEP4rYZ9XSdKk15N3qyCCByIiYZps2qF7xD1aq_jfnS2h2LeZ75hvZn5Yi9Z5DUqwKXsy3QoF40zCAbuwZqtPXlEiKEeUUICScFAozjrjcAGntVHEdCujo2OYTUbFYJCWKYHQNDYjMCtGRXIjAW1yrWvU6MElVxY3ohflJKKyRr-j6qAhyHnwce7lOTXf2FE5ydO8iGoTtLfR8PJErbegHdQeja5AeTYtOUNXWVEHa1Ev2TSNHrLgIuxVaxHN83wr7wfd_OHt665-VLezNsaaYGvK1UFK6sLiGDga08FSVNjEO0fFhMzKNEGK_oX_pcS1xqqemeGG1kqeg3AN7OIPaZDfdZHL-hZUPNKx6Xs25qOc5yXP0pQPhjwbp7xMPzgLTjTVZ8B6XTVG77_VgnSC1paBrmbLfY7vY37_AA',NULL,NULL,'2014-11-04 22:52:18',NULL,NULL,NULL),(142,31,1,'Jane Smith',355.00,NULL,'2014-11-07 09:44:59',2571796536997534891,'55A7D89108BAFD73EFB863CAFD5DB854','172.31.1.194','123456','Mozilla/4.0 (compatible; MSIE 7.0; Windows NT 6.2; Win64; x64; Trident/7.0; .NET4.0E; .NET4.0C; .NET CLR 3.5.30729; .NET CLR 2.0.50727; .NET CLR 3.0.30729; Microsoft Outlook 14.0.7113; ms-office; MSOffice 14)',NULL,2,NULL,'2014-11-07 09:44:59',NULL,NULL,NULL),(143,1,1,'Jane Smith',100.00,NULL,'2014-11-10 07:16:23',-4935659376947682560,'CB0C438639E3F7E57176B99FB742118C','172.31.1.194','123456','Mozilla/5.0 (Windows NT 6.3; WOW64) AppleWebKit/537.36 (KHTML, like Gecko) Chrome/38.0.2125.111 Safari/537.36','https://givn.social/thankyou?donor-name=Jane+Smith&donate-amount=100&postal-code=123456&program-id=1&%2Farc%2Fcommerce%2Forder%2Fpurchase%2FCreditCardBillingInfoFormHandler.confirmCreditCard=Donate',1,NULL,'2014-11-10 07:16:23',NULL,NULL,NULL),(144,1,1,'Petar Kralev',100.00,NULL,'2014-11-10 19:02:51',-7345181867277608386,'A3E4A6BB61462CE7AC940E73D07ADD71','172.31.36.90','123456','Mozilla/4.0 (compatible; MSIE 7.0; Windows NT 6.1; WOW64; Trident/7.0; SLCC2; .NET CLR 2.0.50727; .NET CLR 3.5.30729; .NET CLR 3.0.30729; Media Center PC 6.0; .NET4.0C; InfoPath.3; .NET4.0E; Microsoft Outlook 14.0.6117; ms-office; MSOffice 14)',NULL,2,NULL,'2014-11-10 19:02:51',NULL,NULL,NULL),(145,1,1,'Jane Smith',100.00,NULL,'2014-11-10 19:24:41',-4935659376947682560,'7E6550C35A33095F5A390DCA033C32F4','172.31.36.90','123456','Mozilla/5.0 (Windows NT 6.1; WOW64) AppleWebKit/537.36 (KHTML, like Gecko) Chrome/38.0.2125.111 Safari/537.36','https://givn.social/thankyou?donor-name=Jane+Smith&donate-amount=100&postal-code=123456&program-id=1&%2Farc%2Fcommerce%2Forder%2Fpurchase%2FCreditCardBillingInfoFormHandler.confirmCreditCard=Donate',1,NULL,'2014-11-10 19:24:41',NULL,NULL,NULL),(146,1,1,'Jane Smith',100.00,NULL,'2014-11-20 15:59:28',-4935659376947682560,'A17E2ECB380F311DAFCC34D0FF0E74BD','0:0:0:0:0:0:0:1','123456','Mozilla/5.0 (Windows NT 6.3; WOW64) AppleWebKit/537.36 (KHTML, like Gecko) Chrome/38.0.2125.122 Safari/537.36','http://localhost:8080/thankyou?donor-name=Jane+Smith&donate-amount=100&postal-code=123456&program-id=1&%2Farc%2Fcommerce%2Forder%2Fpurchase%2FCreditCardBillingInfoFormHandler.confirmCreditCard=Donate',1,NULL,'2014-11-20 08:59:28',NULL,NULL,NULL),(147,1,1,'Jane Smith',100.00,0.00,'2014-11-20 18:19:51',-4935659376947682560,'AA420F08A282F29A6736A6B667EBA0DE','0:0:0:0:0:0:0:1','123456','Mozilla/5.0 (Windows NT 6.3; WOW64; rv:33.0) Gecko/20100101 Firefox/33.0','http://localhost:8080/thankyou?donor-name=Jane+Smith&donate-amount=100&postal-code=123456&program-id=1&%2Farc%2Fcommerce%2Forder%2Fpurchase%2FCreditCardBillingInfoFormHandler.confirmCreditCard=Donate',1,NULL,'2014-11-20 11:19:51',NULL,NULL,NULL);
/*!40000 ALTER TABLE `donation` ENABLE KEYS */;
UNLOCK TABLES;

--
-- Table structure for table `donation_analytics`
--

DROP TABLE IF EXISTS `donation_analytics`;
/*!40101 SET @saved_cs_client     = @@character_set_client */;
/*!40101 SET character_set_client = utf8 */;
CREATE TABLE `donation_analytics` (
  `id` bigint(20) unsigned NOT NULL AUTO_INCREMENT,
  `donation_id` bigint(20) unsigned NOT NULL,
  `no_of_clicks` int(11) NOT NULL DEFAULT '0',
  `created_date` timestamp NOT NULL DEFAULT CURRENT_TIMESTAMP,
  `user_created` bigint(11) DEFAULT NULL,
  `last_update_date` timestamp NULL DEFAULT NULL,
  `last_user_update` bigint(11) DEFAULT NULL,
  PRIMARY KEY (`id`),
  KEY `donation_analytics_donation_id_idx` (`donation_id`),
  CONSTRAINT `fk_donation_analytics_donation_id` FOREIGN KEY (`donation_id`) REFERENCES `donation` (`id`) ON DELETE NO ACTION ON UPDATE NO ACTION
) ENGINE=InnoDB DEFAULT CHARSET=utf8;
/*!40101 SET character_set_client = @saved_cs_client */;

--
-- Dumping data for table `donation_analytics`
--

LOCK TABLES `donation_analytics` WRITE;
/*!40000 ALTER TABLE `donation_analytics` DISABLE KEYS */;
/*!40000 ALTER TABLE `donation_analytics` ENABLE KEYS */;
UNLOCK TABLES;

--
-- Table structure for table `donation_channel`
--

DROP TABLE IF EXISTS `donation_channel`;
/*!40101 SET @saved_cs_client     = @@character_set_client */;
/*!40101 SET character_set_client = utf8 */;
CREATE TABLE `donation_channel` (
  `id` bigint(20) unsigned NOT NULL AUTO_INCREMENT,
  `channel` varchar(60) DEFAULT NULL,
  `created_date` timestamp NOT NULL DEFAULT CURRENT_TIMESTAMP,
  `user_created` bigint(11) DEFAULT NULL,
  `last_update_date` timestamp NULL DEFAULT NULL,
  `last_user_update` bigint(11) DEFAULT NULL,
  PRIMARY KEY (`id`)
) ENGINE=InnoDB AUTO_INCREMENT=4 DEFAULT CHARSET=utf8;
/*!40101 SET character_set_client = @saved_cs_client */;

--
-- Dumping data for table `donation_channel`
--

LOCK TABLES `donation_channel` WRITE;
/*!40000 ALTER TABLE `donation_channel` DISABLE KEYS */;
INSERT INTO `donation_channel` VALUES (1,'Web','2014-11-04 11:23:30',NULL,NULL,NULL),(2,'email HTML','2014-11-04 11:23:55',NULL,NULL,NULL),(3,'email plaintext','2014-11-04 11:23:55',NULL,NULL,NULL);
/*!40000 ALTER TABLE `donation_channel` ENABLE KEYS */;
UNLOCK TABLES;

--
-- Table structure for table `donation_mapping`
--

DROP TABLE IF EXISTS `donation_mapping`;
/*!40101 SET @saved_cs_client     = @@character_set_client */;
/*!40101 SET character_set_client = utf8 */;
CREATE TABLE `donation_mapping` (
  `id` bigint(20) unsigned NOT NULL AUTO_INCREMENT,
  `donation_id` bigint(20) unsigned DEFAULT NULL,
  `parent_donation_id` bigint(20) unsigned DEFAULT NULL,
  `created_date` timestamp NOT NULL DEFAULT CURRENT_TIMESTAMP,
  `user_created` bigint(11) DEFAULT NULL,
  `last_update_date` timestamp NULL DEFAULT NULL,
  `last_user_update` bigint(11) DEFAULT NULL,
  PRIMARY KEY (`id`),
  KEY `donation_id_idx` (`donation_id`),
  KEY `parent_donation_id_idx` (`parent_donation_id`),
  CONSTRAINT `fk_donation_mapping_donation_id` FOREIGN KEY (`donation_id`) REFERENCES `donation` (`id`) ON DELETE NO ACTION ON UPDATE NO ACTION,
  CONSTRAINT `fk_donation_mapping_parent_donation_id` FOREIGN KEY (`parent_donation_id`) REFERENCES `donation` (`id`) ON DELETE NO ACTION ON UPDATE NO ACTION
) ENGINE=InnoDB DEFAULT CHARSET=utf8;
/*!40101 SET character_set_client = @saved_cs_client */;

--
-- Dumping data for table `donation_mapping`
--

LOCK TABLES `donation_mapping` WRITE;
/*!40000 ALTER TABLE `donation_mapping` DISABLE KEYS */;
/*!40000 ALTER TABLE `donation_mapping` ENABLE KEYS */;
UNLOCK TABLES;

--
-- Table structure for table `donation_social_network_map`
--

DROP TABLE IF EXISTS `donation_social_network_map`;
/*!40101 SET @saved_cs_client     = @@character_set_client */;
/*!40101 SET character_set_client = utf8 */;
CREATE TABLE `donation_social_network_map` (
  `id` bigint(20) unsigned NOT NULL AUTO_INCREMENT,
  `user_social_network_map_id` bigint(20) unsigned NOT NULL,
  `donation_id` bigint(20) unsigned NOT NULL,
  `no_of_clicks` int(11) DEFAULT NULL,
  `status` varchar(25) DEFAULT NULL,
  `created_date` timestamp NOT NULL DEFAULT CURRENT_TIMESTAMP,
  `user_created` bigint(11) DEFAULT NULL,
  `last_update_date` timestamp NULL DEFAULT NULL,
  `last_user_update` bigint(11) DEFAULT NULL,
  PRIMARY KEY (`id`),
  KEY `donation_social_network_map_user_social_network_map_id_idx` (`user_social_network_map_id`),
  KEY `donation_social_network_map_donation_id_idx` (`donation_id`),
  CONSTRAINT `fk_donation_social_network_map_donation_id` FOREIGN KEY (`donation_id`) REFERENCES `donation` (`id`) ON DELETE NO ACTION ON UPDATE NO ACTION
) ENGINE=InnoDB AUTO_INCREMENT=64 DEFAULT CHARSET=utf8;
/*!40101 SET character_set_client = @saved_cs_client */;

--
-- Dumping data for table `donation_social_network_map`
--

LOCK TABLES `donation_social_network_map` WRITE;
/*!40000 ALTER TABLE `donation_social_network_map` DISABLE KEYS */;
INSERT INTO `donation_social_network_map` VALUES (14,21,41,0,NULL,'2014-10-30 08:54:25',NULL,NULL,NULL),(46,32,108,3,NULL,'2014-11-03 11:31:50',NULL,NULL,NULL),(47,35,109,5,NULL,'2014-11-03 23:14:02',NULL,NULL,NULL),(48,34,109,0,NULL,'2014-11-03 23:14:02',NULL,NULL,NULL),(49,36,109,11,NULL,'2014-11-03 23:14:02',NULL,NULL,NULL),(50,34,110,0,NULL,'2014-11-03 23:33:15',NULL,NULL,NULL),(51,36,110,4,NULL,'2014-11-03 23:33:15',NULL,NULL,NULL),(52,37,111,1,NULL,'2014-11-04 00:20:38',NULL,NULL,NULL),(53,38,111,14,NULL,'2014-11-04 00:20:38',NULL,NULL,NULL),(54,14,112,0,NULL,'2014-11-04 00:36:02',NULL,NULL,NULL),(56,35,116,0,NULL,'2014-11-04 20:39:10',NULL,NULL,NULL),(57,36,116,1,NULL,'2014-11-04 20:39:10',NULL,NULL,NULL),(58,24,117,5,NULL,'2014-11-04 22:45:15',NULL,NULL,NULL),(59,41,117,11,NULL,'2014-11-04 22:45:15',NULL,NULL,NULL),(60,24,118,0,NULL,'2014-11-04 22:53:46',NULL,NULL,NULL),(61,41,118,11,NULL,'2014-11-04 22:53:46',NULL,NULL,NULL),(62,65,147,0,NULL,'2014-11-20 11:22:22',NULL,NULL,NULL),(63,66,147,0,NULL,'2014-11-20 11:22:22',NULL,NULL,NULL);
/*!40000 ALTER TABLE `donation_social_network_map` ENABLE KEYS */;
UNLOCK TABLES;

--
-- Table structure for table `donor_entity_donate_map`
--

DROP TABLE IF EXISTS `donor_entity_donate_map`;
/*!40101 SET @saved_cs_client     = @@character_set_client */;
/*!40101 SET character_set_client = utf8 */;
CREATE TABLE `donor_entity_donate_map` (
  `id` bigint(20) unsigned NOT NULL AUTO_INCREMENT,
  `individual_donor_id` bigint(20) unsigned NOT NULL,
  `donation_made_on` datetime DEFAULT NULL,
  `money` decimal(15,2) DEFAULT NULL,
  `time` decimal(15,2) DEFAULT NULL,
  `entity_id` bigint(20) unsigned DEFAULT '0',
  `entity_name` varchar(512) DEFAULT NULL,
  `status` varchar(25) DEFAULT NULL,
  `created_date` timestamp NOT NULL DEFAULT CURRENT_TIMESTAMP,
  `user_created` bigint(11) DEFAULT NULL,
  `last_update_date` timestamp NULL DEFAULT NULL,
  `last_user_update` bigint(11) DEFAULT NULL,
  PRIMARY KEY (`id`),
  KEY `donor_entity_donate_map_individual_donor_idx` (`individual_donor_id`),
  CONSTRAINT `fk_donor_entity_donate_map_individual_donor_id` FOREIGN KEY (`individual_donor_id`) REFERENCES `individual_donor` (`id`) ON DELETE NO ACTION ON UPDATE NO ACTION
) ENGINE=InnoDB AUTO_INCREMENT=158 DEFAULT CHARSET=utf8;
/*!40101 SET character_set_client = @saved_cs_client */;

--
-- Dumping data for table `donor_entity_donate_map`
--

LOCK TABLES `donor_entity_donate_map` WRITE;
/*!40000 ALTER TABLE `donor_entity_donate_map` DISABLE KEYS */;
INSERT INTO `donor_entity_donate_map` VALUES (15,15,'2014-10-22 00:00:00',NULL,2.00,0,'American Red Cross',NULL,'2014-10-30 08:54:27',NULL,NULL,NULL),(19,16,'2014-10-15 00:00:00',100.00,5.00,0,'Jewish Federation of San Diego',NULL,'2014-10-30 08:54:27',NULL,NULL,NULL),(20,19,'2014-10-24 00:00:00',100.00,NULL,0,'red cross',NULL,'2014-10-30 08:54:27',NULL,NULL,NULL),(29,22,'2014-10-25 00:00:00',NULL,2.50,0,'Encinitas 101',NULL,'2014-10-30 08:54:27',NULL,NULL,NULL),(46,12,'2014-10-30 00:00:00',1.00,NULL,0,'abc',NULL,'2014-10-30 23:37:21',NULL,NULL,NULL),(51,13,'2003-05-20 00:00:00',NULL,500.00,0,'211 San Diego',NULL,'2014-11-03 18:11:33',NULL,NULL,NULL),(52,13,'2014-10-06 00:00:00',2000.00,800.00,0,'Palomar Observatory',NULL,'2014-11-03 18:11:33',NULL,NULL,NULL),(113,9,'2011-10-06 00:00:00',100.00,NULL,0,'test',NULL,'2014-11-10 19:54:50',NULL,NULL,NULL),(114,9,'2014-09-10 00:00:00',50.00,5.00,0,'test 1',NULL,'2014-11-10 19:54:50',NULL,NULL,NULL),(123,42,'2014-11-21 00:00:00',200.00,NULL,0,'Red Cross',NULL,'2014-11-24 03:56:29',NULL,NULL,NULL),(124,42,'2014-11-21 00:00:00',200.00,NULL,0,'Red Cross',NULL,'2014-11-24 03:56:29',NULL,NULL,NULL),(125,42,'2014-11-21 00:00:00',300.00,NULL,0,'Org01','DELETED','2014-11-24 03:56:29',NULL,NULL,NULL),(126,42,'2014-11-21 00:00:00',400.00,NULL,0,'Org01','DELETED','2014-11-24 03:56:29',NULL,NULL,NULL),(127,42,'2014-11-20 00:00:00',200.00,NULL,0,'Org01','DELETED','2014-11-24 03:56:29',NULL,NULL,NULL),(128,42,'2014-11-20 00:00:00',100.00,NULL,0,'Org01','DELETED','2014-11-24 03:56:29',NULL,NULL,NULL),(129,42,'2014-11-21 00:00:00',NULL,12.00,0,'Org01','DELETED','2014-11-24 03:56:29',NULL,NULL,NULL),(130,42,'2014-11-21 00:00:00',110.00,NULL,0,'Org01','DELETED','2014-11-24 03:56:29',NULL,NULL,NULL),(131,42,'2014-11-23 00:00:00',100.00,0.00,0,'Org01','DELETED','2014-11-24 10:39:23',NULL,NULL,NULL),(132,42,'2014-11-25 00:00:00',100.00,0.00,0,'Org01','DELETED','2014-11-25 07:34:14',NULL,NULL,NULL),(133,42,'2014-11-25 00:00:00',110.00,0.00,0,'Org01','DELETED','2014-11-25 07:34:57',NULL,NULL,NULL),(134,42,'2014-11-27 00:00:00',100.00,0.00,0,'Org01','DELETED','2014-11-27 07:35:12',NULL,NULL,NULL),(135,42,'2014-11-27 00:00:00',111.00,0.00,0,'Org01','DELETED','2014-11-27 07:40:56',NULL,NULL,NULL),(136,42,'2014-11-27 00:00:00',1110.00,0.00,0,'Org2','DELETED','2014-11-27 07:47:58',NULL,NULL,NULL),(137,42,'2014-11-27 00:00:00',111.00,0.00,0,'Org2','ACTIVE','2014-11-27 07:48:32',NULL,NULL,NULL),(138,42,'2014-11-27 00:00:00',11.00,0.00,0,'Org122','DELETED','2014-11-27 08:14:52',NULL,NULL,NULL),(139,42,'2014-11-27 00:00:00',111.00,0.00,0,'g222','DELETED','2014-11-27 08:39:09',NULL,NULL,NULL),(140,42,'2014-11-27 00:00:00',111.00,0.00,0,'were','DELETED','2014-11-27 08:54:08',NULL,NULL,NULL),(141,42,'2014-11-27 00:00:00',111.00,0.00,0,'Org234','DELETED','2014-11-27 09:29:51',NULL,NULL,NULL),(142,42,'2014-11-26 00:00:00',11.00,1.00,0,'Org6','ACTIVE','2014-11-28 09:53:31',NULL,NULL,NULL),(143,42,'2014-11-28 00:00:00',11.00,0.00,0,'aaaaaaaaa','ACTIVE','2014-11-28 11:21:41',NULL,NULL,NULL),(144,42,'2014-11-28 00:00:00',11.00,0.00,0,'aaaaaaaaa','ACTIVE','2014-11-28 11:22:16',NULL,NULL,NULL),(145,42,'2014-11-28 00:00:00',0.00,1.00,0,'aaaaaaaaa','ACTIVE','2014-11-28 11:22:54',NULL,NULL,NULL),(146,41,'2014-12-02 00:00:00',111.00,0.00,0,'Org2','ACTIVE','2014-12-02 12:03:04',NULL,NULL,NULL),(147,41,'2014-12-02 00:00:00',222.00,0.00,0,'Org2','ACTIVE','2014-12-02 12:03:29',NULL,NULL,NULL),(148,41,'2014-12-02 00:00:00',444.00,0.00,0,'Org1','DELETED','2014-12-02 12:04:31',NULL,NULL,NULL),(149,41,'2014-12-02 00:00:00',555.00,0.00,0,'Org2','ACTIVE','2014-12-02 12:05:15',NULL,NULL,NULL),(150,41,'2014-12-02 00:00:00',111.00,0.00,0,'org2','ACTIVE','2014-12-02 12:05:54',NULL,NULL,NULL),(151,42,'2014-12-02 00:00:00',1.00,0.00,0,'aaaqqqqqq','ACTIVE','2014-12-02 12:20:50',NULL,NULL,NULL),(152,42,'2014-12-02 00:00:00',1.00,0.00,1,'Red Cross','ACTIVE','2014-12-02 12:22:38',NULL,NULL,NULL),(153,42,'2014-12-02 00:00:00',1.00,0.00,1,'Red Cross','ACTIVE','2014-12-02 12:22:43',NULL,NULL,NULL),(154,42,'2014-12-02 00:00:00',1.00,0.00,1,'Red Cross','ACTIVE','2014-12-02 12:22:47',NULL,NULL,NULL),(155,42,'2014-12-02 00:00:00',1.00,0.00,1,'Red Cross','ACTIVE','2014-12-02 12:22:50',NULL,NULL,NULL),(156,42,'2014-12-02 00:00:00',1.00,0.00,1,'Red Cross','ACTIVE','2014-12-02 12:22:53',NULL,NULL,NULL),(157,42,'2014-12-02 00:00:00',1.00,0.00,1,'Red Cross','ACTIVE','2014-12-02 12:23:05',NULL,NULL,NULL);
/*!40000 ALTER TABLE `donor_entity_donate_map` ENABLE KEYS */;
UNLOCK TABLES;

--
-- Table structure for table `donor_profile`
--

DROP TABLE IF EXISTS `donor_profile`;
/*!40101 SET @saved_cs_client     = @@character_set_client */;
/*!40101 SET character_set_client = utf8 */;
CREATE TABLE `donor_profile` (
  `id` bigint(20) unsigned NOT NULL AUTO_INCREMENT,
  `individual_donor_id` bigint(20) unsigned NOT NULL,
  `birthdate` datetime DEFAULT NULL,
  `birthday` varchar(45) DEFAULT NULL,
  `saved_profile` tinyint(4) DEFAULT NULL,
  `birthyear` int(11) DEFAULT NULL,
  `gender` varchar(45) DEFAULT NULL,
  `privacy` varchar(45) DEFAULT NULL,
  `education` tinyint(4) DEFAULT NULL,
  `health` tinyint(4) DEFAULT NULL,
  `human_services` tinyint(4) DEFAULT NULL,
  `poverty` tinyint(4) DEFAULT NULL,
  `environment` tinyint(4) DEFAULT NULL,
  `hunger` tinyint(4) DEFAULT NULL,
  `foreign_affairs` tinyint(4) DEFAULT NULL,
  `social_issues` tinyint(4) DEFAULT NULL,
  `religion` tinyint(4) DEFAULT NULL,
  `art_cultures` tinyint(4) DEFAULT NULL,
  `profile_name` varchar(255) DEFAULT NULL,
  `first_name` varchar(100) DEFAULT NULL,
  `last_name` varchar(100) DEFAULT NULL,
  `location` varchar(512) DEFAULT NULL,
  `user_ip` varchar(255) DEFAULT NULL,
  `profile_picture_name` varchar(255) DEFAULT NULL,
  `total_money` decimal(15,2) DEFAULT NULL,
  `status` varchar(25) DEFAULT NULL,
  `address` varchar(512) DEFAULT NULL,
  `city` varchar(512) DEFAULT NULL,
  `state` varchar(512) DEFAULT NULL,
  `postal_code` varchar(45) DEFAULT NULL,
  `country` varchar(45) DEFAULT NULL,
  `phone` varchar(45) DEFAULT NULL,
  `created_date` timestamp NOT NULL DEFAULT CURRENT_TIMESTAMP,
  `user_created` bigint(11) DEFAULT NULL,
  `last_update_date` timestamp NULL DEFAULT NULL,
  `last_user_update` bigint(11) DEFAULT NULL,
  PRIMARY KEY (`id`),
  KEY `donor_profile_individual_donor_id_idx` (`individual_donor_id`),
  CONSTRAINT `fk_donor_profile_individual_donor_id` FOREIGN KEY (`individual_donor_id`) REFERENCES `individual_donor` (`id`) ON DELETE NO ACTION ON UPDATE NO ACTION
) ENGINE=InnoDB AUTO_INCREMENT=43 DEFAULT CHARSET=utf8;
/*!40101 SET character_set_client = @saved_cs_client */;

--
-- Dumping data for table `donor_profile`
--

LOCK TABLES `donor_profile` WRITE;
/*!40000 ALTER TABLE `donor_profile` DISABLE KEYS */;
INSERT INTO `donor_profile` VALUES (5,5,NULL,'',0,0,'male',NULL,NULL,NULL,NULL,NULL,NULL,NULL,NULL,NULL,NULL,NULL,'f1494503737473791',NULL,NULL,'',NULL,NULL,NULL,NULL,NULL,NULL,NULL,NULL,NULL,NULL,'2014-10-30 08:54:28',NULL,NULL,NULL),(7,7,NULL,'',NULL,0,NULL,NULL,NULL,NULL,NULL,NULL,NULL,NULL,NULL,NULL,NULL,NULL,'t2801556212',NULL,NULL,'',NULL,NULL,NULL,NULL,NULL,NULL,NULL,NULL,NULL,NULL,'2014-10-30 08:54:28',NULL,NULL,NULL),(9,9,NULL,'Jan 1',NULL,0,'male',NULL,0,0,0,0,0,0,0,0,0,0,'f10152412416756446',NULL,NULL,'',NULL,NULL,NULL,NULL,NULL,'','','',NULL,'','2014-10-30 08:54:28',NULL,NULL,NULL),(10,10,NULL,'',NULL,0,NULL,NULL,NULL,NULL,NULL,NULL,NULL,NULL,NULL,NULL,NULL,NULL,'t2711191789',NULL,NULL,'',NULL,NULL,NULL,NULL,NULL,NULL,NULL,NULL,NULL,NULL,'2014-10-30 08:54:28',NULL,NULL,NULL),(11,11,NULL,'',NULL,0,'male',NULL,NULL,NULL,NULL,NULL,NULL,NULL,NULL,NULL,NULL,NULL,'f295677323964623',NULL,NULL,'',NULL,NULL,NULL,NULL,NULL,NULL,NULL,NULL,NULL,NULL,'2014-10-30 08:54:28',NULL,NULL,NULL),(12,12,'1973-02-20 00:00:00','Feb 20',NULL,1973,'female',NULL,1,1,1,1,0,1,0,1,0,0,'f10205316399295165',NULL,NULL,'Encinitas, California',NULL,NULL,NULL,NULL,NULL,'Encinitas','California','92024',NULL,'','2014-10-30 08:54:28',NULL,NULL,NULL),(13,13,'1971-07-30 00:00:00','Jul 30',NULL,1971,'female',NULL,1,1,1,1,1,1,1,1,1,1,'f10152725973213624',NULL,NULL,'San Diego, Ca',NULL,NULL,NULL,NULL,NULL,'san diego','ca','92101',NULL,'','2014-10-30 08:54:28',NULL,NULL,NULL),(14,14,NULL,'',NULL,0,'male',NULL,1,1,0,1,1,1,0,1,0,1,'t25372542',NULL,NULL,'',NULL,NULL,NULL,NULL,NULL,'','','',NULL,'','2014-10-30 08:54:28',NULL,NULL,NULL),(15,15,'1979-04-10 00:00:00','Apr 10',NULL,1979,'female',NULL,1,1,1,1,1,1,1,1,1,1,'f789941931077782',NULL,NULL,'Oceanside, Ca',NULL,NULL,NULL,NULL,NULL,'Oceanside','CA','92054',NULL,'6198045682','2014-10-30 08:54:28',NULL,NULL,NULL),(16,16,'1985-01-25 00:00:00','Jan 25',NULL,1985,'male',NULL,0,0,1,1,1,0,0,1,0,0,'f10101860476237657',NULL,NULL,'San Diego, Ca',NULL,NULL,NULL,NULL,NULL,'San Diego','CA','92104',NULL,'8582209501','2014-10-30 08:54:28',NULL,NULL,NULL),(18,18,NULL,'',NULL,0,'male',NULL,NULL,NULL,NULL,NULL,NULL,NULL,NULL,NULL,NULL,NULL,'f1477501195862574',NULL,NULL,'',NULL,NULL,NULL,NULL,NULL,NULL,NULL,NULL,NULL,NULL,'2014-10-30 08:54:28',NULL,NULL,NULL),(19,19,NULL,'',NULL,0,NULL,NULL,0,0,0,0,0,0,0,0,0,0,'t2359558903',NULL,NULL,'',NULL,NULL,NULL,NULL,NULL,'','','',NULL,'','2014-10-30 08:54:28',NULL,NULL,NULL),(20,20,NULL,'',NULL,0,'male',NULL,NULL,NULL,NULL,NULL,NULL,NULL,NULL,NULL,NULL,NULL,'f10204090038683776',NULL,NULL,'',NULL,NULL,NULL,NULL,NULL,NULL,NULL,NULL,NULL,NULL,'2014-10-30 08:54:28',NULL,NULL,NULL),(21,21,NULL,'',NULL,0,NULL,NULL,0,0,0,0,0,0,0,0,0,0,'9tJznvwkiT',NULL,NULL,'',NULL,NULL,NULL,NULL,NULL,'','','',NULL,'','2014-10-30 08:54:28',NULL,NULL,NULL),(22,22,'1973-02-20 00:00:00','Feb 20',NULL,1973,'female',NULL,1,1,1,1,0,1,0,1,0,0,'f1559184114311411',NULL,NULL,'Encinitas, Ca',NULL,NULL,NULL,NULL,NULL,'Encinitas','CA','92024',NULL,'','2014-10-30 08:54:28',NULL,NULL,NULL),(30,30,'1973-02-20 00:00:00','Feb 20',NULL,1973,'female',NULL,1,1,1,1,1,1,0,1,0,0,'t35032499',NULL,NULL,'Encinitas, Ca',NULL,NULL,NULL,NULL,NULL,'Encinitas','CA','92024',NULL,'619-743-3050','2014-11-03 16:52:51',NULL,NULL,NULL),(31,31,NULL,'',NULL,0,'male',NULL,NULL,NULL,NULL,NULL,NULL,NULL,NULL,NULL,NULL,NULL,'f598860586892970',NULL,NULL,'',NULL,NULL,NULL,NULL,NULL,NULL,NULL,NULL,NULL,NULL,'2014-11-04 00:20:38',NULL,NULL,NULL),(37,37,NULL,'',NULL,0,NULL,NULL,NULL,NULL,NULL,NULL,NULL,NULL,NULL,NULL,NULL,NULL,'wAbQTx1L97',NULL,NULL,'',NULL,NULL,NULL,NULL,NULL,NULL,NULL,NULL,NULL,NULL,'2014-11-06 12:13:51',NULL,NULL,NULL),(39,39,NULL,'',NULL,0,NULL,NULL,NULL,NULL,NULL,NULL,NULL,NULL,NULL,NULL,NULL,NULL,'t28396278',NULL,NULL,'',NULL,NULL,NULL,NULL,NULL,NULL,NULL,NULL,NULL,NULL,'2014-11-10 18:53:18',NULL,NULL,NULL),(40,40,NULL,'',NULL,0,NULL,NULL,NULL,NULL,NULL,NULL,NULL,NULL,NULL,NULL,NULL,NULL,'UfdasQ9Q0y',NULL,NULL,'',NULL,NULL,NULL,NULL,NULL,NULL,NULL,NULL,NULL,NULL,'2014-11-19 03:56:03',NULL,NULL,NULL),(41,41,'2014-11-20 17:00:00','Nov 21',0,2014,'female',NULL,0,0,0,0,0,0,0,0,0,0,'t223003249',NULL,NULL,'',NULL,NULL,NULL,NULL,NULL,'','','',NULL,'','2014-11-20 07:37:15',NULL,NULL,NULL),(42,42,'1981-11-25 17:00:00','Nov 26',1,1981,'male',NULL,1,1,0,0,0,0,0,0,0,0,'f1021683701191181',NULL,NULL,'HCM, HCM',NULL,NULL,NULL,NULL,NULL,'HCM','HCM','00084',NULL,'9999999999','2014-11-20 07:52:28',NULL,NULL,NULL);
/*!40000 ALTER TABLE `donor_profile` ENABLE KEYS */;
UNLOCK TABLES;

--
-- Table structure for table `donor_social_network_map`
--

DROP TABLE IF EXISTS `donor_social_network_map`;
/*!40101 SET @saved_cs_client     = @@character_set_client */;
/*!40101 SET character_set_client = utf8 */;
CREATE TABLE `donor_social_network_map` (
  `id` bigint(20) unsigned NOT NULL AUTO_INCREMENT,
  `social_network_id` bigint(20) unsigned NOT NULL,
  `individual_donor_id` bigint(20) unsigned NOT NULL,
  `social_network_user_id` varchar(512) DEFAULT NULL,
  `rank` int(11) DEFAULT NULL,
  `display_name` varchar(255) DEFAULT NULL,
  `profile_url` varchar(512) DEFAULT NULL,
  `image_url` varchar(512) DEFAULT NULL,
  `access_token` varchar(255) DEFAULT NULL,
  `secret` varchar(255) DEFAULT NULL,
  `refresh_token` varchar(255) DEFAULT NULL,
  `expire_time` bigint(20) DEFAULT NULL,
  `status` varchar(25) DEFAULT NULL,
  `created_date` timestamp NOT NULL DEFAULT CURRENT_TIMESTAMP,
  `user_created` bigint(11) DEFAULT NULL,
  `last_update_date` timestamp NULL DEFAULT NULL,
  `last_user_update` bigint(11) DEFAULT NULL,
  PRIMARY KEY (`id`),
  KEY `donor_social_network_map_individual_donor_id_idx` (`individual_donor_id`),
  KEY `donor_social_network_social_network_id_idx` (`social_network_id`),
  CONSTRAINT `fk_donor_social_network_map_individual_donor_id` FOREIGN KEY (`individual_donor_id`) REFERENCES `individual_donor` (`id`) ON DELETE NO ACTION ON UPDATE NO ACTION,
  CONSTRAINT `fk_donor_social_network_social_network_id` FOREIGN KEY (`social_network_id`) REFERENCES `social_network` (`id`) ON DELETE NO ACTION ON UPDATE NO ACTION
) ENGINE=InnoDB AUTO_INCREMENT=69 DEFAULT CHARSET=utf8;
/*!40101 SET character_set_client = @saved_cs_client */;

--
-- Dumping data for table `donor_social_network_map`
--

LOCK TABLES `donor_social_network_map` WRITE;
/*!40000 ALTER TABLE `donor_social_network_map` DISABLE KEYS */;
INSERT INTO `donor_social_network_map` VALUES (6,1,5,'1494503737473791',1,'Qun Posiba','http://facebook.com/profile.php?id=1494503737473791','https://graph.facebook.com/1494503737473791/picture?height=160&type=normal&width=160','CAAKACzrOri8BAFDGyRVQ9H30RXMoMbt0bIVYTxoIacWWeDcpp3FGLVdmrN2A5qlaT2oKZArj1d4Gg1KVNN3On1Hf6BwSgR4W7ZB4QZBmmZCXTEkLFZBw7xMLQdOp5TfUqGouIoS5wD2y45v5VZCuBtrBLQXc96Iu8vY3KGJmXRtzBh0PJp3y4sMfskCfoOcL8ZD','',NULL,5183999,NULL,'2014-10-30 08:54:29',NULL,NULL,NULL),(8,2,7,'2801556212',2,'@briancode','http://twitter.com/briancode',NULL,'2801556212-uehkdM9QAPMLHRL0uuhsqbYZekdqN3U9BxcDubz','voppkkU7CFOKUXZO7j08X2clE1IAN5t0FW0eSptUGfHrZ',NULL,NULL,NULL,'2014-10-30 08:54:29',NULL,NULL,NULL),(10,1,9,'10152412416756446',1,'Petar Kralev','http://facebook.com/profile.php?id=10152412416756446','https://graph.facebook.com/10152412416756446/picture?height=160&type=normal&width=160','CAAKACzrOri8BABT3YP52tQJZAhzzk7Yq9Ea0nFyIzu7lkW5krBlrHlVsvMJvoNxyuRnBoJFzKrIG41KNW53yZAbXR5bzCo9trOIRVgzjjHl70k5EbQmmtEYr4kIrRAtgMDPeatwb5BEx6oMhbbQjkzTAQkM5J1OwqKG3zRpUMWdQrJyKf1NDi8tII32IAZD','',NULL,5184000,NULL,'2014-10-30 08:54:29',NULL,NULL,NULL),(11,2,10,'2711191789',2,'@LinhPosiba','http://twitter.com/LinhPosiba',NULL,'2711191789-dW2oo1TlV4owJnEWHCbhLgfPz6HH228DCVHJDzL','wp5PNZ9WqDVT6xfqBjpMH2fJEhZbMCebDCP5hqmUkak1n',NULL,NULL,NULL,'2014-10-30 08:54:29',NULL,NULL,NULL),(12,1,11,'295677323964623',1,'Linh Posiba','http://facebook.com/profile.php?id=295677323964623','https://graph.facebook.com/295677323964623/picture?height=160&type=normal&width=160','CAAKACzrOri8BAEZAEISVKXxKBVKMcYffXeA7NY5gwuNHPdZBImA09vw5MidjQBi9G83L85imyfP3QJTtJTDvbCYYBG4vmULZCMmZBk4dZCCOFl9yanhJMsLag4fl4TZAnesQJTZBDBurztpvGzIZAOPPHiWX8ZAto92LlR9LUi9qJfim7Fs6w5I3U','',NULL,5183999,NULL,'2014-10-30 08:54:29',NULL,NULL,NULL),(13,1,12,'10205316399295165',1,'Amie Brown','http://facebook.com/profile.php?id=10205316399295165','https://graph.facebook.com/10205316399295165/picture?height=160&type=normal&width=160','CAAKACzrOri8BAAWZBv7gztxxlhRZA2Qzht4zcUyvNi71QpBGuDZASbuVlJqjxI2vgkRhxxS3SU5vIxOETdh3UtdTXwjTJwoJFJ6GwBU6AyjK0Azbz99hwc7zv8yMaE07fQSXWYr32RVfxZCAZCbJeSmYeJUMb70bp1d3TDLNSawg4xPqr005ZC','',NULL,5183999,NULL,'2014-10-30 08:54:29',NULL,NULL,NULL),(14,1,13,'10152725973213624',1,'Elizabeth S. Dreicer','http://facebook.com/profile.php?id=10152725973213624','https://graph.facebook.com/10152725973213624/picture?height=160&type=normal&width=160','CAAKACzrOri8BAFw1RNTTDbztvu5azxzgKYoIFlLiMGyEZBUUHWfEUVTG86E6N0Vdsh1ZAma2DZAvtZBcYb5UjGOtmA8hyZCYKIoo9ZAkijKIZCyYDoXGVXEV8h1Di6lG6f3btLPfP1ZB1fXNKqgGpyp1LfcHNcmoHMQiFHKvzo2sFjiPbOCbJCbm','',NULL,5183999,NULL,'2014-10-30 08:54:29',NULL,NULL,NULL),(15,2,14,'25372542',2,'@NickyChips','http://twitter.com/NickyChips','http://pbs.twimg.com/profile_images/3263712873/88192b485b5fed78c7d1546955f695b2.jpeg','25372542-36nZ7wxX0K03I5NhkacYkaKlwGlWKwgSkadc0NVIK','mI4nmRcyzktarYGVHVR3r63nOeqF7tZrMAwEGFinjnz3w',NULL,NULL,NULL,'2014-10-30 08:54:29',NULL,NULL,NULL),(16,1,15,'789941931077782',1,'Virginia Upshaw','http://facebook.com/profile.php?id=789941931077782','https://graph.facebook.com/789941931077782/picture?height=160&type=normal&width=160','CAAKACzrOri8BACbKNCHMlD0Q22SYiHZAcUQQtFe5ZAvGTZCxrokHjeYn6ZBIEHpXZBnuxUR4lNuYmAQRl7oVHWCuYTZA49LVuiAoZCYbJwUr4Y3NKCVsuXDk8C1CNcdO6ZCxcGob0KqZB6pZACZBCyEz8PVgNDaQZC66eZANYGaMRuxaZCPv2W13mGipjv','',NULL,5184000,NULL,'2014-10-30 08:54:29',NULL,NULL,NULL),(17,1,16,'10101860476237657',1,'Aaron Truax','http://facebook.com/profile.php?id=10101860476237657','https://graph.facebook.com/10101860476237657/picture?height=160&type=normal&width=160','CAAKACzrOri8BAEI0s5Stim3cKyVW19jYRWlA8XcZCBFXzEJRS8HF3lEWzHDGHXTXM345vvbMNA6UMNjjev9nxZC8b44QhNW0KEME0bdZCO75kzNC7M9A2I4VDQUciHVKJjL8A6ZAAYhZBRXdcm6oLoAkOXHFpKSjWTZC09ztGcosPUoJF4OMsl1IvoiPzv2ZAoZD','',NULL,5183999,NULL,'2014-10-30 08:54:29',NULL,NULL,NULL),(19,1,18,'1477501195862574',1,'Tom Code','http://facebook.com/profile.php?id=1477501195862574','https://graph.facebook.com/1477501195862574/picture?height=160&type=normal&width=160','CAAKACzrOri8BAA9VDB7JM9lXg8XvCxYJhmNa3Kh7jZBAanCa0I5mZCPFuE8BcvrZArsd2OVeOvwDbtm6DK407yCiZBMHCh5dh6G9nAvOeFxhZB7ZBnXdEyGZADrT0Lug65ZBVcuRZATt6ZAhZARWyTggrlHDwUQSZAQS3hxchH66Of1ZCmyVUzAVvkSFU8IwvGY11gWEZD','',NULL,5183999,NULL,'2014-10-30 08:54:29',NULL,NULL,NULL),(20,2,19,'2359558903',2,'@VuDoLan','http://twitter.com/VuDoLan',NULL,'2359558903-DzllmLJDUUGNUBhTDMXMRKnT2PInjZtHor2Zo3y','vo6ZpPdPoN9tVCdpg314tqTNi0kb93m1tDnxVWasy8opw',NULL,NULL,NULL,'2014-10-30 08:54:29',NULL,NULL,NULL),(21,1,20,'10204090038683776',1,'Lan Vu','http://facebook.com/profile.php?id=10204090038683776','https://graph.facebook.com/10204090038683776/picture?height=160&type=normal&width=160','CAAKACzrOri8BAIX03SoZBGRgFM1dXT6vrw3wor7MxSbxpipjLRc19LsqQi6qy3ZBIcnKcuWXpQaXYCeOABEjig8uzYDaZClccXZCUwHORRgdgeOm1SsjODZBhxeibyyZA51dH41ufYB5XCpT6YqtUZAZA8OHD19911l5sfW1Xc7WbTgbZCWQTYzvN','',NULL,5184000,NULL,'2014-10-30 08:54:29',NULL,NULL,NULL),(22,3,21,'9tJznvwkiT',3,'Dong',NULL,'https://media.licdn.com/mpr/mprx/0_76YCwZFKOJwI-FHomkxuSMXyUR5I-3komthfSMZYv7XHnh9k290mf1Vec2T','b54428ac-8cd0-44e6-bc40-f698f4bed10e','ba487155-ced1-47b4-99c0-6fc64d9d2e81',NULL,NULL,NULL,'2014-10-30 08:54:29',NULL,NULL,NULL),(23,3,12,'NYO5BUTaFs',3,'Amie',NULL,'https://media.licdn.com/mpr/mprx/0_1q5oZ3G2HidK4M93qBwXjhhuu1UpUM93qzRbYhrG3bV00Zk7nXX6po8xxP1','f2a5d280-3089-438f-9f79-e5630644e34d','7870f564-b007-46ca-a402-2bd6df916113',NULL,NULL,NULL,'2014-10-30 08:54:29',NULL,NULL,NULL),(24,1,22,'1559184114311411',1,'Amie Brown','http://facebook.com/profile.php?id=1559184114311411','https://graph.facebook.com/1559184114311411/picture?height=160&type=normal&width=160','CAAKACzrOri8BABlXZBf36HwClU3wd7tGZAj715rCrJbb3gTsSQ6StsFtuxEurZAdcSmF0c0Da2AyyPq2JuZB1HGfw2lwz3BBVilNNIUOKNddsW6O3gFsyIixYbgERGjqOvnFCQ4EXsq6sN28t8YBHQTHvULnOL5wNX75ZBWpr2FsIvR15qJLA','',NULL,5183999,NULL,'2014-10-30 08:54:29',NULL,NULL,NULL),(34,2,30,'35032499',2,'@amiembrown','http://twitter.com/amiembrown','http://pbs.twimg.com/profile_images/413057819772850176/iHwY0UUE.jpeg','35032499-BujRFkYugDytPNB4YMPtDDk3v7VALOp9OpS7l8f06','vRMsA0qS0MBzXogMp44vkSi4rc5hQSqsgFh5jpyNUmZEe',NULL,NULL,NULL,'2014-11-03 16:52:51',NULL,NULL,NULL),(35,1,30,'10205316399295165',1,'Amie Brown','http://facebook.com/profile.php?id=10205316399295165','https://graph.facebook.com/10205316399295165/picture?height=160&type=normal&width=160','CAAKACzrOri8BAEauMBkgmimpEjc0miouZCeJjgsqNAeaQjG5THjciDxxuqiz2SZA6f6Xd0g6URXqalttTFOgiYvAReqAZAsiz27Xum5xs2CQZBVCwZBXhX2jn834rTuQw51Y6oARLD3Evne6d7oZA11gCVX9smeBDGkLZAASX5fuY6Uet8VEFaa8ksZAJZCqLousZD','',NULL,5184000,NULL,'2014-11-03 23:14:02',NULL,NULL,NULL),(36,3,30,'NYO5BUTaFs',3,'Amie',NULL,'https://media.licdn.com/mpr/mprx/0_1q5oZ3G2HidK4M93qBwXjhhuu1UpUM93qzRbYhrG3bV00Zk7nXX6po8xxP1','f2a5d280-3089-438f-9f79-e5630644e34d','7870f564-b007-46ca-a402-2bd6df916113',NULL,NULL,NULL,'2014-11-03 23:14:02',NULL,NULL,NULL),(37,1,31,'598860586892970',1,'Mordecai Cohen','http://facebook.com/profile.php?id=598860586892970','https://graph.facebook.com/598860586892970/picture?height=160&type=normal&width=160','CAAKACzrOri8BAIBe3apDI4KppgeYPFEZC5uLY1nYwJyT2McHuvyRq7vaVYifMYe5V2FgXikn4sOrmvCeAZBFCTuJlWphpXUdJvpYhZBNdjiiro1WHzO6wbe1iie8POppjxxr2UNePogNDjU0hE7Ia5q1WYq8ZAAUo8ga37IwM4PHGxn00Ra9pNxJXSnjtYYZD','',NULL,5184000,NULL,'2014-11-04 00:20:38',NULL,NULL,NULL),(38,2,31,'36466096',2,'@JewishSanDiego','http://twitter.com/JewishSanDiego','http://pbs.twimg.com/profile_images/2849251352/9c39b0cb159c91978750fc58538b6c28.png','36466096-vN7rNMxFRSWn0MIWwSNbuhuSb2dgq19uIqfUADu0S','0Ah38G1JEQhYkMD5OoaDFAdLjVbVLL7V6sKuQxIh7F4h9',NULL,NULL,NULL,'2014-11-04 00:20:38',NULL,NULL,NULL),(41,2,22,'2861546739',2,'@GivnBrown','http://twitter.com/GivnBrown',NULL,'2861546739-vVBR7bhGT3pm2B4yxAvWSTsjuThOSQ44BdvSz1W','mIgkc9YeFxkQpmIevaC3b1eYTxytU63Xy2RHzLytMEl5s',NULL,NULL,NULL,'2014-11-04 22:45:15',NULL,NULL,NULL),(42,3,22,'NYO5BUTaFs',3,'Amie',NULL,'https://media.licdn.com/mpr/mprx/0_1q5oZ3G2HidK4M93qBwXjhhuu1UpUM93qzRbYhrG3bV00Zk7nXX6po8xxP1','f2a5d280-3089-438f-9f79-e5630644e34d','7870f564-b007-46ca-a402-2bd6df916113',NULL,NULL,NULL,'2014-11-04 22:51:39',NULL,NULL,NULL),(58,2,37,'2890601569',2,'@ThanhTuPosiba','http://twitter.com/ThanhTuPosiba',NULL,'2890601569-ytPulwgKLSZVly4fxNO7ZgPIXYIoMDvzPsXRd8M','ZgM8UIkFc5kl52qohxO1996peMOOnej8V56d390zdp6O9',NULL,NULL,NULL,'2014-11-06 12:13:51',NULL,NULL,NULL),(59,3,37,'wAbQTx1L97',3,'aa',NULL,NULL,'6aef7317-f7dd-400a-8055-666b8077c91d','a879c533-7986-4dbc-b8b8-52acaaf5258b',NULL,NULL,NULL,'2014-11-06 12:13:51',NULL,NULL,NULL),(60,3,9,'T7HmkwqrIN',3,'Petar',NULL,'https://media.licdn.com/mpr/mprx/0_xnjNTBetiEpD10GsxzxsX9LrbIGSnDmsYv_Jb9NyWx_al2pqpQyZLKN-HXB','4e1e09a1-5d4d-4cb8-99cc-26d66bd56eea','de56f834-a178-4cff-9085-49835b9a9083',NULL,NULL,NULL,'2014-11-06 20:20:30',NULL,NULL,NULL),(62,2,39,'28396278',2,'@emic3','http://twitter.com/emic3','http://pbs.twimg.com/profile_images/2344634951/vhixr4nli6yhnj56u5eu.jpeg','28396278-aakGIbpWMDWOsu10TysZTP39yHAnsASaVa21avuZ8','6kP87qHA2b8TrgpwdtqC8fTH4XCY2i7F5ZxafY4YZ85Lx',NULL,NULL,NULL,'2014-11-10 18:53:18',NULL,NULL,NULL),(63,3,40,'UfdasQ9Q0y',3,'Long',NULL,NULL,'977cb25c-6ac9-48f6-b366-2f65926cd91a','3c6f702c-f39d-4c31-8e85-c877f9e17b40',NULL,NULL,NULL,'2014-11-19 03:56:03',NULL,NULL,NULL),(64,2,41,'223003249',2,'@ndlongit','http://twitter.com/ndlongit',NULL,'223003249-mFt3vwpP7czkZitXQnx9E2fu5qTTmFfoftmBls95','1w6hzuPV6uIiW6UY1KnN6wSHgbRymSfSVvCpJCUTHgg96',NULL,NULL,NULL,'2014-11-20 07:37:15',NULL,NULL,NULL),(65,1,42,'1021683701191181',1,'Long Nguyn','http://facebook.com/profile.php?id=1021683701191181','https://graph.facebook.com/1021683701191181/picture?height=160&type=normal&width=160','CAAUZC3GnpbxkBAEK24oDcLgjA68B6tsOLuvXSPASfZA1bCxO06oqpAx0sNt8cavJmdwpAk7kZAbHyj3DtrjgZAlbM2smr99RJHVZAhWy25EJmh2f6GMoZAmZAU0ZAi4bCDaMlZAYIllcFlq1rc7peDuaAz5au1HKxZA3zpvRGpwxzPOdOdyoZBt61dx','',NULL,5183999,NULL,'2014-11-20 07:52:28',NULL,NULL,NULL),(66,2,42,'223003249',2,'@ndlongit','http://twitter.com/ndlongit',NULL,'223003249-mFt3vwpP7czkZitXQnx9E2fu5qTTmFfoftmBls95','1w6hzuPV6uIiW6UY1KnN6wSHgbRymSfSVvCpJCUTHgg96',NULL,NULL,NULL,'2014-11-20 11:22:22',NULL,NULL,NULL),(67,3,41,'UfdasQ9Q0y',3,'Long',NULL,NULL,'977cb25c-6ac9-48f6-b366-2f65926cd91a','3c6f702c-f39d-4c31-8e85-c877f9e17b40',NULL,NULL,NULL,'2014-12-02 11:56:14',NULL,NULL,NULL),(68,1,41,'1021683701191181',1,'Long Nguyn','http://facebook.com/profile.php?id=1021683701191181','https://graph.facebook.com/1021683701191181/picture?height=160&type=normal&width=160','CAAUZC3GnpbxkBAHbJ9qr4JAahNbbgxRCtf3yaoUy7XAbndOp2G2mYskhMTHEtiRrKQlvb1kHq5fOYZAbPrM0B76mlvhfnyH0ZAYofnZALI596VBcBq5W865Erk92bHvR08M1lkblF5Ygb81jAqqniW9FfOe7cdx0p97Esr7IoveZBykR90hZAS','',NULL,5182525,NULL,'2014-12-02 12:02:35',NULL,NULL,NULL);
/*!40000 ALTER TABLE `donor_social_network_map` ENABLE KEYS */;
UNLOCK TABLES;

--
-- Table structure for table `donor_visitor_map`
--

DROP TABLE IF EXISTS `donor_visitor_map`;
/*!40101 SET @saved_cs_client     = @@character_set_client */;
/*!40101 SET character_set_client = utf8 */;
CREATE TABLE `donor_visitor_map` (
  `id` bigint(20) unsigned NOT NULL AUTO_INCREMENT,
  `visitor_id` bigint(20) unsigned NOT NULL,
  `individual_donor_id` bigint(20) unsigned DEFAULT NULL,
  `donor_referral_id` bigint(20) unsigned DEFAULT NULL,
  `created_date` timestamp NOT NULL DEFAULT CURRENT_TIMESTAMP,
  `user_created` bigint(11) DEFAULT NULL,
  `last_update_date` timestamp NULL DEFAULT NULL,
  `last_user_update` bigint(11) DEFAULT NULL,
  PRIMARY KEY (`id`),
  KEY `donor_visitor_map_visitor_id_idx` (`visitor_id`),
  KEY `donor_visitor_map_individual_donor_id_idx` (`individual_donor_id`),
  KEY `donor_visitor_map_donor_referral_id_idx` (`donor_referral_id`),
  CONSTRAINT `fk_donor_visitor_map_donor_referral_id` FOREIGN KEY (`donor_referral_id`) REFERENCES `individual_donor` (`id`) ON DELETE NO ACTION ON UPDATE NO ACTION,
  CONSTRAINT `fk_donor_visitor_map_individual_donor_id` FOREIGN KEY (`individual_donor_id`) REFERENCES `individual_donor` (`id`) ON DELETE NO ACTION ON UPDATE NO ACTION,
  CONSTRAINT `fk_donor_visitor_map_visitor_id` FOREIGN KEY (`visitor_id`) REFERENCES `visitor` (`id`) ON DELETE NO ACTION ON UPDATE NO ACTION
) ENGINE=InnoDB AUTO_INCREMENT=124 DEFAULT CHARSET=utf8;
/*!40101 SET character_set_client = @saved_cs_client */;

--
-- Dumping data for table `donor_visitor_map`
--

LOCK TABLES `donor_visitor_map` WRITE;
/*!40000 ALTER TABLE `donor_visitor_map` DISABLE KEYS */;
INSERT INTO `donor_visitor_map` VALUES (10,38,5,NULL,'2014-10-30 08:54:30',NULL,NULL,NULL),(12,41,7,NULL,'2014-10-30 08:54:30',NULL,NULL,NULL),(15,54,9,NULL,'2014-10-30 08:54:30',NULL,NULL,NULL),(16,56,10,NULL,'2014-10-30 08:54:30',NULL,NULL,NULL),(17,65,11,NULL,'2014-10-30 08:54:30',NULL,NULL,NULL),(18,66,12,NULL,'2014-10-30 08:54:30',NULL,NULL,NULL),(19,67,13,NULL,'2014-10-30 08:54:30',NULL,NULL,NULL),(20,68,14,NULL,'2014-10-30 08:54:30',NULL,NULL,NULL),(21,69,15,NULL,'2014-10-30 08:54:30',NULL,NULL,NULL),(22,70,16,NULL,'2014-10-30 08:54:30',NULL,NULL,NULL),(24,71,18,NULL,'2014-10-30 08:54:30',NULL,NULL,NULL),(25,72,19,NULL,'2014-10-30 08:54:30',NULL,NULL,NULL),(26,77,20,NULL,'2014-10-30 08:54:30',NULL,NULL,NULL),(29,80,21,NULL,'2014-10-30 08:54:30',NULL,NULL,NULL),(30,84,12,NULL,'2014-10-30 08:54:30',NULL,NULL,NULL),(31,85,12,NULL,'2014-10-30 08:54:30',NULL,NULL,NULL),(32,86,22,NULL,'2014-10-30 08:54:30',NULL,NULL,NULL),(33,94,22,NULL,'2014-10-30 08:54:30',NULL,NULL,NULL),(34,96,13,NULL,'2014-10-30 08:54:30',NULL,NULL,NULL),(35,99,12,NULL,'2014-10-30 08:54:30',NULL,NULL,NULL),(36,100,20,NULL,'2014-10-30 08:54:30',NULL,NULL,NULL),(37,101,12,NULL,'2014-10-30 08:54:30',NULL,NULL,NULL),(71,292,18,NULL,'2014-10-30 12:08:10',NULL,NULL,NULL),(73,300,12,NULL,'2014-10-30 20:10:42',NULL,NULL,NULL),(74,304,18,NULL,'2014-10-31 08:45:31',NULL,NULL,NULL),(75,310,18,NULL,'2014-11-03 10:41:55',NULL,NULL,NULL),(79,301,30,NULL,'2014-11-03 16:52:51',NULL,NULL,NULL),(80,319,31,NULL,'2014-11-04 00:20:38',NULL,NULL,NULL),(89,349,22,NULL,'2014-11-04 22:45:15',NULL,NULL,NULL),(90,372,13,NULL,'2014-11-05 03:00:47',NULL,NULL,NULL),(91,386,22,NULL,'2014-11-05 19:20:16',NULL,NULL,NULL),(108,337,13,NULL,'2014-11-10 16:20:20',NULL,NULL,NULL),(109,520,39,NULL,'2014-11-10 18:53:18',NULL,NULL,NULL),(110,521,9,NULL,'2014-11-13 04:37:20',NULL,NULL,NULL),(111,523,40,NULL,'2014-11-19 03:56:03',NULL,NULL,NULL),(112,524,41,NULL,'2014-11-20 07:37:15',NULL,NULL,NULL),(113,525,42,NULL,'2014-11-20 07:52:28',NULL,NULL,NULL),(114,531,42,NULL,'2014-11-20 11:22:22',NULL,NULL,NULL),(115,532,41,NULL,'2014-11-21 04:13:02',NULL,NULL,NULL),(116,533,42,NULL,'2014-11-24 03:52:52',NULL,NULL,NULL),(117,530,42,NULL,'2014-11-27 08:29:06',NULL,NULL,NULL),(118,534,41,NULL,'2014-12-01 03:21:26',NULL,NULL,NULL),(119,535,42,NULL,'2014-12-01 03:34:13',NULL,NULL,NULL),(120,536,41,NULL,'2014-12-02 11:56:03',NULL,NULL,NULL),(121,537,42,NULL,'2014-12-02 12:11:52',NULL,NULL,NULL),(122,538,41,NULL,'2014-12-05 10:57:48',NULL,NULL,NULL),(123,539,42,NULL,'2014-12-05 11:01:02',NULL,NULL,NULL);
/*!40000 ALTER TABLE `donor_visitor_map` ENABLE KEYS */;
UNLOCK TABLES;

--
-- Table structure for table `entity`
--

DROP TABLE IF EXISTS `entity`;
/*!40101 SET @saved_cs_client     = @@character_set_client */;
/*!40101 SET character_set_client = utf8 */;
CREATE TABLE `entity` (
  `id` bigint(20) unsigned NOT NULL AUTO_INCREMENT,
  `name` varchar(512) NOT NULL,
  `entity_type_id` bigint(20) NOT NULL,
  `ein` varchar(45) DEFAULT NULL,
  `parent_entity_id` bigint(20) unsigned DEFAULT NULL,
  `url` varchar(512) DEFAULT NULL,
  `logo_filename` varchar(512) DEFAULT NULL,
  `street` varchar(512) DEFAULT NULL,
  `city` varchar(512) DEFAULT NULL,
  `state` varchar(45) DEFAULT NULL,
  `zip` varchar(45) DEFAULT NULL,
  `budget_id` bigint(20) DEFAULT NULL,
  `group_examptmt_num` varchar(45) DEFAULT NULL,
  `subsection_code` varchar(45) DEFAULT NULL,
  `affiliation_code` varchar(45) DEFAULT NULL,
  `classification_code` varchar(45) DEFAULT NULL,
  `rule_date` varchar(45) DEFAULT NULL,
  `deductibility_code` varchar(45) DEFAULT NULL,
  `foundation_code` varchar(45) DEFAULT NULL,
  `activity_codes` varchar(45) DEFAULT NULL,
  `organization_codes` varchar(45) DEFAULT NULL,
  `exampt_status_code` varchar(45) DEFAULT NULL,
  `tax_period` varchar(45) DEFAULT NULL,
  `asset_code` varchar(45) DEFAULT NULL,
  `income_code` varchar(45) DEFAULT NULL,
  `filing_req_code` varchar(45) DEFAULT NULL,
  `pff_filing_req_code` varchar(45) DEFAULT NULL,
  `accounting_period` varchar(45) DEFAULT NULL,
  `asset_amount` double DEFAULT NULL,
  `income_amount` double DEFAULT NULL,
  `revenue_amount` double DEFAULT NULL,
  `status` varchar(25) DEFAULT NULL,
  `created_date` timestamp NOT NULL DEFAULT CURRENT_TIMESTAMP,
  `user_created` bigint(11) DEFAULT NULL,
  `last_update_date` timestamp NULL DEFAULT NULL,
  `last_user_update` bigint(11) DEFAULT NULL,
  PRIMARY KEY (`id`),
  UNIQUE KEY `ein_UNIQUE` (`ein`),
  KEY `entity_entity_type_id_idx` (`entity_type_id`),
  KEY `entity_budget_id_idx` (`budget_id`),
  KEY `entity_parent_entity_id_idx` (`parent_entity_id`),
  CONSTRAINT `fk_entity_budget_id` FOREIGN KEY (`budget_id`) REFERENCES `budget` (`id`),
  CONSTRAINT `fk_entity_entity_type_id` FOREIGN KEY (`entity_type_id`) REFERENCES `entity_type` (`id`) ON DELETE NO ACTION ON UPDATE NO ACTION,
  CONSTRAINT `fk_entity_parent_entity_id` FOREIGN KEY (`parent_entity_id`) REFERENCES `entity` (`id`) ON DELETE NO ACTION ON UPDATE NO ACTION
) ENGINE=InnoDB AUTO_INCREMENT=46 DEFAULT CHARSET=utf8;
/*!40101 SET character_set_client = @saved_cs_client */;

--
-- Dumping data for table `entity`
--

LOCK TABLES `entity` WRITE;
/*!40000 ALTER TABLE `entity` DISABLE KEYS */;
INSERT INTO `entity` VALUES (1,'Red Cross',1,'ein1',NULL,'http://www.redcross.org/',NULL,NULL,NULL,NULL,NULL,1,NULL,NULL,NULL,NULL,NULL,NULL,NULL,NULL,NULL,NULL,NULL,NULL,NULL,NULL,NULL,NULL,NULL,NULL,NULL,NULL,'2014-10-30 08:54:31',1,NULL,1),(2,'World Wild Life',2,'ein2',NULL,'www.worldwildlife.org',NULL,NULL,NULL,NULL,NULL,1,NULL,NULL,NULL,NULL,NULL,NULL,NULL,NULL,NULL,NULL,NULL,NULL,NULL,NULL,NULL,NULL,NULL,NULL,NULL,NULL,'2014-10-30 08:54:31',1,NULL,1),(16,'QA Test 10212014 607PM',3,NULL,NULL,NULL,NULL,NULL,NULL,NULL,NULL,1,NULL,NULL,NULL,NULL,NULL,NULL,NULL,NULL,NULL,NULL,NULL,NULL,NULL,NULL,NULL,NULL,NULL,NULL,NULL,NULL,'2014-10-21 11:09:04',NULL,NULL,NULL),(17,'Jewish Federation of San Diego County',2,NULL,NULL,NULL,NULL,NULL,NULL,NULL,NULL,19,NULL,NULL,NULL,NULL,NULL,NULL,NULL,NULL,NULL,NULL,NULL,NULL,NULL,NULL,NULL,NULL,NULL,NULL,NULL,NULL,'2014-10-22 02:03:04',NULL,NULL,NULL),(18,'Rancho Coastal Humane Society',2,NULL,NULL,NULL,NULL,NULL,NULL,NULL,NULL,9,NULL,NULL,NULL,NULL,NULL,NULL,NULL,NULL,NULL,NULL,NULL,NULL,NULL,NULL,NULL,NULL,NULL,NULL,NULL,NULL,'2014-10-22 02:04:44',NULL,NULL,NULL),(19,'The Paradigm Project',2,NULL,NULL,NULL,NULL,NULL,NULL,NULL,NULL,7,NULL,NULL,NULL,NULL,NULL,NULL,NULL,NULL,NULL,NULL,NULL,NULL,NULL,NULL,NULL,NULL,NULL,NULL,NULL,NULL,'2014-10-22 02:06:14',NULL,NULL,NULL),(20,'North County Lifeline',2,NULL,NULL,NULL,NULL,NULL,NULL,NULL,NULL,18,NULL,NULL,NULL,NULL,NULL,NULL,NULL,NULL,NULL,NULL,NULL,NULL,NULL,NULL,NULL,NULL,NULL,NULL,NULL,NULL,'2014-10-22 02:10:10',NULL,NULL,NULL),(21,'Meals-on-Wheels Greater San Diego, Inc.',2,NULL,NULL,NULL,NULL,NULL,NULL,NULL,NULL,14,NULL,NULL,NULL,NULL,NULL,NULL,NULL,NULL,NULL,NULL,NULL,NULL,NULL,NULL,NULL,NULL,NULL,NULL,NULL,NULL,'2014-10-22 02:14:45',NULL,NULL,NULL),(22,'Girls on the Run of San Diego',2,NULL,NULL,NULL,NULL,NULL,NULL,NULL,NULL,7,NULL,NULL,NULL,NULL,NULL,NULL,NULL,NULL,NULL,NULL,NULL,NULL,NULL,NULL,NULL,NULL,NULL,NULL,NULL,NULL,'2014-10-22 02:15:50',NULL,NULL,NULL),(23,'Keep A Breast Canada',2,NULL,NULL,NULL,NULL,NULL,NULL,NULL,NULL,7,NULL,NULL,NULL,NULL,NULL,NULL,NULL,NULL,NULL,NULL,NULL,NULL,NULL,NULL,NULL,NULL,NULL,NULL,NULL,NULL,'2014-10-22 02:16:56',NULL,NULL,NULL),(24,'Dreams for Change',2,NULL,NULL,NULL,NULL,NULL,NULL,NULL,NULL,7,NULL,NULL,NULL,NULL,NULL,NULL,NULL,NULL,NULL,NULL,NULL,NULL,NULL,NULL,NULL,NULL,NULL,NULL,NULL,NULL,'2014-10-22 02:18:01',NULL,NULL,NULL),(25,'SKIP',2,NULL,NULL,NULL,NULL,NULL,NULL,NULL,NULL,9,NULL,NULL,NULL,NULL,NULL,NULL,NULL,NULL,NULL,NULL,NULL,NULL,NULL,NULL,NULL,NULL,NULL,NULL,NULL,NULL,'2014-10-22 02:21:00',NULL,NULL,NULL),(26,'Boys & Girls Clubs of Carlsbad',2,NULL,NULL,NULL,NULL,NULL,NULL,NULL,NULL,10,NULL,NULL,NULL,NULL,NULL,NULL,NULL,NULL,NULL,NULL,NULL,NULL,NULL,NULL,NULL,NULL,NULL,NULL,NULL,NULL,'2014-10-22 02:22:08',NULL,NULL,NULL),(27,'Mission Edge',2,NULL,NULL,NULL,NULL,NULL,NULL,NULL,NULL,10,NULL,NULL,NULL,NULL,NULL,NULL,NULL,NULL,NULL,NULL,NULL,NULL,NULL,NULL,NULL,NULL,NULL,NULL,NULL,NULL,'2014-10-22 02:23:39',NULL,NULL,NULL),(28,'CONNECT',2,NULL,NULL,NULL,NULL,NULL,NULL,NULL,NULL,11,NULL,NULL,NULL,NULL,NULL,NULL,NULL,NULL,NULL,NULL,NULL,NULL,NULL,NULL,NULL,NULL,NULL,NULL,NULL,NULL,'2014-10-22 02:25:03',NULL,NULL,NULL),(29,'The Glenner Memory Care Centers',2,NULL,NULL,NULL,NULL,NULL,NULL,NULL,NULL,8,NULL,NULL,NULL,NULL,NULL,NULL,NULL,NULL,NULL,NULL,NULL,NULL,NULL,NULL,NULL,NULL,NULL,NULL,NULL,NULL,'2014-10-22 02:26:27',NULL,NULL,NULL),(30,'Community Resource Center',2,NULL,NULL,NULL,NULL,NULL,NULL,NULL,NULL,15,NULL,NULL,NULL,NULL,NULL,NULL,NULL,NULL,NULL,NULL,NULL,NULL,NULL,NULL,NULL,NULL,NULL,NULL,NULL,NULL,'2014-10-24 15:42:19',NULL,NULL,NULL),(31,'test amie',2,NULL,NULL,NULL,NULL,NULL,NULL,NULL,NULL,25,NULL,NULL,NULL,NULL,NULL,NULL,NULL,NULL,NULL,NULL,NULL,NULL,NULL,NULL,NULL,NULL,NULL,NULL,NULL,NULL,'2014-10-27 19:36:35',NULL,NULL,NULL),(32,'QA Test 10302014',2,NULL,NULL,NULL,NULL,NULL,NULL,NULL,NULL,7,NULL,NULL,NULL,NULL,NULL,NULL,NULL,NULL,NULL,NULL,NULL,NULL,NULL,NULL,NULL,NULL,NULL,NULL,NULL,NULL,'2014-10-30 10:26:49',NULL,NULL,NULL),(33,'DonationMatch.com',3,NULL,NULL,NULL,NULL,NULL,NULL,NULL,NULL,1,NULL,NULL,NULL,NULL,NULL,NULL,NULL,NULL,NULL,NULL,NULL,NULL,NULL,NULL,NULL,NULL,NULL,NULL,NULL,NULL,'2014-11-03 17:03:59',NULL,NULL,NULL),(34,'ANAI, Inc.',2,NULL,NULL,NULL,NULL,NULL,NULL,NULL,NULL,9,NULL,NULL,NULL,NULL,NULL,NULL,NULL,NULL,NULL,NULL,NULL,NULL,NULL,NULL,NULL,NULL,NULL,NULL,NULL,NULL,'2014-11-04 18:58:51',NULL,NULL,NULL),(35,'QA Test Production 1.0.2',2,NULL,NULL,NULL,NULL,NULL,NULL,NULL,NULL,7,NULL,NULL,NULL,NULL,NULL,NULL,NULL,NULL,NULL,NULL,NULL,NULL,NULL,NULL,NULL,NULL,NULL,NULL,NULL,NULL,'2014-11-06 11:16:54',NULL,NULL,NULL),(36,'QA test product',3,NULL,NULL,NULL,NULL,NULL,NULL,NULL,NULL,2,NULL,NULL,NULL,NULL,NULL,NULL,NULL,NULL,NULL,NULL,NULL,NULL,NULL,NULL,NULL,NULL,NULL,NULL,NULL,NULL,'2014-11-06 11:40:49',NULL,NULL,NULL),(37,'Mission Edge',2,NULL,NULL,NULL,NULL,NULL,NULL,NULL,NULL,7,NULL,NULL,NULL,NULL,NULL,NULL,NULL,NULL,NULL,NULL,NULL,NULL,NULL,NULL,NULL,NULL,NULL,NULL,NULL,NULL,'2014-11-06 20:46:02',NULL,NULL,NULL),(38,'The Smith Trust',2,NULL,NULL,NULL,NULL,NULL,NULL,NULL,NULL,38,NULL,NULL,NULL,NULL,NULL,NULL,NULL,NULL,NULL,NULL,NULL,NULL,NULL,NULL,NULL,NULL,NULL,NULL,NULL,NULL,'2014-11-11 19:44:50',NULL,NULL,NULL),(39,'[longnd] test-organization',3,NULL,NULL,NULL,NULL,NULL,NULL,NULL,NULL,4,NULL,NULL,NULL,NULL,NULL,NULL,NULL,NULL,NULL,NULL,NULL,NULL,NULL,NULL,NULL,NULL,NULL,NULL,NULL,NULL,'2014-11-19 03:36:46',NULL,NULL,NULL),(40,'ererter',3,NULL,NULL,NULL,NULL,NULL,NULL,NULL,NULL,4,NULL,NULL,NULL,NULL,NULL,NULL,NULL,NULL,NULL,NULL,NULL,NULL,NULL,NULL,NULL,NULL,NULL,NULL,NULL,NULL,'2014-11-19 09:34:40',NULL,NULL,NULL),(41,'Long 01',2,NULL,NULL,NULL,NULL,NULL,NULL,NULL,NULL,7,NULL,NULL,NULL,NULL,NULL,NULL,NULL,NULL,NULL,NULL,NULL,NULL,NULL,NULL,NULL,NULL,NULL,NULL,NULL,NULL,'2014-12-03 06:28:19',NULL,NULL,NULL),(42,'Long 02',3,NULL,NULL,NULL,NULL,NULL,NULL,NULL,NULL,1,NULL,NULL,NULL,NULL,NULL,NULL,NULL,NULL,NULL,NULL,NULL,NULL,NULL,NULL,NULL,NULL,NULL,NULL,NULL,NULL,'2014-12-03 07:24:49',NULL,NULL,NULL),(43,'uiouiou',2,NULL,NULL,NULL,NULL,NULL,NULL,NULL,NULL,9,NULL,NULL,NULL,NULL,NULL,NULL,NULL,NULL,NULL,NULL,NULL,NULL,NULL,NULL,NULL,NULL,NULL,NULL,NULL,NULL,'2014-12-03 07:41:24',NULL,NULL,NULL),(44,'Long - Org1',2,NULL,NULL,NULL,NULL,NULL,NULL,NULL,NULL,7,NULL,NULL,NULL,NULL,NULL,NULL,NULL,NULL,NULL,NULL,NULL,NULL,NULL,NULL,NULL,NULL,NULL,NULL,NULL,NULL,'2014-12-03 10:26:01',NULL,NULL,NULL),(45,'Long - Org2',2,NULL,NULL,NULL,NULL,NULL,NULL,NULL,NULL,7,NULL,NULL,NULL,NULL,NULL,NULL,NULL,NULL,NULL,NULL,NULL,NULL,NULL,NULL,NULL,NULL,NULL,NULL,NULL,NULL,'2014-12-03 11:59:23',NULL,NULL,NULL);
/*!40000 ALTER TABLE `entity` ENABLE KEYS */;
UNLOCK TABLES;

--
-- Table structure for table `entity_label_map`
--

DROP TABLE IF EXISTS `entity_label_map`;
/*!40101 SET @saved_cs_client     = @@character_set_client */;
/*!40101 SET character_set_client = utf8 */;
CREATE TABLE `entity_label_map` (
  `id` bigint(20) unsigned NOT NULL AUTO_INCREMENT,
  `entity_ID` bigint(20) unsigned NOT NULL,
  `label_id` bigint(20) unsigned NOT NULL,
  `created_date` timestamp NOT NULL DEFAULT CURRENT_TIMESTAMP,
  `user_created` bigint(11) DEFAULT NULL,
  `last_update_date` timestamp NULL DEFAULT NULL,
  `last_user_update` bigint(11) DEFAULT NULL,
  PRIMARY KEY (`id`),
  UNIQUE KEY `entity_label_map_entity_id_UNIQUE` (`entity_ID`),
  UNIQUE KEY `entity_label_map_label_id_UNIQUE` (`label_id`),
  CONSTRAINT `fk_entity_label_map_entity_id` FOREIGN KEY (`entity_ID`) REFERENCES `entity` (`id`) ON DELETE NO ACTION ON UPDATE NO ACTION,
  CONSTRAINT `fk_entity_label_map_label_id` FOREIGN KEY (`label_id`) REFERENCES `label` (`id`) ON DELETE NO ACTION ON UPDATE NO ACTION
) ENGINE=InnoDB DEFAULT CHARSET=utf8;
/*!40101 SET character_set_client = @saved_cs_client */;

--
-- Dumping data for table `entity_label_map`
--

LOCK TABLES `entity_label_map` WRITE;
/*!40000 ALTER TABLE `entity_label_map` DISABLE KEYS */;
/*!40000 ALTER TABLE `entity_label_map` ENABLE KEYS */;
UNLOCK TABLES;

--
-- Table structure for table `entity_service`
--

DROP TABLE IF EXISTS `entity_service`;
/*!40101 SET @saved_cs_client     = @@character_set_client */;
/*!40101 SET character_set_client = utf8 */;
CREATE TABLE `entity_service` (
  `id` bigint(20) unsigned NOT NULL AUTO_INCREMENT,
  `user_id` bigint(20) unsigned NOT NULL,
  `service_id` bigint(20) unsigned NOT NULL,
  `price` varchar(45) DEFAULT NULL,
  `created_date` timestamp NOT NULL DEFAULT CURRENT_TIMESTAMP,
  `user_created` bigint(11) DEFAULT NULL,
  `last_update_date` timestamp NULL DEFAULT NULL,
  `last_user_update` bigint(11) DEFAULT NULL,
  PRIMARY KEY (`id`),
  KEY `service_id_idx` (`service_id`),
  CONSTRAINT `fk_entity_service_service_id` FOREIGN KEY (`service_id`) REFERENCES `service` (`id`) ON DELETE NO ACTION ON UPDATE NO ACTION
) ENGINE=InnoDB DEFAULT CHARSET=utf8;
/*!40101 SET character_set_client = @saved_cs_client */;

--
-- Dumping data for table `entity_service`
--

LOCK TABLES `entity_service` WRITE;
/*!40000 ALTER TABLE `entity_service` DISABLE KEYS */;
/*!40000 ALTER TABLE `entity_service` ENABLE KEYS */;
UNLOCK TABLES;

--
-- Table structure for table `entity_type`
--

DROP TABLE IF EXISTS `entity_type`;
/*!40101 SET @saved_cs_client     = @@character_set_client */;
/*!40101 SET character_set_client = utf8 */;
CREATE TABLE `entity_type` (
  `id` bigint(20) NOT NULL AUTO_INCREMENT,
  `name` varchar(45) NOT NULL,
  `description` varchar(255) NOT NULL DEFAULT ' ',
  `created_date` timestamp NOT NULL DEFAULT CURRENT_TIMESTAMP,
  `user_created` bigint(11) DEFAULT NULL,
  `last_update_date` timestamp NULL DEFAULT NULL,
  `last_user_update` bigint(11) DEFAULT NULL,
  PRIMARY KEY (`id`)
) ENGINE=InnoDB AUTO_INCREMENT=4 DEFAULT CHARSET=utf8;
/*!40101 SET character_set_client = @saved_cs_client */;

--
-- Dumping data for table `entity_type`
--

LOCK TABLES `entity_type` WRITE;
/*!40000 ALTER TABLE `entity_type` DISABLE KEYS */;
INSERT INTO `entity_type` VALUES (1,'Government','Government','2014-10-30 08:54:34',NULL,NULL,NULL),(2,'Nonprofit','Nonprofit','2014-10-30 08:54:34',NULL,NULL,NULL),(3,'Foundation','Foundation','2014-10-30 08:54:34',NULL,NULL,NULL);
/*!40000 ALTER TABLE `entity_type` ENABLE KEYS */;
UNLOCK TABLES;

--
-- Table structure for table `individual_donor`
--

DROP TABLE IF EXISTS `individual_donor`;
/*!40101 SET @saved_cs_client     = @@character_set_client */;
/*!40101 SET character_set_client = utf8 */;
CREATE TABLE `individual_donor` (
  `id` bigint(20) unsigned NOT NULL AUTO_INCREMENT,
  `version` bigint(20) DEFAULT NULL,
  `age` int(11) DEFAULT NULL,
  `amount` int(11) DEFAULT NULL,
  `city` varchar(255) COLLATE utf8_bin DEFAULT NULL,
  `currency` varchar(255) COLLATE utf8_bin DEFAULT NULL,
  `deleted` bit(1) DEFAULT NULL,
  `email` varchar(255) COLLATE utf8_bin DEFAULT NULL,
  `username` varchar(255) COLLATE utf8_bin DEFAULT NULL,
  `account_expired` bit(1) DEFAULT NULL,
  `account_locked` bit(1) DEFAULT NULL,
  `enabled` bit(1) DEFAULT NULL,
  `password` varchar(255) COLLATE utf8_bin DEFAULT NULL,
  `password_expired` bit(1) DEFAULT NULL,
  `first_name` varchar(255) COLLATE utf8_bin DEFAULT NULL,
  `last_name` varchar(255) COLLATE utf8_bin DEFAULT NULL,
  `title` varchar(255) COLLATE utf8_bin DEFAULT NULL,
  `phone` varchar(25) COLLATE utf8_bin DEFAULT NULL,
  `status` varchar(25) COLLATE utf8_bin DEFAULT NULL,
  `created_date` timestamp NOT NULL DEFAULT CURRENT_TIMESTAMP,
  `user_created` bigint(11) DEFAULT NULL,
  `last_update_date` timestamp NULL DEFAULT NULL,
  `last_user_update` bigint(11) DEFAULT NULL,
  `has_accepted_terms` bit(1) DEFAULT b'0',
  PRIMARY KEY (`id`),
  UNIQUE KEY `username_unique` (`username`)
) ENGINE=InnoDB AUTO_INCREMENT=43 DEFAULT CHARSET=utf8 COLLATE=utf8_bin;
/*!40101 SET character_set_client = @saved_cs_client */;

--
-- Dumping data for table `individual_donor`
--

LOCK TABLES `individual_donor` WRITE;
/*!40000 ALTER TABLE `individual_donor` DISABLE KEYS */;
INSERT INTO `individual_donor` VALUES (5,0,NULL,NULL,'','','\0','quan.nguyen@posiba.com','quan.nguyen@posiba.com','\0','\0','','$2a$10$IftVK0fO01WkvCyLGbNJ0.fN4vyRTF/.B41NIuJnxf836dfAm0LMm','\0','Qun','Posiba','',NULL,NULL,'2014-10-30 08:54:35',NULL,NULL,NULL,'\0'),(7,0,NULL,NULL,'','','\0',NULL,'@briancode','\0','\0','','$2a$10$Jqp6wVIlZqiyXkAWGobohePMMl9UhdnXkQNd6ZfjQLtv0ihXdPQjW','\0','Brian Code','','',NULL,NULL,'2014-10-30 08:54:35',NULL,NULL,NULL,'\0'),(9,0,NULL,NULL,NULL,NULL,'\0','petarkralev@gmail.com','petarkralev@gmail.com','\0','\0','','$2a$10$9Ea2g5Yzk6WTxIHTL9N60u389Ajyd504ZVrPktGFuckyvClMD28rS','\0','Petar','Kralev','',NULL,NULL,'2014-10-30 08:54:35',NULL,NULL,NULL,'\0'),(10,0,NULL,NULL,'','','\0',NULL,'@LinhPosiba','\0','\0','','$2a$10$7trdHFSAd0l5e5atuX8g4OR9a3ynS4EAiIG1JbCq9Ylepn7BRi1J2','\0','Linh Phan','','',NULL,NULL,'2014-10-30 08:54:35',NULL,NULL,NULL,'\0'),(11,0,NULL,NULL,'','','\0','linh.phan@posiba.com','linh.phan@posiba.com','\0','\0','','$2a$10$KmMZ1XlY73b1X9YKV3Vqm.WDerJa/lK5eR5hkehSEQtIn1djjAPku','\0','Linh','Posiba','',NULL,NULL,'2014-10-30 08:54:35',NULL,NULL,NULL,'\0'),(12,0,NULL,NULL,NULL,NULL,'\0','amiembrown@yahoo.com','amiembrown@yahoo.com','\0','\0','','$2a$10$d1CNqMWwHlNNyj4kqw1L1e9Y1ru5iiZjkCSDYYIysYeXBEC0H.zKK','\0','Amie','Brown','',NULL,NULL,'2014-10-30 08:54:35',NULL,NULL,NULL,'\0'),(13,0,NULL,NULL,NULL,NULL,'\0','elizabeth@dreicer.com','elizabeth@dreicer.com','\0','\0','','$2a$10$SYDIG0i/zsj1IoXm7I/bjekZ9qcc17eaZNSCFC2dlPSoThJkaLRT6','\0','Elizabeth','Dreicer','',NULL,NULL,'2014-10-30 08:54:35',NULL,NULL,NULL,'\0'),(14,0,NULL,NULL,NULL,NULL,'\0','','@NickyChips','\0','\0','','$2a$10$3ijaoLXv/JFsczlbQzKcxe.rWcpG7hpvIUi9f/kzHJAt7lIglOajO','\0','Nik Souris','','',NULL,NULL,'2014-10-30 08:54:35',NULL,NULL,NULL,'\0'),(15,0,NULL,NULL,NULL,NULL,'\0','giantupshaw@gmail.com','giantupshaw@gmail.com','\0','\0','','$2a$10$Ixlxv3d16lBrlJj81W8Th.dSmr1bsWXqL9xTSklBm.eR00XeY0iBq','\0','Virginia','Upshaw','',NULL,NULL,'2014-10-30 08:54:35',NULL,NULL,NULL,'\0'),(16,0,NULL,NULL,NULL,NULL,'\0','aaronftruax@gmail.com','aaronftruax@gmail.com','\0','\0','','$2a$10$xWg0AHeTEgfg.bK4NQ6vau3ckHHz9t/SkM4IFsgLomoxAYpcPJDU6','\0','Aaron','Truax','',NULL,NULL,'2014-10-30 08:54:35',NULL,NULL,NULL,'\0'),(18,0,NULL,NULL,NULL,NULL,'\0','tomcatcode@gmail.com','tomcatcode@gmail.com','\0','\0','','$2a$10$SsZ2/FRid7lUCrYJJydPouY33sJ16CuJIYS.n8Vsjc1ZYe98DMhQG','\0','Tom','Code','',NULL,NULL,'2014-10-30 08:54:35',NULL,NULL,NULL,'\0'),(19,0,NULL,NULL,NULL,NULL,'\0','','@VuDoLan','\0','\0','','$2a$10$49Ru2S/FVebfXSlJTYoa.uYeAP6e5oOUE.EMFXfBGUa/DRf4DSnom','\0','Vu Do Lan','','',NULL,NULL,'2014-10-30 08:54:35',NULL,NULL,NULL,'\0'),(20,0,NULL,NULL,NULL,NULL,'\0','van2101987@yahoo.com','van2101987@yahoo.com','\0','\0','','$2a$10$XaNuQsaA7gAO2.dfmVRDFu43Za2aGH44eRuaB7SAN6idPoUsAj8VK','\0','Lan','Vu','',NULL,NULL,'2014-10-30 08:54:35',NULL,NULL,NULL,'\0'),(21,0,NULL,NULL,NULL,NULL,'\0','dongphanngoc@yahoo.com','dongphanngoc@yahoo.com','\0','\0','','$2a$10$hdIUSVJgrDaMmNgE0HQpeeqOIazG1rPH/qUZ7N/qQ9a6p27P8nEHi','\0','Dong','Phan','',NULL,NULL,'2014-10-30 08:54:35',NULL,NULL,NULL,'\0'),(22,0,NULL,NULL,NULL,NULL,'\0','amie@posiba.com','amie@posiba.com','\0','\0','','$2a$10$hTtiFy.GAlECgGIerNSkU.zgqgwc1RTMsADfOQrMNFex5lzO/ET.i','\0','Amie','Brown','',NULL,NULL,'2014-10-30 08:54:35',NULL,NULL,NULL,'\0'),(30,0,NULL,NULL,NULL,NULL,'\0','amiembrown@yahoo.com','@amiembrown','\0','\0','','$2a$10$2XvNT/1WRtxe5wW7EcuNnum4K6QWcagsWVTTOQdPV3h7S78KYTMvK','\0','Amie Brown','','',NULL,NULL,'2014-11-03 16:52:51',NULL,NULL,NULL,'\0'),(31,0,NULL,NULL,'','','\0','google@jewishfederationsandiego.org','google@jewishfederationsandiego.org','\0','\0','','$2a$10$0UclwnVxPv1LrfvMKqoXC.A/oOL01omZWFXxmuRHAerMWhzU.7/c.','\0','Mordecai','Cohen','',NULL,NULL,'2014-11-04 00:20:38',NULL,NULL,NULL,'\0'),(37,0,NULL,NULL,'','','\0','thanhtutest1@gmail.com','thanhtutest1@gmail.com','\0','\0','','$2a$10$p3SMEsZVc8qWk89km/L0Wexy4/eXJgqFghKOF3ewfAKMDQsgk0C06','\0','aa','aaa','',NULL,NULL,'2014-11-06 12:13:51',NULL,NULL,NULL,'\0'),(39,0,NULL,NULL,NULL,NULL,'\0',NULL,'@emic3','\0','\0','','$2a$10$FjeyWiN4/qdK.oXTCYlHSuwyRtGR7MUa.wPqJBwfDDNJOVhk2wJAW','\0','Lis Markham','','',NULL,NULL,'2014-11-10 18:53:18',NULL,NULL,NULL,'\0'),(40,0,NULL,NULL,NULL,NULL,'\0','ndlongit@gmail.com','ndlongit@gmail.com','\0','\0','','$2a$10$hxssfEhBKN/Wxu/F0/p.L.Lv0rt2MhV./OCKVMOuIVThuB2uDVg3y','\0','Long','Nguyen','',NULL,NULL,'2014-11-19 03:56:03',NULL,NULL,NULL,'\0'),(41,0,NULL,NULL,NULL,NULL,'\0','admin@posiba.com','@ndlongit','\0','\0','','$2a$10$ZTDRB5zk8J.g9RbQHiDkAOdkPAXFxr6.s70tD2n7v6clT6S1eq2mO','\0','Long Nguyn','','',NULL,NULL,'2014-11-20 07:37:15',NULL,NULL,NULL,'\0'),(42,0,NULL,NULL,NULL,NULL,'\0','ndlongit@yahoo.com','ndlongit@yahoo.com','\0','\0','','$2a$10$bHq.FqQG/FSrdvL6zqA6KeXD8/egdODJXr7ZMngx1czPHdwz1TkUG','\0','Long','Nguyn','',NULL,NULL,'2014-11-20 07:52:28',NULL,NULL,NULL,'');
/*!40000 ALTER TABLE `individual_donor` ENABLE KEYS */;
UNLOCK TABLES;

--
-- Table structure for table `label`
--

DROP TABLE IF EXISTS `label`;
/*!40101 SET @saved_cs_client     = @@character_set_client */;
/*!40101 SET character_set_client = utf8 */;
CREATE TABLE `label` (
  `id` bigint(20) unsigned NOT NULL AUTO_INCREMENT,
  `name` varchar(45) NOT NULL,
  `type` varchar(45) NOT NULL,
  `code` varchar(45) NOT NULL,
  `major_category_code` varchar(10) DEFAULT NULL,
  `major_category_name` varchar(200) DEFAULT NULL,
  `sub_category_code` varchar(10) DEFAULT NULL,
  `sub_category_name` varchar(200) DEFAULT NULL,
  `status` varchar(25) DEFAULT NULL,
  `created_date` timestamp NOT NULL DEFAULT CURRENT_TIMESTAMP,
  `user_created` bigint(11) DEFAULT NULL,
  `last_update_date` timestamp NULL DEFAULT NULL,
  `last_user_update` bigint(11) DEFAULT NULL,
  PRIMARY KEY (`id`)
) ENGINE=InnoDB DEFAULT CHARSET=latin1;
/*!40101 SET character_set_client = @saved_cs_client */;

--
-- Dumping data for table `label`
--

LOCK TABLES `label` WRITE;
/*!40000 ALTER TABLE `label` DISABLE KEYS */;
/*!40000 ALTER TABLE `label` ENABLE KEYS */;
UNLOCK TABLES;

--
-- Table structure for table `menu`
--

DROP TABLE IF EXISTS `menu`;
/*!40101 SET @saved_cs_client     = @@character_set_client */;
/*!40101 SET character_set_client = utf8 */;
CREATE TABLE `menu` (
  `id` bigint(20) unsigned NOT NULL AUTO_INCREMENT,
  `version` bigint(20) NOT NULL,
  `display_name` varchar(255) NOT NULL,
  `thumbnail_link` varchar(255) NOT NULL,
  `account_id` bigint(20) unsigned NOT NULL,
  `menu_type` varchar(255) NOT NULL,
  `link` varchar(255) NOT NULL,
  `icon` varchar(255) NOT NULL,
  `sort_order` int(11) NOT NULL,
  `deleted` bit(1) NOT NULL,
  `name` varchar(255) DEFAULT NULL,
  `created_date` timestamp NOT NULL DEFAULT CURRENT_TIMESTAMP,
  `user_created` bigint(11) DEFAULT NULL,
  `last_update_date` timestamp NULL DEFAULT NULL,
  `last_user_update` bigint(11) DEFAULT NULL,
  PRIMARY KEY (`id`),
  KEY `menu_account_id_idx` (`account_id`),
  CONSTRAINT `fk_menu_account_id2` FOREIGN KEY (`account_id`) REFERENCES `account` (`id`)
) ENGINE=InnoDB AUTO_INCREMENT=46 DEFAULT CHARSET=utf8 ROW_FORMAT=COMPACT;
/*!40101 SET character_set_client = @saved_cs_client */;

--
-- Dumping data for table `menu`
--

LOCK TABLES `menu` WRITE;
/*!40000 ALTER TABLE `menu` DISABLE KEYS */;
INSERT INTO `menu` VALUES (0,2,'Default Views','',0,'defaults','','',0,'\0',NULL,'2014-10-30 08:54:37',NULL,NULL,NULL),(1,0,'Operations','operations',1,'reports','','',0,'\0',NULL,'2014-10-30 08:54:37',NULL,NULL,NULL),(2,0,'Funds','funds',1,'reports','','',1,'\0',NULL,'2014-10-30 08:54:37',NULL,NULL,NULL),(3,0,'Geo Sites','geosites',1,'reports','','',2,'\0',NULL,'2014-10-30 08:54:37',NULL,NULL,NULL),(4,0,'Grantmakers','grantmakers',1,'reports','','',3,'\0',NULL,'2014-10-30 08:54:37',NULL,NULL,NULL),(5,0,'Grantees','grantees',1,'reports','','',4,'\0',NULL,'2014-10-30 08:54:37',NULL,NULL,NULL),(6,0,'Board','board',1,'reports','','',5,'\0',NULL,'2014-10-30 08:54:37',NULL,NULL,NULL),(7,0,'Domain Overlap','domain',1,'reports','','',6,'\0',NULL,'2014-10-30 08:54:37',NULL,NULL,NULL),(8,0,'Interactions','interactions',1,'reports','','',7,'\0',NULL,'2014-10-30 08:54:37',NULL,NULL,NULL),(9,0,'Our Metrics','metrics',1,'reports','','',8,'\0',NULL,'2014-10-30 08:54:37',NULL,NULL,NULL),(10,0,'External Funders','funders',1,'reports','','',9,'\0',NULL,'2014-10-30 08:54:37',NULL,NULL,NULL),(11,0,'Beta','beta',1,'reports','','',10,'\0',NULL,'2014-10-30 08:54:37',NULL,NULL,NULL),(12,0,'Air/Water/Waste','',2,'reports','','icomoon-icon-bars',0,'\0',NULL,'2014-10-30 08:54:37',NULL,NULL,NULL),(13,0,'Economic Indicators','',2,'reports','','icomoon-icon-bars',0,'\0',NULL,'2014-10-30 08:54:37',NULL,NULL,NULL),(14,0,'Energy','',2,'reports','','icomoon-icon-bars',0,'\0',NULL,'2014-10-30 08:54:37',NULL,NULL,NULL),(15,0,'Transportation','',2,'reports','','icomoon-icon-bars',0,'\0',NULL,'2014-10-30 08:54:37',NULL,NULL,NULL),(16,0,'Decision Analytics','board',3,'reports','','',0,'\0',NULL,'2014-10-30 08:54:37',NULL,NULL,NULL),(17,0,'Our Metrics','metrics',3,'reports','','',5,'\0',NULL,'2014-10-30 08:54:37',NULL,NULL,NULL),(18,0,'Funds','funds',3,'reports','','',2,'\0',NULL,'2014-10-30 08:54:37',NULL,NULL,NULL),(19,0,'Beta','beta',3,'reports','','',6,'\0',NULL,'2014-10-30 08:54:37',NULL,NULL,NULL),(20,0,'Training Videos','',1,'training','','icomoon-icon-play',0,'\0',NULL,'2014-10-30 08:54:37',NULL,NULL,NULL),(21,0,'Missing Codes','',1,'project','','brocco-icon-code',0,'\0',NULL,'2014-10-30 08:54:37',NULL,NULL,NULL),(22,0,'Project Progress','',1,'project','','icomoon-icon-notebook',0,'\0',NULL,'2014-10-30 08:54:37',NULL,NULL,NULL),(23,0,'Usage Reports','',1,'project','','icomoon-icon-bars',0,'\0',NULL,'2014-10-30 08:54:37',NULL,NULL,NULL),(24,0,'Geo Sites','geosites',3,'reports','','',3,'\0',NULL,'2014-10-30 08:54:37',NULL,NULL,NULL),(25,0,'Operations','operations',3,'reports','','',1,'\0',NULL,'2014-10-30 08:54:37',NULL,NULL,NULL),(26,0,'Grantees','grantees',3,'reports','','',4,'\0',NULL,'2014-10-30 08:54:37',NULL,NULL,NULL),(27,0,'Operations','operations',10,'reports','','',1,'\0',NULL,'2014-10-30 08:54:37',NULL,NULL,NULL),(28,0,'Grantmakers','grantmakers',10,'reports','','',4,'\0',NULL,'2014-10-30 08:54:37',NULL,NULL,NULL),(29,0,'Funds','funds',10,'reports','','',2,'\0',NULL,'2014-10-30 08:54:37',NULL,NULL,NULL),(30,0,'Geo Sites','geosites',10,'reports','','',3,'\0',NULL,'2014-10-30 08:54:37',NULL,NULL,NULL),(31,0,'Funds','funds',9,'reports','','',2,'\0',NULL,'2014-10-30 08:54:37',NULL,NULL,NULL),(32,0,'Geo Sites','geosites',9,'reports','','',3,'\0',NULL,'2014-10-30 08:54:37',NULL,NULL,NULL),(33,0,'Grantmakers','grantmakers',9,'reports','','',4,'\0',NULL,'2014-10-30 08:54:37',NULL,NULL,NULL),(34,0,'Our Metrics','metrics',9,'reports','','',6,'\0',NULL,'2014-10-30 08:54:37',NULL,NULL,NULL),(35,0,'Operations','operations',9,'reports','','',1,'\0',NULL,'2014-10-30 08:54:37',NULL,NULL,NULL),(36,0,'Operations','operations',11,'reports','','',1,'\0',NULL,'2014-10-30 08:54:37',NULL,NULL,NULL),(37,0,'Funds','funds',11,'reports','','',2,'\0',NULL,'2014-10-30 08:54:37',NULL,NULL,NULL),(38,0,'Geo Sites','geosites',11,'reports','','',3,'\0',NULL,'2014-10-30 08:54:37',NULL,NULL,NULL),(39,0,'Grantees','grantees',11,'reports','','',5,'\0',NULL,'2014-10-30 08:54:37',NULL,NULL,NULL),(40,0,'Grantmakers','grantmakers',11,'reports','','',4,'\0',NULL,'2014-10-30 08:54:37',NULL,NULL,NULL),(41,0,'User Guide','',1,'training','','icomoon-icon-file',0,'\0',NULL,'2014-10-30 08:54:37',NULL,NULL,NULL),(42,0,'Dashboards','',12,'reports','','icomoon-icon-bars',0,'\0',NULL,'2014-10-30 08:54:37',NULL,NULL,NULL),(43,0,'Beta','beta',9,'reports','','',7,'\0',NULL,'2014-10-30 08:54:37',NULL,NULL,NULL),(44,1,'test','',1,'test','','',0,'',NULL,'2014-10-30 08:54:37',NULL,NULL,NULL),(45,0,'Dashboards','',14,'reports','','icomoon-icon-bars',0,'\0',NULL,'2014-10-30 08:54:37',NULL,NULL,NULL);
/*!40000 ALTER TABLE `menu` ENABLE KEYS */;
UNLOCK TABLES;

--
-- Table structure for table `permission`
--

DROP TABLE IF EXISTS `permission`;
/*!40101 SET @saved_cs_client     = @@character_set_client */;
/*!40101 SET character_set_client = utf8 */;
CREATE TABLE `permission` (
  `id` bigint(20) unsigned NOT NULL AUTO_INCREMENT,
  `name` varchar(45) NOT NULL,
  `bitmask` varchar(45) NOT NULL,
  `status` varchar(25) DEFAULT NULL,
  `created_date` timestamp NOT NULL DEFAULT CURRENT_TIMESTAMP,
  `user_created` bigint(11) DEFAULT NULL,
  `last_update_date` timestamp NULL DEFAULT NULL,
  `last_user_update` bigint(11) DEFAULT NULL,
  PRIMARY KEY (`id`)
) ENGINE=InnoDB AUTO_INCREMENT=3 DEFAULT CHARSET=utf8;
/*!40101 SET character_set_client = @saved_cs_client */;

--
-- Dumping data for table `permission`
--

LOCK TABLES `permission` WRITE;
/*!40000 ALTER TABLE `permission` DISABLE KEYS */;
INSERT INTO `permission` VALUES (1,'public','public',NULL,'2014-10-30 08:54:38',NULL,NULL,NULL),(2,'private','private',NULL,'2014-10-30 08:54:38',NULL,NULL,NULL);
/*!40000 ALTER TABLE `permission` ENABLE KEYS */;
UNLOCK TABLES;

--
-- Table structure for table `product`
--

DROP TABLE IF EXISTS `product`;
/*!40101 SET @saved_cs_client     = @@character_set_client */;
/*!40101 SET character_set_client = utf8 */;
CREATE TABLE `product` (
  `id` bigint(20) NOT NULL AUTO_INCREMENT,
  `name` varchar(45) NOT NULL,
  `description` varchar(255) NOT NULL,
  `img_path` varchar(45) DEFAULT NULL,
  `created_date` timestamp NOT NULL DEFAULT CURRENT_TIMESTAMP,
  `user_created` bigint(11) DEFAULT NULL,
  `last_update_date` timestamp NULL DEFAULT NULL,
  `last_user_update` bigint(11) DEFAULT NULL,
  PRIMARY KEY (`id`)
) ENGINE=InnoDB AUTO_INCREMENT=8 DEFAULT CHARSET=utf8;
/*!40101 SET character_set_client = @saved_cs_client */;

--
-- Dumping data for table `product`
--

LOCK TABLES `product` WRITE;
/*!40000 ALTER TABLE `product` DISABLE KEYS */;
INSERT INTO `product` VALUES (1,'givn','Increase donations through your donors\' social networks.','images/donate_checkout.jpg','2014-10-30 08:54:39',NULL,NULL,NULL),(2,'field metrics','See what\'s working on the front line.','images/FieldMetrics_checkout.jpg','2014-10-30 08:54:39',NULL,NULL,NULL),(3,'inside data','See the impact of your work.','images/InsightPortal_checkout.jpg','2014-10-30 08:54:39',NULL,NULL,NULL),(4,'macro trends','Measure and understand areas of interest.','images/metrics_checkout.jpg','2014-10-30 08:54:39',NULL,NULL,NULL),(5,'landscape','See where and how funding is allocated..','images/landscape_checkout.jpg','2014-10-30 08:54:39',NULL,NULL,NULL),(6,'grant match','Connect with others who share your mission.','images/matchmaking_checkout.jpg','2014-10-30 08:54:39',NULL,NULL,NULL),(7,'expert view','Share insights for the greater good.','images/ExpertPortal_checkout.jpg','2014-10-30 08:54:39',NULL,NULL,NULL);
/*!40000 ALTER TABLE `product` ENABLE KEYS */;
UNLOCK TABLES;

--
-- Table structure for table `product_price`
--

DROP TABLE IF EXISTS `product_price`;
/*!40101 SET @saved_cs_client     = @@character_set_client */;
/*!40101 SET character_set_client = utf8 */;
CREATE TABLE `product_price` (
  `id` bigint(20) unsigned NOT NULL AUTO_INCREMENT,
  `product_id` bigint(20) NOT NULL,
  `budget_type_mapping_id` bigint(20) NOT NULL,
  `stripe_id` varchar(45) NOT NULL,
  `price` double DEFAULT NULL,
  `created_date` timestamp NOT NULL DEFAULT CURRENT_TIMESTAMP,
  `user_created` bigint(11) DEFAULT NULL,
  `last_update_date` timestamp NULL DEFAULT NULL,
  `last_user_update` bigint(11) DEFAULT NULL,
  PRIMARY KEY (`id`),
  KEY `product_price_budget_type_mapping_id_idx` (`budget_type_mapping_id`),
  KEY `product_price_product_id_idx` (`product_id`),
  CONSTRAINT `fk_product_price_budget_type_mapping_id` FOREIGN KEY (`budget_type_mapping_id`) REFERENCES `budget_type_mapping` (`id`) ON DELETE NO ACTION ON UPDATE NO ACTION,
  CONSTRAINT `fk_product_price_product_id` FOREIGN KEY (`product_id`) REFERENCES `product` (`id`) ON DELETE NO ACTION ON UPDATE NO ACTION
) ENGINE=InnoDB AUTO_INCREMENT=561 DEFAULT CHARSET=utf8;
/*!40101 SET character_set_client = @saved_cs_client */;

--
-- Dumping data for table `product_price`
--

LOCK TABLES `product_price` WRITE;
/*!40000 ALTER TABLE `product_price` DISABLE KEYS */;
INSERT INTO `product_price` VALUES (1,1,1,'',0,'2014-10-30 08:54:40',NULL,NULL,NULL),(2,1,2,'',0,'2014-10-30 08:54:40',NULL,NULL,NULL),(3,1,3,'',0,'2014-10-30 08:54:40',NULL,NULL,NULL),(4,1,4,'',0,'2014-10-30 08:54:40',NULL,NULL,NULL),(5,1,5,'',0,'2014-10-30 08:54:40',NULL,NULL,NULL),(6,1,6,'',0,'2014-10-30 08:54:40',NULL,NULL,NULL),(7,1,7,'',0,'2014-10-30 08:54:40',NULL,NULL,NULL),(8,1,8,'',0,'2014-10-30 08:54:40',NULL,NULL,NULL),(9,1,9,'',0,'2014-10-30 08:54:40',NULL,NULL,NULL),(10,1,10,'',0,'2014-10-30 08:54:40',NULL,NULL,NULL),(11,1,11,'',0,'2014-10-30 08:54:40',NULL,NULL,NULL),(12,1,12,'',0,'2014-10-30 08:54:40',NULL,NULL,NULL),(13,1,13,'',0,'2014-10-30 08:54:40',NULL,NULL,NULL),(14,1,14,'',0,'2014-10-30 08:54:40',NULL,NULL,NULL),(15,1,15,'',0,'2014-10-30 08:54:40',NULL,NULL,NULL),(16,1,16,'',0,'2014-10-30 08:54:40',NULL,NULL,NULL),(17,1,17,'',0,'2014-10-30 08:54:40',NULL,NULL,NULL),(18,1,18,'',0,'2014-10-30 08:54:40',NULL,NULL,NULL),(19,1,19,'',0,'2014-10-30 08:54:40',NULL,NULL,NULL),(20,1,20,'',0,'2014-10-30 08:54:40',NULL,NULL,NULL),(21,1,21,'',0,'2014-10-30 08:54:40',NULL,NULL,NULL),(22,1,22,'',0,'2014-10-30 08:54:40',NULL,NULL,NULL),(23,1,23,'',0,'2014-10-30 08:54:40',NULL,NULL,NULL),(24,1,24,'',0,'2014-10-30 08:54:40',NULL,NULL,NULL),(25,1,25,'',0,'2014-10-30 08:54:40',NULL,NULL,NULL),(26,1,26,'',0,'2014-10-30 08:54:40',NULL,NULL,NULL),(27,1,27,'',0,'2014-10-30 08:54:40',NULL,NULL,NULL),(28,1,28,'',0,'2014-10-30 08:54:40',NULL,NULL,NULL),(29,1,29,'',0,'2014-10-30 08:54:40',NULL,NULL,NULL),(30,1,30,'',0,'2014-10-30 08:54:40',NULL,NULL,NULL),(31,1,31,'',0,'2014-10-30 08:54:40',NULL,NULL,NULL),(32,1,32,'',0,'2014-10-30 08:54:40',NULL,NULL,NULL),(33,1,33,'',0,'2014-10-30 08:54:40',NULL,NULL,NULL),(34,1,34,'',0,'2014-10-30 08:54:40',NULL,NULL,NULL),(35,1,35,'',0,'2014-10-30 08:54:40',NULL,NULL,NULL),(36,1,36,'',0,'2014-10-30 08:54:40',NULL,NULL,NULL),(37,1,37,'',0,'2014-10-30 08:54:40',NULL,NULL,NULL),(38,1,38,'',0,'2014-10-30 08:54:40',NULL,NULL,NULL),(39,1,39,'',0,'2014-10-30 08:54:40',NULL,NULL,NULL),(40,1,40,'',0,'2014-10-30 08:54:40',NULL,NULL,NULL),(41,1,41,'',0,'2014-10-30 08:54:40',NULL,NULL,NULL),(42,1,42,'',0,'2014-10-30 08:54:40',NULL,NULL,NULL),(43,1,43,'',0,'2014-10-30 08:54:40',NULL,NULL,NULL),(44,1,44,'',0,'2014-10-30 08:54:40',NULL,NULL,NULL),(45,1,45,'',0,'2014-10-30 08:54:40',NULL,NULL,NULL),(46,1,46,'',0,'2014-10-30 08:54:40',NULL,NULL,NULL),(47,1,47,'',0,'2014-10-30 08:54:40',NULL,NULL,NULL),(48,1,48,'',0,'2014-10-30 08:54:40',NULL,NULL,NULL),(49,1,49,'',0,'2014-10-30 08:54:40',NULL,NULL,NULL),(50,1,50,'',0,'2014-10-30 08:54:40',NULL,NULL,NULL),(51,1,51,'',0,'2014-10-30 08:54:40',NULL,NULL,NULL),(52,1,52,'',0,'2014-10-30 08:54:40',NULL,NULL,NULL),(53,1,53,'',0,'2014-10-30 08:54:40',NULL,NULL,NULL),(54,1,54,'',0,'2014-10-30 08:54:40',NULL,NULL,NULL),(55,1,55,'',0,'2014-10-30 08:54:40',NULL,NULL,NULL),(56,1,56,'',0,'2014-10-30 08:54:40',NULL,NULL,NULL),(57,1,57,'',0,'2014-10-30 08:54:40',NULL,NULL,NULL),(58,1,58,'',0,'2014-10-30 08:54:40',NULL,NULL,NULL),(59,1,59,'',0,'2014-10-30 08:54:40',NULL,NULL,NULL),(60,1,60,'',0,'2014-10-30 08:54:40',NULL,NULL,NULL),(61,1,61,'',0,'2014-10-30 08:54:40',NULL,NULL,NULL),(62,1,62,'',0,'2014-10-30 08:54:40',NULL,NULL,NULL),(63,1,63,'',0,'2014-10-30 08:54:40',NULL,NULL,NULL),(64,1,64,'',0,'2014-10-30 08:54:40',NULL,NULL,NULL),(65,1,65,'',0,'2014-10-30 08:54:40',NULL,NULL,NULL),(66,1,66,'',0,'2014-10-30 08:54:40',NULL,NULL,NULL),(67,1,67,'',0,'2014-10-30 08:54:40',NULL,NULL,NULL),(68,1,68,'',0,'2014-10-30 08:54:40',NULL,NULL,NULL),(69,1,69,'',0,'2014-10-30 08:54:40',NULL,NULL,NULL),(70,1,70,'',0,'2014-10-30 08:54:40',NULL,NULL,NULL),(71,1,71,'',0,'2014-10-30 08:54:40',NULL,NULL,NULL),(72,1,72,'',0,'2014-10-30 08:54:40',NULL,NULL,NULL),(73,1,73,'',0,'2014-10-30 08:54:40',NULL,NULL,NULL),(74,1,74,'',0,'2014-10-30 08:54:40',NULL,NULL,NULL),(75,1,75,'',0,'2014-10-30 08:54:40',NULL,NULL,NULL),(76,1,76,'',0,'2014-10-30 08:54:40',NULL,NULL,NULL),(77,1,77,'',0,'2014-10-30 08:54:40',NULL,NULL,NULL),(78,1,78,'',0,'2014-10-30 08:54:40',NULL,NULL,NULL),(79,1,79,'',0,'2014-10-30 08:54:40',NULL,NULL,NULL),(80,1,80,'',0,'2014-10-30 08:54:40',NULL,NULL,NULL),(81,2,1,'',0,'2014-10-30 08:54:40',NULL,NULL,NULL),(82,2,2,'',0,'2014-10-30 08:54:40',NULL,NULL,NULL),(83,2,3,'',0,'2014-10-30 08:54:40',NULL,NULL,NULL),(84,2,4,'',0,'2014-10-30 08:54:40',NULL,NULL,NULL),(85,2,5,'',0,'2014-10-30 08:54:40',NULL,NULL,NULL),(86,2,6,'',0,'2014-10-30 08:54:40',NULL,NULL,NULL),(87,2,7,'',0,'2014-10-30 08:54:40',NULL,NULL,NULL),(88,2,8,'',0,'2014-10-30 08:54:40',NULL,NULL,NULL),(89,2,9,'',0,'2014-10-30 08:54:40',NULL,NULL,NULL),(90,2,10,'',0,'2014-10-30 08:54:40',NULL,NULL,NULL),(91,2,11,'',0,'2014-10-30 08:54:40',NULL,NULL,NULL),(92,2,12,'',0,'2014-10-30 08:54:40',NULL,NULL,NULL),(93,2,13,'',0,'2014-10-30 08:54:40',NULL,NULL,NULL),(94,2,14,'',0,'2014-10-30 08:54:40',NULL,NULL,NULL),(95,2,15,'',0,'2014-10-30 08:54:40',NULL,NULL,NULL),(96,2,16,'',0,'2014-10-30 08:54:40',NULL,NULL,NULL),(97,2,17,'',0,'2014-10-30 08:54:40',NULL,NULL,NULL),(98,2,18,'',0,'2014-10-30 08:54:40',NULL,NULL,NULL),(99,2,19,'',0,'2014-10-30 08:54:40',NULL,NULL,NULL),(100,2,20,'',0,'2014-10-30 08:54:40',NULL,NULL,NULL),(101,2,21,'',0,'2014-10-30 08:54:40',NULL,NULL,NULL),(102,2,22,'',0,'2014-10-30 08:54:40',NULL,NULL,NULL),(103,2,23,'',0,'2014-10-30 08:54:40',NULL,NULL,NULL),(104,2,24,'',0,'2014-10-30 08:54:40',NULL,NULL,NULL),(105,2,25,'',0,'2014-10-30 08:54:40',NULL,NULL,NULL),(106,2,26,'',0,'2014-10-30 08:54:40',NULL,NULL,NULL),(107,2,27,'',0,'2014-10-30 08:54:40',NULL,NULL,NULL),(108,2,28,'',0,'2014-10-30 08:54:40',NULL,NULL,NULL),(109,2,29,'',0,'2014-10-30 08:54:40',NULL,NULL,NULL),(110,2,30,'',0,'2014-10-30 08:54:40',NULL,NULL,NULL),(111,2,31,'',0,'2014-10-30 08:54:40',NULL,NULL,NULL),(112,2,32,'',0,'2014-10-30 08:54:40',NULL,NULL,NULL),(113,2,33,'',0,'2014-10-30 08:54:40',NULL,NULL,NULL),(114,2,34,'',0,'2014-10-30 08:54:40',NULL,NULL,NULL),(115,2,35,'',0,'2014-10-30 08:54:40',NULL,NULL,NULL),(116,2,36,'',0,'2014-10-30 08:54:40',NULL,NULL,NULL),(117,2,37,'',0,'2014-10-30 08:54:40',NULL,NULL,NULL),(118,2,38,'',0,'2014-10-30 08:54:40',NULL,NULL,NULL),(119,2,39,'',0,'2014-10-30 08:54:40',NULL,NULL,NULL),(120,2,40,'',0,'2014-10-30 08:54:40',NULL,NULL,NULL),(121,2,41,'',0,'2014-10-30 08:54:40',NULL,NULL,NULL),(122,2,42,'',0,'2014-10-30 08:54:40',NULL,NULL,NULL),(123,2,43,'',0,'2014-10-30 08:54:40',NULL,NULL,NULL),(124,2,44,'',0,'2014-10-30 08:54:40',NULL,NULL,NULL),(125,2,45,'',0,'2014-10-30 08:54:40',NULL,NULL,NULL),(126,2,46,'',0,'2014-10-30 08:54:40',NULL,NULL,NULL),(127,2,47,'',0,'2014-10-30 08:54:40',NULL,NULL,NULL),(128,2,48,'',0,'2014-10-30 08:54:40',NULL,NULL,NULL),(129,2,49,'',0,'2014-10-30 08:54:40',NULL,NULL,NULL),(130,2,50,'',0,'2014-10-30 08:54:40',NULL,NULL,NULL),(131,2,51,'',0,'2014-10-30 08:54:40',NULL,NULL,NULL),(132,2,52,'',0,'2014-10-30 08:54:40',NULL,NULL,NULL),(133,2,53,'',0,'2014-10-30 08:54:40',NULL,NULL,NULL),(134,2,54,'',0,'2014-10-30 08:54:40',NULL,NULL,NULL),(135,2,55,'',0,'2014-10-30 08:54:40',NULL,NULL,NULL),(136,2,56,'',0,'2014-10-30 08:54:40',NULL,NULL,NULL),(137,2,57,'',0,'2014-10-30 08:54:40',NULL,NULL,NULL),(138,2,58,'',0,'2014-10-30 08:54:40',NULL,NULL,NULL),(139,2,59,'',0,'2014-10-30 08:54:40',NULL,NULL,NULL),(140,2,60,'',0,'2014-10-30 08:54:40',NULL,NULL,NULL),(141,2,61,'',0,'2014-10-30 08:54:40',NULL,NULL,NULL),(142,2,62,'',0,'2014-10-30 08:54:40',NULL,NULL,NULL),(143,2,63,'',0,'2014-10-30 08:54:40',NULL,NULL,NULL),(144,2,64,'',0,'2014-10-30 08:54:40',NULL,NULL,NULL),(145,2,65,'',0,'2014-10-30 08:54:40',NULL,NULL,NULL),(146,2,66,'',0,'2014-10-30 08:54:40',NULL,NULL,NULL),(147,2,67,'',0,'2014-10-30 08:54:40',NULL,NULL,NULL),(148,2,68,'',0,'2014-10-30 08:54:40',NULL,NULL,NULL),(149,2,69,'',0,'2014-10-30 08:54:40',NULL,NULL,NULL),(150,2,70,'',0,'2014-10-30 08:54:40',NULL,NULL,NULL),(151,2,71,'',0,'2014-10-30 08:54:40',NULL,NULL,NULL),(152,2,72,'',0,'2014-10-30 08:54:40',NULL,NULL,NULL),(153,2,73,'',0,'2014-10-30 08:54:40',NULL,NULL,NULL),(154,2,74,'',0,'2014-10-30 08:54:40',NULL,NULL,NULL),(155,2,75,'',0,'2014-10-30 08:54:40',NULL,NULL,NULL),(156,2,76,'',0,'2014-10-30 08:54:40',NULL,NULL,NULL),(157,2,77,'',0,'2014-10-30 08:54:40',NULL,NULL,NULL),(158,2,78,'',0,'2014-10-30 08:54:40',NULL,NULL,NULL),(159,2,79,'',0,'2014-10-30 08:54:40',NULL,NULL,NULL),(160,2,80,'',0,'2014-10-30 08:54:40',NULL,NULL,NULL),(161,3,1,'',19.95,'2014-10-30 08:54:40',NULL,NULL,NULL),(162,3,2,'',29.95,'2014-10-30 08:54:40',NULL,NULL,NULL),(163,3,3,'',39.95,'2014-10-30 08:54:40',NULL,NULL,NULL),(164,3,4,'',49.95,'2014-10-30 08:54:40',NULL,NULL,NULL),(165,3,5,'',59.95,'2014-10-30 08:54:40',NULL,NULL,NULL),(166,3,6,'',69.95,'2014-10-30 08:54:40',NULL,NULL,NULL),(167,3,7,'',79.95,'2014-10-30 08:54:40',NULL,NULL,NULL),(168,3,8,'',99.95,'2014-10-30 08:54:40',NULL,NULL,NULL),(169,3,9,'',119.95,'2014-10-30 08:54:40',NULL,NULL,NULL),(170,3,10,'',139.95,'2014-10-30 08:54:40',NULL,NULL,NULL),(171,3,11,'',169.95,'2014-10-30 08:54:40',NULL,NULL,NULL),(172,3,12,'',199.95,'2014-10-30 08:54:40',NULL,NULL,NULL),(173,3,13,'',234.95,'2014-10-30 08:54:40',NULL,NULL,NULL),(174,3,14,'',269.95,'2014-10-30 08:54:40',NULL,NULL,NULL),(175,3,15,'',309.95,'2014-10-30 08:54:40',NULL,NULL,NULL),(176,3,16,'',359.95,'2014-10-30 08:54:40',NULL,NULL,NULL),(177,3,17,'',419.95,'2014-10-30 08:54:40',NULL,NULL,NULL),(178,3,18,'',479.95,'2014-10-30 08:54:40',NULL,NULL,NULL),(179,3,19,'',549.95,'2014-10-30 08:54:40',NULL,NULL,NULL),(180,3,20,'',619.95,'2014-10-30 08:54:40',NULL,NULL,NULL),(181,3,21,'',699.95,'2014-10-30 08:54:40',NULL,NULL,NULL),(182,3,22,'',799.95,'2014-10-30 08:54:40',NULL,NULL,NULL),(183,3,23,'',899.95,'2014-10-30 08:54:40',NULL,NULL,NULL),(184,3,24,'',995,'2014-10-30 08:54:40',NULL,NULL,NULL),(185,3,25,'',995,'2014-10-30 08:54:40',NULL,NULL,NULL),(186,3,26,'',19.95,'2014-10-30 08:54:40',NULL,NULL,NULL),(187,3,27,'',29.95,'2014-10-30 08:54:40',NULL,NULL,NULL),(188,3,28,'',39.95,'2014-10-30 08:54:40',NULL,NULL,NULL),(189,3,29,'',49.95,'2014-10-30 08:54:40',NULL,NULL,NULL),(190,3,30,'',59.95,'2014-10-30 08:54:40',NULL,NULL,NULL),(191,3,31,'',69.95,'2014-10-30 08:54:40',NULL,NULL,NULL),(192,3,32,'',79.95,'2014-10-30 08:54:40',NULL,NULL,NULL),(193,3,33,'',99.95,'2014-10-30 08:54:40',NULL,NULL,NULL),(194,3,34,'',119.95,'2014-10-30 08:54:40',NULL,NULL,NULL),(195,3,35,'',139.95,'2014-10-30 08:54:40',NULL,NULL,NULL),(196,3,36,'',169.95,'2014-10-30 08:54:40',NULL,NULL,NULL),(197,3,37,'',199.95,'2014-10-30 08:54:40',NULL,NULL,NULL),(198,3,38,'',234.95,'2014-10-30 08:54:40',NULL,NULL,NULL),(199,3,39,'',269.95,'2014-10-30 08:54:40',NULL,NULL,NULL),(200,3,40,'',309.95,'2014-10-30 08:54:40',NULL,NULL,NULL),(201,3,41,'',359.95,'2014-10-30 08:54:40',NULL,NULL,NULL),(202,3,42,'',419.95,'2014-10-30 08:54:40',NULL,NULL,NULL),(203,3,43,'',479.95,'2014-10-30 08:54:40',NULL,NULL,NULL),(204,3,44,'',549.95,'2014-10-30 08:54:40',NULL,NULL,NULL),(205,3,45,'',619.95,'2014-10-30 08:54:40',NULL,NULL,NULL),(206,3,46,'',699.95,'2014-10-30 08:54:40',NULL,NULL,NULL),(207,3,47,'',799.95,'2014-10-30 08:54:40',NULL,NULL,NULL),(208,3,48,'',899.95,'2014-10-30 08:54:40',NULL,NULL,NULL),(209,3,49,'',995,'2014-10-30 08:54:40',NULL,NULL,NULL),(210,3,50,'',995,'2014-10-30 08:54:40',NULL,NULL,NULL),(211,3,51,'',9.95,'2014-10-30 08:54:40',NULL,NULL,NULL),(212,3,52,'',19.95,'2014-10-30 08:54:40',NULL,NULL,NULL),(213,3,53,'',29.95,'2014-10-30 08:54:40',NULL,NULL,NULL),(214,3,54,'',39.95,'2014-10-30 08:54:40',NULL,NULL,NULL),(215,3,55,'',49.95,'2014-10-30 08:54:40',NULL,NULL,NULL),(216,3,56,'',59.95,'2014-10-30 08:54:40',NULL,NULL,NULL),(217,3,57,'',69.95,'2014-10-30 08:54:40',NULL,NULL,NULL),(218,3,58,'',79.95,'2014-10-30 08:54:40',NULL,NULL,NULL),(219,3,59,'',89.95,'2014-10-30 08:54:40',NULL,NULL,NULL),(220,3,60,'',99.95,'2014-10-30 08:54:40',NULL,NULL,NULL),(221,3,61,'',109.95,'2014-10-30 08:54:40',NULL,NULL,NULL),(222,3,62,'',119.95,'2014-10-30 08:54:40',NULL,NULL,NULL),(223,3,63,'',129.95,'2014-10-30 08:54:40',NULL,NULL,NULL),(224,3,64,'',139.95,'2014-10-30 08:54:40',NULL,NULL,NULL),(225,3,65,'',164.95,'2014-10-30 08:54:40',NULL,NULL,NULL),(226,3,66,'',189.95,'2014-10-30 08:54:40',NULL,NULL,NULL),(227,3,67,'',214.95,'2014-10-30 08:54:40',NULL,NULL,NULL),(228,3,68,'',244.95,'2014-10-30 08:54:40',NULL,NULL,NULL),(229,3,69,'',274.95,'2014-10-30 08:54:40',NULL,NULL,NULL),(230,3,70,'',349.95,'2014-10-30 08:54:40',NULL,NULL,NULL),(231,3,71,'',424.95,'2014-10-30 08:54:40',NULL,NULL,NULL),(232,3,72,'',499.95,'2014-10-30 08:54:40',NULL,NULL,NULL),(233,3,73,'',574.95,'2014-10-30 08:54:40',NULL,NULL,NULL),(234,3,74,'',649.95,'2014-10-30 08:54:40',NULL,NULL,NULL),(235,3,75,'',724.95,'2014-10-30 08:54:40',NULL,NULL,NULL),(236,3,76,'',799.95,'2014-10-30 08:54:40',NULL,NULL,NULL),(237,3,77,'',874.95,'2014-10-30 08:54:40',NULL,NULL,NULL),(238,3,78,'',949.95,'2014-10-30 08:54:40',NULL,NULL,NULL),(239,3,79,'',995,'2014-10-30 08:54:40',NULL,NULL,NULL),(240,3,80,'',995,'2014-10-30 08:54:40',NULL,NULL,NULL),(241,4,1,'',19.95,'2014-10-30 08:54:40',NULL,NULL,NULL),(242,4,2,'',29.95,'2014-10-30 08:54:40',NULL,NULL,NULL),(243,4,3,'',39.95,'2014-10-30 08:54:40',NULL,NULL,NULL),(244,4,4,'',49.95,'2014-10-30 08:54:40',NULL,NULL,NULL),(245,4,5,'',59.95,'2014-10-30 08:54:40',NULL,NULL,NULL),(246,4,6,'',69.95,'2014-10-30 08:54:40',NULL,NULL,NULL),(247,4,7,'',79.95,'2014-10-30 08:54:40',NULL,NULL,NULL),(248,4,8,'',99.95,'2014-10-30 08:54:40',NULL,NULL,NULL),(249,4,9,'',119.95,'2014-10-30 08:54:40',NULL,NULL,NULL),(250,4,10,'',139.95,'2014-10-30 08:54:40',NULL,NULL,NULL),(251,4,11,'',169.95,'2014-10-30 08:54:40',NULL,NULL,NULL),(252,4,12,'',199.95,'2014-10-30 08:54:40',NULL,NULL,NULL),(253,4,13,'',234.95,'2014-10-30 08:54:40',NULL,NULL,NULL),(254,4,14,'',269.95,'2014-10-30 08:54:40',NULL,NULL,NULL),(255,4,15,'',309.95,'2014-10-30 08:54:40',NULL,NULL,NULL),(256,4,16,'',359.95,'2014-10-30 08:54:40',NULL,NULL,NULL),(257,4,17,'',419.95,'2014-10-30 08:54:40',NULL,NULL,NULL),(258,4,18,'',479.95,'2014-10-30 08:54:40',NULL,NULL,NULL),(259,4,19,'',549.95,'2014-10-30 08:54:40',NULL,NULL,NULL),(260,4,20,'',619.95,'2014-10-30 08:54:40',NULL,NULL,NULL),(261,4,21,'',699.95,'2014-10-30 08:54:40',NULL,NULL,NULL),(262,4,22,'',799.95,'2014-10-30 08:54:40',NULL,NULL,NULL),(263,4,23,'',899.95,'2014-10-30 08:54:40',NULL,NULL,NULL),(264,4,24,'',995,'2014-10-30 08:54:40',NULL,NULL,NULL),(265,4,25,'',995,'2014-10-30 08:54:40',NULL,NULL,NULL),(266,4,26,'',19.95,'2014-10-30 08:54:40',NULL,NULL,NULL),(267,4,27,'',29.95,'2014-10-30 08:54:40',NULL,NULL,NULL),(268,4,28,'',39.95,'2014-10-30 08:54:40',NULL,NULL,NULL),(269,4,29,'',49.95,'2014-10-30 08:54:40',NULL,NULL,NULL),(270,4,30,'',59.95,'2014-10-30 08:54:40',NULL,NULL,NULL),(271,4,31,'',69.95,'2014-10-30 08:54:40',NULL,NULL,NULL),(272,4,32,'',79.95,'2014-10-30 08:54:40',NULL,NULL,NULL),(273,4,33,'',99.95,'2014-10-30 08:54:40',NULL,NULL,NULL),(274,4,34,'',119.95,'2014-10-30 08:54:40',NULL,NULL,NULL),(275,4,35,'',139.95,'2014-10-30 08:54:40',NULL,NULL,NULL),(276,4,36,'',169.95,'2014-10-30 08:54:40',NULL,NULL,NULL),(277,4,37,'',199.95,'2014-10-30 08:54:40',NULL,NULL,NULL),(278,4,38,'',234.95,'2014-10-30 08:54:40',NULL,NULL,NULL),(279,4,39,'',269.95,'2014-10-30 08:54:40',NULL,NULL,NULL),(280,4,40,'',309.95,'2014-10-30 08:54:40',NULL,NULL,NULL),(281,4,41,'',359.95,'2014-10-30 08:54:40',NULL,NULL,NULL),(282,4,42,'',419.95,'2014-10-30 08:54:40',NULL,NULL,NULL),(283,4,43,'',479.95,'2014-10-30 08:54:40',NULL,NULL,NULL),(284,4,44,'',549.95,'2014-10-30 08:54:40',NULL,NULL,NULL),(285,4,45,'',619.95,'2014-10-30 08:54:40',NULL,NULL,NULL),(286,4,46,'',699.95,'2014-10-30 08:54:40',NULL,NULL,NULL),(287,4,47,'',799.95,'2014-10-30 08:54:40',NULL,NULL,NULL),(288,4,48,'',899.95,'2014-10-30 08:54:40',NULL,NULL,NULL),(289,4,49,'',995,'2014-10-30 08:54:40',NULL,NULL,NULL),(290,4,50,'',995,'2014-10-30 08:54:40',NULL,NULL,NULL),(291,4,51,'',9.95,'2014-10-30 08:54:40',NULL,NULL,NULL),(292,4,52,'',19.95,'2014-10-30 08:54:40',NULL,NULL,NULL),(293,4,53,'',29.95,'2014-10-30 08:54:40',NULL,NULL,NULL),(294,4,54,'',39.95,'2014-10-30 08:54:40',NULL,NULL,NULL),(295,4,55,'',49.95,'2014-10-30 08:54:40',NULL,NULL,NULL),(296,4,56,'',59.95,'2014-10-30 08:54:40',NULL,NULL,NULL),(297,4,57,'',69.95,'2014-10-30 08:54:40',NULL,NULL,NULL),(298,4,58,'',79.95,'2014-10-30 08:54:40',NULL,NULL,NULL),(299,4,59,'',89.95,'2014-10-30 08:54:40',NULL,NULL,NULL),(300,4,60,'',99.95,'2014-10-30 08:54:40',NULL,NULL,NULL),(301,4,61,'',109.95,'2014-10-30 08:54:40',NULL,NULL,NULL),(302,4,62,'',119.95,'2014-10-30 08:54:40',NULL,NULL,NULL),(303,4,63,'',129.95,'2014-10-30 08:54:40',NULL,NULL,NULL),(304,4,64,'',139.95,'2014-10-30 08:54:40',NULL,NULL,NULL),(305,4,65,'',164.95,'2014-10-30 08:54:40',NULL,NULL,NULL),(306,4,66,'',189.95,'2014-10-30 08:54:40',NULL,NULL,NULL),(307,4,67,'',214.95,'2014-10-30 08:54:40',NULL,NULL,NULL),(308,4,68,'',244.95,'2014-10-30 08:54:40',NULL,NULL,NULL),(309,4,69,'',274.95,'2014-10-30 08:54:40',NULL,NULL,NULL),(310,4,70,'',349.95,'2014-10-30 08:54:40',NULL,NULL,NULL),(311,4,71,'',424.95,'2014-10-30 08:54:40',NULL,NULL,NULL),(312,4,72,'',499.95,'2014-10-30 08:54:40',NULL,NULL,NULL),(313,4,73,'',574.95,'2014-10-30 08:54:40',NULL,NULL,NULL),(314,4,74,'',649.95,'2014-10-30 08:54:40',NULL,NULL,NULL),(315,4,75,'',724.95,'2014-10-30 08:54:40',NULL,NULL,NULL),(316,4,76,'',799.95,'2014-10-30 08:54:40',NULL,NULL,NULL),(317,4,77,'',874.95,'2014-10-30 08:54:40',NULL,NULL,NULL),(318,4,78,'',949.95,'2014-10-30 08:54:40',NULL,NULL,NULL),(319,4,79,'',995,'2014-10-30 08:54:40',NULL,NULL,NULL),(320,4,80,'',995,'2014-10-30 08:54:40',NULL,NULL,NULL),(321,5,1,'',19.95,'2014-10-30 08:54:40',NULL,NULL,NULL),(322,5,2,'',29.95,'2014-10-30 08:54:40',NULL,NULL,NULL),(323,5,3,'',39.95,'2014-10-30 08:54:40',NULL,NULL,NULL),(324,5,4,'',49.95,'2014-10-30 08:54:40',NULL,NULL,NULL),(325,5,5,'',59.95,'2014-10-30 08:54:40',NULL,NULL,NULL),(326,5,6,'',69.95,'2014-10-30 08:54:40',NULL,NULL,NULL),(327,5,7,'',79.95,'2014-10-30 08:54:40',NULL,NULL,NULL),(328,5,8,'',99.95,'2014-10-30 08:54:40',NULL,NULL,NULL),(329,5,9,'',119.95,'2014-10-30 08:54:40',NULL,NULL,NULL),(330,5,10,'',139.95,'2014-10-30 08:54:40',NULL,NULL,NULL),(331,5,11,'',169.95,'2014-10-30 08:54:40',NULL,NULL,NULL),(332,5,12,'',199.95,'2014-10-30 08:54:40',NULL,NULL,NULL),(333,5,13,'',234.95,'2014-10-30 08:54:40',NULL,NULL,NULL),(334,5,14,'',269.95,'2014-10-30 08:54:40',NULL,NULL,NULL),(335,5,15,'',309.95,'2014-10-30 08:54:40',NULL,NULL,NULL),(336,5,16,'',359.95,'2014-10-30 08:54:40',NULL,NULL,NULL),(337,5,17,'',419.95,'2014-10-30 08:54:40',NULL,NULL,NULL),(338,5,18,'',479.95,'2014-10-30 08:54:40',NULL,NULL,NULL),(339,5,19,'',549.95,'2014-10-30 08:54:40',NULL,NULL,NULL),(340,5,20,'',619.95,'2014-10-30 08:54:40',NULL,NULL,NULL),(341,5,21,'',699.95,'2014-10-30 08:54:40',NULL,NULL,NULL),(342,5,22,'',799.95,'2014-10-30 08:54:40',NULL,NULL,NULL),(343,5,23,'',899.95,'2014-10-30 08:54:40',NULL,NULL,NULL),(344,5,24,'',995,'2014-10-30 08:54:40',NULL,NULL,NULL),(345,5,25,'',995,'2014-10-30 08:54:40',NULL,NULL,NULL),(346,5,26,'',19.95,'2014-10-30 08:54:40',NULL,NULL,NULL),(347,5,27,'',29.95,'2014-10-30 08:54:40',NULL,NULL,NULL),(348,5,28,'',39.95,'2014-10-30 08:54:40',NULL,NULL,NULL),(349,5,29,'',49.95,'2014-10-30 08:54:40',NULL,NULL,NULL),(350,5,30,'',59.95,'2014-10-30 08:54:40',NULL,NULL,NULL),(351,5,31,'',69.95,'2014-10-30 08:54:40',NULL,NULL,NULL),(352,5,32,'',79.95,'2014-10-30 08:54:40',NULL,NULL,NULL),(353,5,33,'',99.95,'2014-10-30 08:54:40',NULL,NULL,NULL),(354,5,34,'',119.95,'2014-10-30 08:54:40',NULL,NULL,NULL),(355,5,35,'',139.95,'2014-10-30 08:54:40',NULL,NULL,NULL),(356,5,36,'',169.95,'2014-10-30 08:54:40',NULL,NULL,NULL),(357,5,37,'',199.95,'2014-10-30 08:54:40',NULL,NULL,NULL),(358,5,38,'',234.95,'2014-10-30 08:54:40',NULL,NULL,NULL),(359,5,39,'',269.95,'2014-10-30 08:54:40',NULL,NULL,NULL),(360,5,40,'',309.95,'2014-10-30 08:54:40',NULL,NULL,NULL),(361,5,41,'',359.95,'2014-10-30 08:54:40',NULL,NULL,NULL),(362,5,42,'',419.95,'2014-10-30 08:54:40',NULL,NULL,NULL),(363,5,43,'',479.95,'2014-10-30 08:54:40',NULL,NULL,NULL),(364,5,44,'',549.95,'2014-10-30 08:54:40',NULL,NULL,NULL),(365,5,45,'',619.95,'2014-10-30 08:54:40',NULL,NULL,NULL),(366,5,46,'',699.95,'2014-10-30 08:54:40',NULL,NULL,NULL),(367,5,47,'',799.95,'2014-10-30 08:54:40',NULL,NULL,NULL),(368,5,48,'',899.95,'2014-10-30 08:54:40',NULL,NULL,NULL),(369,5,49,'',995,'2014-10-30 08:54:40',NULL,NULL,NULL),(370,5,50,'',995,'2014-10-30 08:54:40',NULL,NULL,NULL),(371,5,51,'',9.95,'2014-10-30 08:54:40',NULL,NULL,NULL),(372,5,52,'',19.95,'2014-10-30 08:54:40',NULL,NULL,NULL),(373,5,53,'',29.95,'2014-10-30 08:54:40',NULL,NULL,NULL),(374,5,54,'',39.95,'2014-10-30 08:54:40',NULL,NULL,NULL),(375,5,55,'',49.95,'2014-10-30 08:54:40',NULL,NULL,NULL),(376,5,56,'',59.95,'2014-10-30 08:54:40',NULL,NULL,NULL),(377,5,57,'',69.95,'2014-10-30 08:54:40',NULL,NULL,NULL),(378,5,58,'',79.95,'2014-10-30 08:54:40',NULL,NULL,NULL),(379,5,59,'',89.95,'2014-10-30 08:54:40',NULL,NULL,NULL),(380,5,60,'',99.95,'2014-10-30 08:54:40',NULL,NULL,NULL),(381,5,61,'',109.95,'2014-10-30 08:54:40',NULL,NULL,NULL),(382,5,62,'',119.95,'2014-10-30 08:54:40',NULL,NULL,NULL),(383,5,63,'',129.95,'2014-10-30 08:54:40',NULL,NULL,NULL),(384,5,64,'',139.95,'2014-10-30 08:54:40',NULL,NULL,NULL),(385,5,65,'',164.95,'2014-10-30 08:54:40',NULL,NULL,NULL),(386,5,66,'',189.95,'2014-10-30 08:54:40',NULL,NULL,NULL),(387,5,67,'',214.95,'2014-10-30 08:54:40',NULL,NULL,NULL),(388,5,68,'',244.95,'2014-10-30 08:54:40',NULL,NULL,NULL),(389,5,69,'',274.95,'2014-10-30 08:54:40',NULL,NULL,NULL),(390,5,70,'',349.95,'2014-10-30 08:54:40',NULL,NULL,NULL),(391,5,71,'',424.95,'2014-10-30 08:54:40',NULL,NULL,NULL),(392,5,72,'',499.95,'2014-10-30 08:54:40',NULL,NULL,NULL),(393,5,73,'',574.95,'2014-10-30 08:54:40',NULL,NULL,NULL),(394,5,74,'',649.95,'2014-10-30 08:54:40',NULL,NULL,NULL),(395,5,75,'',724.95,'2014-10-30 08:54:40',NULL,NULL,NULL),(396,5,76,'',799.95,'2014-10-30 08:54:40',NULL,NULL,NULL),(397,5,77,'',874.95,'2014-10-30 08:54:40',NULL,NULL,NULL),(398,5,78,'',949.95,'2014-10-30 08:54:40',NULL,NULL,NULL),(399,5,79,'',995,'2014-10-30 08:54:40',NULL,NULL,NULL),(400,5,80,'',995,'2014-10-30 08:54:40',NULL,NULL,NULL),(401,6,1,'',19.95,'2014-10-30 08:54:40',NULL,NULL,NULL),(402,6,2,'',29.95,'2014-10-30 08:54:40',NULL,NULL,NULL),(403,6,3,'',39.95,'2014-10-30 08:54:40',NULL,NULL,NULL),(404,6,4,'',49.95,'2014-10-30 08:54:40',NULL,NULL,NULL),(405,6,5,'',59.95,'2014-10-30 08:54:40',NULL,NULL,NULL),(406,6,6,'',69.95,'2014-10-30 08:54:40',NULL,NULL,NULL),(407,6,7,'',79.95,'2014-10-30 08:54:40',NULL,NULL,NULL),(408,6,8,'',99.95,'2014-10-30 08:54:40',NULL,NULL,NULL),(409,6,9,'',119.95,'2014-10-30 08:54:40',NULL,NULL,NULL),(410,6,10,'',139.95,'2014-10-30 08:54:40',NULL,NULL,NULL),(411,6,11,'',169.95,'2014-10-30 08:54:40',NULL,NULL,NULL),(412,6,12,'',199.95,'2014-10-30 08:54:40',NULL,NULL,NULL),(413,6,13,'',234.95,'2014-10-30 08:54:40',NULL,NULL,NULL),(414,6,14,'',269.95,'2014-10-30 08:54:40',NULL,NULL,NULL),(415,6,15,'',309.95,'2014-10-30 08:54:40',NULL,NULL,NULL),(416,6,16,'',359.95,'2014-10-30 08:54:40',NULL,NULL,NULL),(417,6,17,'',419.95,'2014-10-30 08:54:40',NULL,NULL,NULL),(418,6,18,'',479.95,'2014-10-30 08:54:40',NULL,NULL,NULL),(419,6,19,'',549.95,'2014-10-30 08:54:40',NULL,NULL,NULL),(420,6,20,'',619.95,'2014-10-30 08:54:40',NULL,NULL,NULL),(421,6,21,'',699.95,'2014-10-30 08:54:40',NULL,NULL,NULL),(422,6,22,'',799.95,'2014-10-30 08:54:40',NULL,NULL,NULL),(423,6,23,'',899.95,'2014-10-30 08:54:40',NULL,NULL,NULL),(424,6,24,'',995,'2014-10-30 08:54:40',NULL,NULL,NULL),(425,6,25,'',995,'2014-10-30 08:54:40',NULL,NULL,NULL),(426,6,26,'',19.95,'2014-10-30 08:54:40',NULL,NULL,NULL),(427,6,27,'',29.95,'2014-10-30 08:54:40',NULL,NULL,NULL),(428,6,28,'',39.95,'2014-10-30 08:54:40',NULL,NULL,NULL),(429,6,29,'',49.95,'2014-10-30 08:54:40',NULL,NULL,NULL),(430,6,30,'',59.95,'2014-10-30 08:54:40',NULL,NULL,NULL),(431,6,31,'',69.95,'2014-10-30 08:54:40',NULL,NULL,NULL),(432,6,32,'',79.95,'2014-10-30 08:54:40',NULL,NULL,NULL),(433,6,33,'',99.95,'2014-10-30 08:54:40',NULL,NULL,NULL),(434,6,34,'',119.95,'2014-10-30 08:54:40',NULL,NULL,NULL),(435,6,35,'',139.95,'2014-10-30 08:54:40',NULL,NULL,NULL),(436,6,36,'',169.95,'2014-10-30 08:54:40',NULL,NULL,NULL),(437,6,37,'',199.95,'2014-10-30 08:54:40',NULL,NULL,NULL),(438,6,38,'',234.95,'2014-10-30 08:54:40',NULL,NULL,NULL),(439,6,39,'',269.95,'2014-10-30 08:54:40',NULL,NULL,NULL),(440,6,40,'',309.95,'2014-10-30 08:54:40',NULL,NULL,NULL),(441,6,41,'',359.95,'2014-10-30 08:54:40',NULL,NULL,NULL),(442,6,42,'',419.95,'2014-10-30 08:54:40',NULL,NULL,NULL),(443,6,43,'',479.95,'2014-10-30 08:54:40',NULL,NULL,NULL),(444,6,44,'',549.95,'2014-10-30 08:54:40',NULL,NULL,NULL),(445,6,45,'',619.95,'2014-10-30 08:54:40',NULL,NULL,NULL),(446,6,46,'',699.95,'2014-10-30 08:54:40',NULL,NULL,NULL),(447,6,47,'',799.95,'2014-10-30 08:54:40',NULL,NULL,NULL),(448,6,48,'',899.95,'2014-10-30 08:54:40',NULL,NULL,NULL),(449,6,49,'',995,'2014-10-30 08:54:40',NULL,NULL,NULL),(450,6,50,'',995,'2014-10-30 08:54:40',NULL,NULL,NULL),(451,6,51,'',9.95,'2014-10-30 08:54:40',NULL,NULL,NULL),(452,6,52,'',19.95,'2014-10-30 08:54:40',NULL,NULL,NULL),(453,6,53,'',29.95,'2014-10-30 08:54:40',NULL,NULL,NULL),(454,6,54,'',39.95,'2014-10-30 08:54:40',NULL,NULL,NULL),(455,6,55,'',49.95,'2014-10-30 08:54:40',NULL,NULL,NULL),(456,6,56,'',59.95,'2014-10-30 08:54:40',NULL,NULL,NULL),(457,6,57,'',69.95,'2014-10-30 08:54:40',NULL,NULL,NULL),(458,6,58,'',79.95,'2014-10-30 08:54:40',NULL,NULL,NULL),(459,6,59,'',89.95,'2014-10-30 08:54:40',NULL,NULL,NULL),(460,6,60,'',99.95,'2014-10-30 08:54:40',NULL,NULL,NULL),(461,6,61,'',109.95,'2014-10-30 08:54:40',NULL,NULL,NULL),(462,6,62,'',119.95,'2014-10-30 08:54:40',NULL,NULL,NULL),(463,6,63,'',129.95,'2014-10-30 08:54:40',NULL,NULL,NULL),(464,6,64,'',139.95,'2014-10-30 08:54:40',NULL,NULL,NULL),(465,6,65,'',164.95,'2014-10-30 08:54:40',NULL,NULL,NULL),(466,6,66,'',189.95,'2014-10-30 08:54:40',NULL,NULL,NULL),(467,6,67,'',214.95,'2014-10-30 08:54:40',NULL,NULL,NULL),(468,6,68,'',244.95,'2014-10-30 08:54:40',NULL,NULL,NULL),(469,6,69,'',274.95,'2014-10-30 08:54:40',NULL,NULL,NULL),(470,6,70,'',349.95,'2014-10-30 08:54:40',NULL,NULL,NULL),(471,6,71,'',424.95,'2014-10-30 08:54:40',NULL,NULL,NULL),(472,6,72,'',499.95,'2014-10-30 08:54:40',NULL,NULL,NULL),(473,6,73,'',574.95,'2014-10-30 08:54:40',NULL,NULL,NULL),(474,6,74,'',649.95,'2014-10-30 08:54:40',NULL,NULL,NULL),(475,6,75,'',724.95,'2014-10-30 08:54:40',NULL,NULL,NULL),(476,6,76,'',799.95,'2014-10-30 08:54:40',NULL,NULL,NULL),(477,6,77,'',874.95,'2014-10-30 08:54:40',NULL,NULL,NULL),(478,6,78,'',949.95,'2014-10-30 08:54:40',NULL,NULL,NULL),(479,6,79,'',995,'2014-10-30 08:54:40',NULL,NULL,NULL),(480,6,80,'',995,'2014-10-30 08:54:40',NULL,NULL,NULL),(481,7,1,'',19.95,'2014-10-30 08:54:40',NULL,NULL,NULL),(482,7,2,'',29.95,'2014-10-30 08:54:40',NULL,NULL,NULL),(483,7,3,'',39.95,'2014-10-30 08:54:40',NULL,NULL,NULL),(484,7,4,'',49.95,'2014-10-30 08:54:40',NULL,NULL,NULL),(485,7,5,'',59.95,'2014-10-30 08:54:40',NULL,NULL,NULL),(486,7,6,'',69.95,'2014-10-30 08:54:40',NULL,NULL,NULL),(487,7,7,'',79.95,'2014-10-30 08:54:40',NULL,NULL,NULL),(488,7,8,'',99.95,'2014-10-30 08:54:40',NULL,NULL,NULL),(489,7,9,'',119.95,'2014-10-30 08:54:40',NULL,NULL,NULL),(490,7,10,'',139.95,'2014-10-30 08:54:40',NULL,NULL,NULL),(491,7,11,'',169.95,'2014-10-30 08:54:40',NULL,NULL,NULL),(492,7,12,'',199.95,'2014-10-30 08:54:40',NULL,NULL,NULL),(493,7,13,'',234.95,'2014-10-30 08:54:40',NULL,NULL,NULL),(494,7,14,'',269.95,'2014-10-30 08:54:40',NULL,NULL,NULL),(495,7,15,'',309.95,'2014-10-30 08:54:40',NULL,NULL,NULL),(496,7,16,'',359.95,'2014-10-30 08:54:40',NULL,NULL,NULL),(497,7,17,'',419.95,'2014-10-30 08:54:40',NULL,NULL,NULL),(498,7,18,'',479.95,'2014-10-30 08:54:40',NULL,NULL,NULL),(499,7,19,'',549.95,'2014-10-30 08:54:40',NULL,NULL,NULL),(500,7,20,'',619.95,'2014-10-30 08:54:40',NULL,NULL,NULL),(501,7,21,'',699.95,'2014-10-30 08:54:40',NULL,NULL,NULL),(502,7,22,'',799.95,'2014-10-30 08:54:40',NULL,NULL,NULL),(503,7,23,'',899.95,'2014-10-30 08:54:40',NULL,NULL,NULL),(504,7,24,'',995,'2014-10-30 08:54:40',NULL,NULL,NULL),(505,7,25,'',995,'2014-10-30 08:54:40',NULL,NULL,NULL),(506,7,26,'',19.95,'2014-10-30 08:54:40',NULL,NULL,NULL),(507,7,27,'',29.95,'2014-10-30 08:54:40',NULL,NULL,NULL),(508,7,28,'',39.95,'2014-10-30 08:54:40',NULL,NULL,NULL),(509,7,29,'',49.95,'2014-10-30 08:54:40',NULL,NULL,NULL),(510,7,30,'',59.95,'2014-10-30 08:54:40',NULL,NULL,NULL),(511,7,31,'',69.95,'2014-10-30 08:54:40',NULL,NULL,NULL),(512,7,32,'',79.95,'2014-10-30 08:54:40',NULL,NULL,NULL),(513,7,33,'',99.95,'2014-10-30 08:54:40',NULL,NULL,NULL),(514,7,34,'',119.95,'2014-10-30 08:54:40',NULL,NULL,NULL),(515,7,35,'',139.95,'2014-10-30 08:54:40',NULL,NULL,NULL),(516,7,36,'',169.95,'2014-10-30 08:54:40',NULL,NULL,NULL),(517,7,37,'',199.95,'2014-10-30 08:54:40',NULL,NULL,NULL),(518,7,38,'',234.95,'2014-10-30 08:54:40',NULL,NULL,NULL),(519,7,39,'',269.95,'2014-10-30 08:54:40',NULL,NULL,NULL),(520,7,40,'',309.95,'2014-10-30 08:54:40',NULL,NULL,NULL),(521,7,41,'',359.95,'2014-10-30 08:54:40',NULL,NULL,NULL),(522,7,42,'',419.95,'2014-10-30 08:54:40',NULL,NULL,NULL),(523,7,43,'',479.95,'2014-10-30 08:54:40',NULL,NULL,NULL),(524,7,44,'',549.95,'2014-10-30 08:54:40',NULL,NULL,NULL),(525,7,45,'',619.95,'2014-10-30 08:54:40',NULL,NULL,NULL),(526,7,46,'',699.95,'2014-10-30 08:54:40',NULL,NULL,NULL),(527,7,47,'',799.95,'2014-10-30 08:54:40',NULL,NULL,NULL),(528,7,48,'',899.95,'2014-10-30 08:54:40',NULL,NULL,NULL),(529,7,49,'',995,'2014-10-30 08:54:40',NULL,NULL,NULL),(530,7,50,'',995,'2014-10-30 08:54:40',NULL,NULL,NULL),(531,7,51,'',9.95,'2014-10-30 08:54:40',NULL,NULL,NULL),(532,7,52,'',19.95,'2014-10-30 08:54:40',NULL,NULL,NULL),(533,7,53,'',29.95,'2014-10-30 08:54:40',NULL,NULL,NULL),(534,7,54,'',39.95,'2014-10-30 08:54:40',NULL,NULL,NULL),(535,7,55,'',49.95,'2014-10-30 08:54:40',NULL,NULL,NULL),(536,7,56,'',59.95,'2014-10-30 08:54:40',NULL,NULL,NULL),(537,7,57,'',69.95,'2014-10-30 08:54:40',NULL,NULL,NULL),(538,7,58,'',79.95,'2014-10-30 08:54:40',NULL,NULL,NULL),(539,7,59,'',89.95,'2014-10-30 08:54:40',NULL,NULL,NULL),(540,7,60,'',99.95,'2014-10-30 08:54:40',NULL,NULL,NULL),(541,7,61,'',109.95,'2014-10-30 08:54:40',NULL,NULL,NULL),(542,7,62,'',119.95,'2014-10-30 08:54:40',NULL,NULL,NULL),(543,7,63,'',129.95,'2014-10-30 08:54:40',NULL,NULL,NULL),(544,7,64,'',139.95,'2014-10-30 08:54:40',NULL,NULL,NULL),(545,7,65,'',164.95,'2014-10-30 08:54:40',NULL,NULL,NULL),(546,7,66,'',189.95,'2014-10-30 08:54:40',NULL,NULL,NULL),(547,7,67,'',214.95,'2014-10-30 08:54:40',NULL,NULL,NULL),(548,7,68,'',244.95,'2014-10-30 08:54:40',NULL,NULL,NULL),(549,7,69,'',274.95,'2014-10-30 08:54:40',NULL,NULL,NULL),(550,7,70,'',349.95,'2014-10-30 08:54:40',NULL,NULL,NULL),(551,7,71,'',424.95,'2014-10-30 08:54:40',NULL,NULL,NULL),(552,7,72,'',499.95,'2014-10-30 08:54:40',NULL,NULL,NULL),(553,7,73,'',574.95,'2014-10-30 08:54:40',NULL,NULL,NULL),(554,7,74,'',649.95,'2014-10-30 08:54:40',NULL,NULL,NULL),(555,7,75,'',724.95,'2014-10-30 08:54:40',NULL,NULL,NULL),(556,7,76,'',799.95,'2014-10-30 08:54:40',NULL,NULL,NULL),(557,7,77,'',874.95,'2014-10-30 08:54:40',NULL,NULL,NULL),(558,7,78,'',949.95,'2014-10-30 08:54:40',NULL,NULL,NULL),(559,7,79,'',995,'2014-10-30 08:54:40',NULL,NULL,NULL),(560,7,80,'',995,'2014-10-30 08:54:40',NULL,NULL,NULL);
/*!40000 ALTER TABLE `product_price` ENABLE KEYS */;
UNLOCK TABLES;

--
-- Table structure for table `referral`
--

DROP TABLE IF EXISTS `referral`;
/*!40101 SET @saved_cs_client     = @@character_set_client */;
/*!40101 SET character_set_client = utf8 */;
CREATE TABLE `referral` (
  `id` bigint(20) unsigned NOT NULL AUTO_INCREMENT,
  `referred_by` bigint(20) unsigned NOT NULL,
  `email` varchar(255) DEFAULT NULL,
  `first_name` varchar(255) DEFAULT NULL,
  `last_name` varchar(255) DEFAULT NULL,
  `organization_name` varchar(512) DEFAULT NULL,
  `phone` varchar(25) DEFAULT NULL,
  `title` varchar(255) DEFAULT NULL,
  `referred_date` datetime DEFAULT NULL,
  `created_date` timestamp NOT NULL DEFAULT CURRENT_TIMESTAMP,
  `user_created` bigint(11) DEFAULT NULL,
  `last_update_date` timestamp NULL DEFAULT NULL,
  `last_user_update` bigint(11) DEFAULT NULL,
  PRIMARY KEY (`id`),
  KEY `referral_referred_by_idx` (`referred_by`),
  CONSTRAINT `fk_referral_referred_by` FOREIGN KEY (`referred_by`) REFERENCES `user` (`id`) ON DELETE NO ACTION ON UPDATE NO ACTION
) ENGINE=InnoDB AUTO_INCREMENT=9 DEFAULT CHARSET=utf8;
/*!40101 SET character_set_client = @saved_cs_client */;

--
-- Dumping data for table `referral`
--

LOCK TABLES `referral` WRITE;
/*!40000 ALTER TABLE `referral` DISABLE KEYS */;
INSERT INTO `referral` VALUES (3,222,'khoi.vo@posiba.com','QA Test Ref FN 0611','QA Test Ref LN 0611','QA Test Ref 0611','12345678901','QA Test Ref TT 0611','2014-11-06 11:16:54','2014-11-06 11:16:54',NULL,NULL,NULL),(4,223,'thanh.tu1@posiba.com','Thanh','Tu','QA test','0918138188','just a test','2014-11-06 11:40:50','2014-11-06 11:40:50',NULL,NULL,NULL),(5,223,'thanh.tu2@posiba.com','just a test 2','just a test 2','just a test 2','0918138188','just a test 2','2014-11-06 11:40:50','2014-11-06 11:40:50',NULL,NULL,NULL),(6,223,'thanh.tu3@posiba.com','just a test 1','just a test 1','just a test 1','0918138188','just a test','2014-11-06 11:40:50','2014-11-06 11:40:50',NULL,NULL,NULL),(7,223,'thanh.tu4@posiba.com','just a test 4','just a test 4','just a test 4','0918138188','just a test','2014-11-06 11:40:50','2014-11-06 11:40:50',NULL,NULL,NULL),(8,223,'thanh.tu5@posiba.com','just a test','just a test','just a test','9481638418','just a test','2014-11-06 11:40:50','2014-11-06 11:40:50',NULL,NULL,NULL);
/*!40000 ALTER TABLE `referral` ENABLE KEYS */;
UNLOCK TABLES;

--
-- Table structure for table `registration_code`
--

DROP TABLE IF EXISTS `registration_code`;
/*!40101 SET @saved_cs_client     = @@character_set_client */;
/*!40101 SET character_set_client = utf8 */;
CREATE TABLE `registration_code` (
  `id` bigint(20) unsigned NOT NULL AUTO_INCREMENT,
  `date_created` datetime NOT NULL,
  `token` varchar(255) NOT NULL,
  `username` varchar(255) NOT NULL,
  `created_date` timestamp NOT NULL DEFAULT CURRENT_TIMESTAMP,
  `user_created` bigint(11) DEFAULT NULL,
  `last_update_date` timestamp NULL DEFAULT NULL,
  `last_user_update` bigint(11) DEFAULT NULL,
  PRIMARY KEY (`id`)
) ENGINE=InnoDB AUTO_INCREMENT=15 DEFAULT CHARSET=utf8 ROW_FORMAT=COMPACT;
/*!40101 SET character_set_client = @saved_cs_client */;

--
-- Dumping data for table `registration_code`
--

LOCK TABLES `registration_code` WRITE;
/*!40000 ALTER TABLE `registration_code` DISABLE KEYS */;
INSERT INTO `registration_code` VALUES (1,'2014-11-06 11:31:46','0d26a0da-2d90-4d0f-8e79-ee58c8cbd31d','tuan.bui@posiba.com','2014-11-06 11:31:46',NULL,NULL,NULL),(2,'2014-11-06 11:35:13','a7e4c47e-240b-4ab0-bce6-57816f39c151','tuan.bui@posiba.com','2014-11-06 11:35:13',NULL,NULL,NULL),(3,'2014-11-06 12:07:50','600ec07a-fbac-4049-a16a-e35faf41e185','tuan.bui@posiba.com','2014-11-06 12:07:50',NULL,NULL,NULL),(8,'2014-12-05 15:47:48','26c8f584-d217-416b-9dc2-206714be053f','admin@posiba.com','2014-12-05 08:47:48',NULL,NULL,NULL),(11,'2014-12-05 15:56:18','020f7a92-61e7-4c9e-b7a5-862965784cf6','ndlongit@gmail.com','2014-12-05 08:56:18',NULL,NULL,NULL),(14,'2014-12-05 16:13:20','3e91e286-7893-4eb6-8e04-3ece55b5fd1a','long.nguyen@posiba.com','2014-12-05 09:13:20',NULL,NULL,NULL);
/*!40000 ALTER TABLE `registration_code` ENABLE KEYS */;
UNLOCK TABLES;

--
-- Table structure for table `role`
--

DROP TABLE IF EXISTS `role`;
/*!40101 SET @saved_cs_client     = @@character_set_client */;
/*!40101 SET character_set_client = utf8 */;
CREATE TABLE `role` (
  `id` bigint(20) unsigned NOT NULL AUTO_INCREMENT,
  `version` bigint(20) NOT NULL,
  `authority` varchar(255) NOT NULL,
  `account_id` bigint(20) unsigned NOT NULL,
  `name` varchar(255) NOT NULL,
  `deleted` bit(1) NOT NULL,
  `created_date` timestamp NOT NULL DEFAULT CURRENT_TIMESTAMP,
  `user_created` bigint(11) DEFAULT NULL,
  `last_update_date` timestamp NULL DEFAULT NULL,
  `last_user_update` bigint(11) DEFAULT NULL,
  PRIMARY KEY (`id`),
  KEY `role_account_id_idx` (`account_id`),
  CONSTRAINT `fk_role_account_id` FOREIGN KEY (`account_id`) REFERENCES `account` (`id`)
) ENGINE=InnoDB AUTO_INCREMENT=66 DEFAULT CHARSET=utf8 ROW_FORMAT=COMPACT;
/*!40101 SET character_set_client = @saved_cs_client */;

--
-- Dumping data for table `role`
--

LOCK TABLES `role` WRITE;
/*!40000 ALTER TABLE `role` DISABLE KEYS */;
INSERT INTO `role` VALUES (1,0,'ROLE_ADMIN',0,'Posiba Internal Administrator (Internal)','\0','2014-10-30 08:54:43',NULL,NULL,NULL),(2,0,'ROLE_USER',0,'Allowed to access the product (Internal)','\0','2014-10-30 08:54:43',NULL,NULL,NULL),(3,0,'ROLE_SWITCH_USER',0,'Ability to switch between users (Internal)','\0','2014-10-30 08:54:43',NULL,NULL,NULL),(4,0,'ROLE_TCE_BOARD_MEMBERS',1,'Board Members','\0','2014-10-30 08:54:43',NULL,NULL,NULL),(5,0,'ROLE_TCE_DIRECTORS',1,'Directors','\0','2014-10-30 08:54:43',NULL,NULL,NULL),(6,0,'ROLE_TCE_PROJECT_MANAGERS',1,'Program Officers/Manager','\0','2014-10-30 08:54:43',NULL,NULL,NULL),(7,0,'ROLE_TCE_SENIOR_PROJECT_MANAGERS',1,'Obs. (Senior Project Managers)','\0','2014-10-30 08:54:43',NULL,NULL,NULL),(8,0,'ROLE_TCE_SENIOR_VP',1,'Senior Program Manager','\0','2014-10-30 08:54:43',NULL,NULL,NULL),(9,2,'ROLE_TCE_CALENDAR_ANALYTICS_USERS',1,'Obs. (Calendar Analytics Users)','\0','2014-10-30 08:54:43',NULL,NULL,NULL),(10,0,'ROLE_TCE_KATHLYN',1,'Obs. (Kathlyn)','\0','2014-10-30 08:54:43',NULL,NULL,NULL),(11,0,'ROLE_TCE_MICHELLE_HUMPHREYS',1,'Obs. (Michelle Humphreys)','\0','2014-10-30 08:54:43',NULL,NULL,NULL),(12,0,'ROLE_TCE_SENIOR_LEADERSHIP',1,'Obs. (Senior Leadership)','\0','2014-10-30 08:54:43',NULL,NULL,NULL),(13,0,'ROLE_2_USER',2,'Equinox Users','\0','2014-10-30 08:54:43',NULL,NULL,NULL),(14,0,'ROLE_3_USER',3,'AHF Users','\0','2014-10-30 08:54:43',NULL,NULL,NULL),(15,0,'ROLE_3_ADMIN_USER',3,'AHF Admin','\0','2014-10-30 08:54:43',NULL,NULL,NULL),(17,0,'ROLE_9_USER',9,'Carefirst Users','\0','2014-10-30 08:54:43',NULL,NULL,NULL),(18,0,'ROLE_10_USER',10,'Barr Users','\0','2014-10-30 08:54:43',NULL,NULL,NULL),(19,0,'ROLE_11_USER',11,'JIF Users','\0','2014-10-30 08:54:43',NULL,NULL,NULL),(20,0,'ROLE_12_USER',12,'Climate Registry Users','\0','2014-10-30 08:54:43',NULL,NULL,NULL),(21,0,'ROLE_13_USER',13,'E2 Users','\0','2014-10-30 08:54:43',NULL,NULL,NULL),(22,0,'ROLE_14_USER',14,'211SanDiego User','\0','2014-10-30 08:54:43',NULL,NULL,NULL),(36,0,'ROLE_USER',28,'QA Test 10212014 607PM Account USER_ROLE','\0','2014-10-30 08:54:43',NULL,NULL,NULL),(37,0,'ROLE_USER',42,'Jewish Federation of San Diego County Account USER_ROLE','\0','2014-10-30 08:54:43',NULL,NULL,NULL),(38,0,'ROLE_USER',43,'Rancho Coastal Humane Society Account USER_ROLE','\0','2014-10-30 08:54:43',NULL,NULL,NULL),(39,0,'ROLE_USER',44,'The Paradigm Project Account USER_ROLE','\0','2014-10-30 08:54:43',NULL,NULL,NULL),(40,0,'ROLE_USER',45,'North County Lifeline Account USER_ROLE','\0','2014-10-30 08:54:43',NULL,NULL,NULL),(41,0,'ROLE_USER',46,'Meals-on-Wheels Greater San Diego, Inc. Account USER_ROLE','\0','2014-10-30 08:54:43',NULL,NULL,NULL),(42,0,'ROLE_USER',47,'Girls on the Run of San Diego Account USER_ROLE','\0','2014-10-30 08:54:43',NULL,NULL,NULL),(43,0,'ROLE_USER',48,'Keep A Breast Canada Account USER_ROLE','\0','2014-10-30 08:54:43',NULL,NULL,NULL),(44,0,'ROLE_USER',49,'Dreams for Change Account USER_ROLE','\0','2014-10-30 08:54:43',NULL,NULL,NULL),(45,0,'ROLE_USER',50,'SKIP Account USER_ROLE','\0','2014-10-30 08:54:43',NULL,NULL,NULL),(46,0,'ROLE_USER',51,'Boys & Girls Clubs of Carlsbad Account USER_ROLE','\0','2014-10-30 08:54:43',NULL,NULL,NULL),(47,0,'ROLE_USER',52,'Mission Edge Account USER_ROLE','\0','2014-10-30 08:54:43',NULL,NULL,NULL),(48,0,'ROLE_USER',53,'CONNECT Account USER_ROLE','\0','2014-10-30 08:54:43',NULL,NULL,NULL),(49,0,'ROLE_USER',54,'The Glenner Memory Care Centers Account USER_ROLE','\0','2014-10-30 08:54:43',NULL,NULL,NULL),(50,0,'ROLE_USER',55,'Community Resource Center Account USER_ROLE','\0','2014-10-30 08:54:43',NULL,NULL,NULL),(51,0,'ROLE_USER',56,'test amie Account USER_ROLE','\0','2014-10-30 08:54:43',NULL,NULL,NULL),(52,0,'ROLE_USER',57,'QA Test 10302014 Account USER_ROLE','\0','2014-10-30 10:26:49',NULL,NULL,NULL),(53,0,'ROLE_USER',58,'DonationMatch.com Account USER_ROLE','\0','2014-11-03 17:03:59',NULL,NULL,NULL),(54,0,'ROLE_USER',59,'ANAI, Inc. Account USER_ROLE','\0','2014-11-04 18:58:51',NULL,NULL,NULL),(55,0,'ROLE_USER',60,'QA Test Production 1.0.2 Account USER_ROLE','\0','2014-11-06 11:16:54',NULL,NULL,NULL),(56,0,'ROLE_USER',61,'QA test product Account USER_ROLE','\0','2014-11-06 11:40:49',NULL,NULL,NULL),(57,0,'ROLE_USER',62,'Mission Edge Account USER_ROLE','\0','2014-11-06 20:46:02',NULL,NULL,NULL),(58,0,'ROLE_USER',63,'The Smith Trust Account USER_ROLE','\0','2014-11-11 19:44:50',NULL,NULL,NULL),(59,0,'ROLE_USER',64,'[longnd] test-organization Account USER_ROLE','\0','2014-11-19 03:36:46',NULL,NULL,NULL),(60,0,'ROLE_USER',65,'ererter Account USER_ROLE','\0','2014-11-19 09:34:40',NULL,NULL,NULL),(61,0,'ROLE_USER',66,'Long 01 Account USER_ROLE','\0','2014-12-03 06:28:19',NULL,NULL,NULL),(62,0,'ROLE_USER',67,'Long 02 Account USER_ROLE','\0','2014-12-03 07:24:49',NULL,NULL,NULL),(63,0,'ROLE_USER',68,'uiouiou Account USER_ROLE','\0','2014-12-03 07:41:24',NULL,NULL,NULL),(64,0,'ROLE_USER',69,'Misa Org Account USER_ROLE','\0','2014-12-03 10:26:01',NULL,NULL,NULL),(65,0,'ROLE_USER',70,'Long - Org2 Account USER_ROLE','\0','2014-12-03 11:59:23',NULL,NULL,NULL);
/*!40000 ALTER TABLE `role` ENABLE KEYS */;
UNLOCK TABLES;

--
-- Table structure for table `service`
--

DROP TABLE IF EXISTS `service`;
/*!40101 SET @saved_cs_client     = @@character_set_client */;
/*!40101 SET character_set_client = utf8 */;
CREATE TABLE `service` (
  `id` bigint(20) unsigned NOT NULL AUTO_INCREMENT,
  `name` varchar(255) NOT NULL,
  `created_date` timestamp NOT NULL DEFAULT CURRENT_TIMESTAMP,
  `user_created` bigint(11) DEFAULT NULL,
  `last_update_date` timestamp NULL DEFAULT NULL,
  `last_user_update` bigint(11) DEFAULT NULL,
  PRIMARY KEY (`id`)
) ENGINE=InnoDB DEFAULT CHARSET=utf8;
/*!40101 SET character_set_client = @saved_cs_client */;

--
-- Dumping data for table `service`
--

LOCK TABLES `service` WRITE;
/*!40000 ALTER TABLE `service` DISABLE KEYS */;
/*!40000 ALTER TABLE `service` ENABLE KEYS */;
UNLOCK TABLES;

--
-- Table structure for table `social_network`
--

DROP TABLE IF EXISTS `social_network`;
/*!40101 SET @saved_cs_client     = @@character_set_client */;
/*!40101 SET character_set_client = utf8 */;
CREATE TABLE `social_network` (
  `id` bigint(20) unsigned NOT NULL AUTO_INCREMENT,
  `name` varchar(45) DEFAULT NULL,
  `url` varchar(200) DEFAULT NULL,
  `status` varchar(25) DEFAULT NULL,
  `created_date` timestamp NOT NULL DEFAULT CURRENT_TIMESTAMP,
  `user_created` bigint(11) DEFAULT NULL,
  `last_update_date` timestamp NULL DEFAULT NULL,
  `last_user_update` bigint(11) DEFAULT NULL,
  PRIMARY KEY (`id`)
) ENGINE=InnoDB AUTO_INCREMENT=4 DEFAULT CHARSET=utf8;
/*!40101 SET character_set_client = @saved_cs_client */;

--
-- Dumping data for table `social_network`
--

LOCK TABLES `social_network` WRITE;
/*!40000 ALTER TABLE `social_network` DISABLE KEYS */;
INSERT INTO `social_network` VALUES (1,'facebook','www.facebook.com','ACTIVE','2014-08-22 09:20:52',NULL,'2014-08-22 09:20:52',NULL),(2,'twitter','www.twitter.com','ACTIVE','2014-08-22 09:20:52',NULL,'2014-08-22 09:20:52',NULL),(3,'linkedin','www.linkedin.com','ACTIVE','2014-08-22 09:20:52',NULL,'2014-08-22 09:20:52',NULL);
/*!40000 ALTER TABLE `social_network` ENABLE KEYS */;
UNLOCK TABLES;

--
-- Table structure for table `stored_img_link`
--

DROP TABLE IF EXISTS `stored_img_link`;
/*!40101 SET @saved_cs_client     = @@character_set_client */;
/*!40101 SET character_set_client = utf8 */;
CREATE TABLE `stored_img_link` (
  `id` bigint(20) unsigned NOT NULL AUTO_INCREMENT,
  `entity_id` bigint(20) unsigned DEFAULT NULL,
  `campaign_id` bigint(20) unsigned DEFAULT NULL,
  `donation_ID` bigint(20) unsigned DEFAULT NULL,
  `url_name` varchar(400) NOT NULL,
  `S3_url` varchar(1000) NOT NULL,
  `default_length` int(11) DEFAULT NULL,
  `default_height` int(11) DEFAULT NULL,
  `default_width` int(11) DEFAULT NULL,
  `status` varchar(25) DEFAULT NULL,
  `created_date` timestamp NOT NULL DEFAULT CURRENT_TIMESTAMP,
  `user_created` bigint(11) DEFAULT NULL,
  `last_update_date` timestamp NULL DEFAULT NULL,
  `last_user_update` bigint(11) DEFAULT NULL,
  PRIMARY KEY (`id`),
  KEY `stored_img_link_entity__id_idx` (`entity_id`),
  KEY `stored_img_link_campaign_id_idx` (`campaign_id`),
  KEY `stored_img_link_donation__id_idx` (`donation_ID`),
  CONSTRAINT `fk_stored_img_link_campaign_id` FOREIGN KEY (`campaign_id`) REFERENCES `campaign` (`id`) ON DELETE NO ACTION ON UPDATE NO ACTION,
  CONSTRAINT `fk_stored_img_link_donation_id` FOREIGN KEY (`donation_ID`) REFERENCES `donation` (`id`) ON DELETE NO ACTION ON UPDATE NO ACTION,
  CONSTRAINT `fk_stored_img_link_entity_id` FOREIGN KEY (`entity_id`) REFERENCES `entity` (`id`) ON DELETE NO ACTION ON UPDATE NO ACTION
) ENGINE=InnoDB AUTO_INCREMENT=71 DEFAULT CHARSET=utf8;
/*!40101 SET character_set_client = @saved_cs_client */;

--
-- Dumping data for table `stored_img_link`
--

LOCK TABLES `stored_img_link` WRITE;
/*!40000 ALTER TABLE `stored_img_link` DISABLE KEYS */;
INSERT INTO `stored_img_link` VALUES (1,16,2,NULL,'2_3290526955882068.jpeg','empty',NULL,NULL,NULL,NULL,'2014-10-30 08:54:46',NULL,NULL,NULL),(5,17,21,NULL,'21_3851447757471831.jpeg','empty',NULL,NULL,NULL,NULL,'2014-10-30 08:54:46',NULL,NULL,NULL),(7,18,5,NULL,'5_4006780064683761.jpeg','empty',NULL,NULL,NULL,NULL,'2014-10-30 08:54:46',NULL,NULL,NULL),(8,24,22,NULL,'22_4016787789570773.jpeg','empty',NULL,NULL,NULL,NULL,'2014-10-30 08:54:46',NULL,NULL,NULL),(10,17,24,NULL,'default-image.jpg','empty',NULL,NULL,NULL,NULL,'2014-10-30 21:03:21',NULL,NULL,NULL),(12,17,3,NULL,'3_3492330396983071.png','empty',NULL,NULL,NULL,NULL,'2014-11-03 23:24:13',NULL,NULL,NULL),(15,17,25,NULL,'25_4462451124375089.png','empty',NULL,NULL,NULL,NULL,'2014-11-04 00:43:53',NULL,NULL,NULL),(18,32,23,NULL,'23_4065828691666759.png','empty',NULL,NULL,NULL,NULL,'2014-11-04 09:07:57',NULL,NULL,NULL),(19,35,26,NULL,'26_4674167204543212.png','empty',NULL,NULL,NULL,NULL,'2014-11-06 11:31:28',NULL,NULL,NULL),(20,35,27,NULL,'27_4674477246854885.png','empty',NULL,NULL,NULL,NULL,'2014-11-06 11:36:33',NULL,NULL,NULL),(21,35,28,NULL,'28_4674505469246035.jpeg','empty',NULL,NULL,NULL,NULL,'2014-11-06 11:37:14',NULL,NULL,NULL),(22,35,29,NULL,'29_4674704049670891.png','empty',NULL,NULL,NULL,NULL,'2014-11-06 11:40:25',NULL,NULL,NULL),(29,36,31,NULL,'31_4674838492891940.jpeg','empty',NULL,NULL,NULL,NULL,'2014-11-06 11:42:43',NULL,NULL,NULL),(30,22,4,NULL,'4_4699844840422130.jpeg','empty',NULL,NULL,NULL,NULL,'2014-11-06 18:41:16',NULL,NULL,NULL),(34,1,1,NULL,'1_5004385903338833.jpeg','empty',NULL,NULL,NULL,NULL,'2014-11-20 08:01:37',NULL,NULL,NULL),(37,1,34,NULL,'crop_34_57138629933047.png','empty',NULL,NULL,NULL,NULL,'2014-12-03 09:38:14',NULL,NULL,NULL),(38,1,34,NULL,'34_57136628490061.png','empty',NULL,NULL,NULL,NULL,'2014-12-03 09:38:14',NULL,NULL,NULL),(41,1,36,NULL,'crop_36_593325521575958.png','empty',NULL,NULL,NULL,NULL,'2014-12-03 09:44:11',NULL,NULL,NULL),(42,1,36,NULL,'36_593287279357360.png','empty',NULL,NULL,NULL,NULL,'2014-12-03 09:44:11',NULL,NULL,NULL),(43,1,37,NULL,'crop_37_593476191097687.png','empty',NULL,NULL,NULL,NULL,'2014-12-03 09:45:59',NULL,NULL,NULL),(44,1,37,NULL,'37_593474421374173.png','empty',NULL,NULL,NULL,NULL,'2014-12-03 09:45:59',NULL,NULL,NULL),(45,1,39,NULL,'crop_39_593787720237306.png','empty',NULL,NULL,NULL,NULL,'2014-12-03 09:51:15',NULL,NULL,NULL),(46,1,39,NULL,'39_593786191875643.png','empty',NULL,NULL,NULL,NULL,'2014-12-03 09:51:15',NULL,NULL,NULL),(47,1,40,NULL,'crop_40_594629179691468.png','empty',NULL,NULL,NULL,NULL,'2014-12-03 10:05:10',NULL,NULL,NULL),(48,1,40,NULL,'40_594627224234887.png','empty',NULL,NULL,NULL,NULL,'2014-12-03 10:05:10',NULL,NULL,NULL),(51,44,41,NULL,'crop_41_596398942919980.png','empty',NULL,NULL,NULL,NULL,'2014-12-03 10:45:12',NULL,NULL,NULL),(52,44,41,NULL,'41_596385072761152.jpeg','empty',NULL,NULL,NULL,NULL,'2014-12-03 10:45:12',NULL,NULL,NULL),(55,45,43,NULL,'crop_43_601871772042020.png','empty',NULL,NULL,NULL,NULL,'2014-12-03 12:05:57',NULL,NULL,NULL),(56,45,43,NULL,'43_601870263462325.jpeg','empty',NULL,NULL,NULL,NULL,'2014-12-03 12:05:57',NULL,NULL,NULL),(57,45,42,NULL,'crop_42_601676535488985.png','empty',NULL,NULL,NULL,NULL,'2014-12-04 08:13:37',NULL,NULL,NULL),(58,45,42,NULL,'42_601674099249749.jpeg','empty',NULL,NULL,NULL,NULL,'2014-12-04 08:13:37',NULL,NULL,NULL),(69,45,44,NULL,'crop_44_677697048868395.png','empty',NULL,NULL,NULL,NULL,'2014-12-04 09:09:30',NULL,NULL,NULL),(70,45,44,NULL,'44_677694661019118.jpeg','empty',NULL,NULL,NULL,NULL,'2014-12-04 09:09:30',NULL,NULL,NULL);
/*!40000 ALTER TABLE `stored_img_link` ENABLE KEYS */;
UNLOCK TABLES;

--
-- Table structure for table `tracking_link`
--

DROP TABLE IF EXISTS `tracking_link`;
/*!40101 SET @saved_cs_client     = @@character_set_client */;
/*!40101 SET character_set_client = utf8 */;
CREATE TABLE `tracking_link` (
  `id` bigint(20) unsigned NOT NULL AUTO_INCREMENT,
  `url` varchar(512) NOT NULL,
  `individual_donor_id` bigint(20) unsigned NOT NULL,
  `hash_code` varchar(10) NOT NULL,
  `created_date` timestamp NOT NULL DEFAULT CURRENT_TIMESTAMP,
  `user_created` bigint(11) DEFAULT NULL,
  `last_update_date` timestamp NULL DEFAULT NULL,
  `last_user_update` bigint(11) DEFAULT NULL,
  PRIMARY KEY (`id`),
  UNIQUE KEY `tracking_link_hash_code_idx` (`hash_code`),
  KEY `tracking_link_individual_donor_id_idx` (`individual_donor_id`),
  CONSTRAINT `fk_tracking_link_individual_donor_id` FOREIGN KEY (`individual_donor_id`) REFERENCES `individual_donor` (`id`) ON DELETE NO ACTION ON UPDATE NO ACTION
) ENGINE=InnoDB AUTO_INCREMENT=93 DEFAULT CHARSET=utf8;
/*!40101 SET character_set_client = @saved_cs_client */;

--
-- Dumping data for table `tracking_link`
--

LOCK TABLES `tracking_link` WRITE;
/*!40000 ALTER TABLE `tracking_link` DISABLE KEYS */;
INSERT INTO `tracking_link` VALUES (8,'userId=5&socialNetworkName=facebook&donationId=6',5,'0173f92e','2014-10-30 08:54:47',NULL,NULL,NULL),(10,'userId=7&socialNetworkName=twitter&donationId=8',7,'999b92f0','2014-10-30 08:54:47',NULL,NULL,NULL),(12,'userId=10&socialNetworkName=twitter&donationId=10',10,'c32dde0c','2014-10-30 08:54:47',NULL,NULL,NULL),(13,'userId=11&socialNetworkName=facebook&donationId=11',11,'5837cf49','2014-10-30 08:54:47',NULL,NULL,NULL),(14,'userId=20&socialNetworkName=facebook&donationId=41',20,'607813b3','2014-10-30 08:54:47',NULL,NULL,NULL),(19,'userId=7&socialNetworkName=twitter&donationId=53',7,'94ec0650','2014-10-30 10:44:41',NULL,NULL,NULL),(21,'userId=7&socialNetworkName=twitter&donationId=54',7,'4fdbd9cf','2014-10-30 10:47:12',NULL,NULL,NULL),(29,'userId=7&socialNetworkName=twitter&donationId=60',7,'da50a2de','2014-10-30 10:54:44',NULL,NULL,NULL),(47,'userId=30&socialNetworkName=facebook&donationId=109',30,'e3527974','2014-11-03 23:14:02',NULL,NULL,NULL),(48,'userId=30&socialNetworkName=twitter&donationId=109',30,'4f0105e0','2014-11-03 23:14:02',NULL,NULL,NULL),(49,'userId=30&socialNetworkName=linkedin&donationId=109',30,'8e2dcb85','2014-11-03 23:14:02',NULL,NULL,NULL),(50,'userId=30&socialNetworkName=twitter&donationId=110',30,'1a29108e','2014-11-03 23:33:15',NULL,NULL,NULL),(51,'userId=30&socialNetworkName=linkedin&donationId=110',30,'975f5ab7','2014-11-03 23:33:15',NULL,NULL,NULL),(52,'userId=31&socialNetworkName=facebook&donationId=111',31,'ee740145','2014-11-04 00:20:38',NULL,NULL,NULL),(53,'userId=31&socialNetworkName=twitter&donationId=111',31,'c585515c','2014-11-04 00:20:38',NULL,NULL,NULL),(54,'userId=13&socialNetworkName=facebook&donationId=112',13,'813d876c','2014-11-04 00:36:02',NULL,NULL,NULL),(56,'userId=30&socialNetworkName=facebook&donationId=116',30,'e52ba029','2014-11-04 20:39:10',NULL,NULL,NULL),(57,'userId=30&socialNetworkName=linkedin&donationId=116',30,'55757481','2014-11-04 20:39:10',NULL,NULL,NULL),(58,'userId=22&socialNetworkName=facebook&donationId=117',22,'96ffee96','2014-11-04 22:45:15',NULL,NULL,NULL),(59,'userId=22&socialNetworkName=twitter&donationId=117',22,'c00d4e9e','2014-11-04 22:45:15',NULL,NULL,NULL),(60,'userId=22&socialNetworkName=facebook&donationId=118',22,'f7a0ebb3','2014-11-04 22:53:46',NULL,NULL,NULL),(61,'userId=22&socialNetworkName=twitter&donationId=118',22,'541529f2','2014-11-04 22:53:46',NULL,NULL,NULL),(88,'userId=37&socialNetworkName=twitter&donationId=139',37,'5601618f','2014-11-06 12:13:51',NULL,NULL,NULL),(89,'userId=37&socialNetworkName=linkedin&donationId=139',37,'60105593','2014-11-06 12:13:51',NULL,NULL,NULL),(90,'userId=42&socialNetworkName=facebook&donationId=147&ci=1',42,'1c461724','2014-11-20 11:22:22',NULL,NULL,NULL),(91,'userId=42&socialNetworkName=twitter&donationId=147&ci=1',42,'2cbe56e8','2014-11-20 11:22:22',NULL,NULL,NULL),(92,'userId=42&socialNetworkName=facebook&donationId=0&ci=1',42,'e6c36253','2014-12-01 08:53:08',NULL,NULL,NULL);
/*!40000 ALTER TABLE `tracking_link` ENABLE KEYS */;
UNLOCK TABLES;

--
-- Table structure for table `unit_conversion_group`
--

DROP TABLE IF EXISTS `unit_conversion_group`;
/*!40101 SET @saved_cs_client     = @@character_set_client */;
/*!40101 SET character_set_client = utf8 */;
CREATE TABLE `unit_conversion_group` (
  `id` bigint(20) unsigned NOT NULL AUTO_INCREMENT,
  `name` varchar(50) DEFAULT NULL,
  `from_unit_label` varchar(250) DEFAULT NULL,
  `from_amount_label` varchar(250) DEFAULT NULL,
  `to_unit_label` varchar(250) DEFAULT NULL,
  `to_amount_label` varchar(250) DEFAULT NULL,
  `created_date` timestamp NOT NULL DEFAULT CURRENT_TIMESTAMP,
  `user_created` bigint(11) DEFAULT NULL,
  `last_update_date` timestamp NULL DEFAULT NULL,
  `last_user_update` bigint(11) DEFAULT NULL,
  `code` bigint(20) DEFAULT NULL,
  PRIMARY KEY (`id`),
  UNIQUE KEY `unit_conversion_group_idx` (`code`)
) ENGINE=InnoDB AUTO_INCREMENT=5 DEFAULT CHARSET=utf8;
/*!40101 SET character_set_client = @saved_cs_client */;

--
-- Dumping data for table `unit_conversion_group`
--

LOCK TABLES `unit_conversion_group` WRITE;
/*!40000 ALTER TABLE `unit_conversion_group` DISABLE KEYS */;
INSERT INTO `unit_conversion_group` VALUES (1,'money','Currency','Amount','Value unit','Quantity','2014-10-30 08:54:48',NULL,NULL,NULL,1),(2,'volunteer time','Type of Volunteer','Hours','Value unit','Quantity','2014-10-30 08:54:48',NULL,NULL,NULL,2),(3,'value of volunteer time','Type of Volunteer','Hours','Currency','Amount','2014-10-30 08:54:48',NULL,NULL,NULL,3),(4,'stuff given','Value unit','Quantity','Value Unit/Currency','Quantity/Amount','2014-10-30 08:54:48',NULL,NULL,NULL,4);
/*!40000 ALTER TABLE `unit_conversion_group` ENABLE KEYS */;
UNLOCK TABLES;

--
-- Table structure for table `unit_conversion_group_sample`
--

DROP TABLE IF EXISTS `unit_conversion_group_sample`;
/*!40101 SET @saved_cs_client     = @@character_set_client */;
/*!40101 SET character_set_client = utf8 */;
CREATE TABLE `unit_conversion_group_sample` (
  `id` bigint(20) unsigned NOT NULL AUTO_INCREMENT,
  `unit_conversion_group_id` bigint(20) unsigned NOT NULL,
  `from_unit` varchar(45) NOT NULL,
  `to_unit` varchar(45) NOT NULL,
  `from_amount` varchar(45) NOT NULL,
  `to_amount` varchar(45) NOT NULL,
  `created_date` timestamp NOT NULL DEFAULT CURRENT_TIMESTAMP,
  `user_created` bigint(11) DEFAULT NULL,
  `last_update_date` timestamp NULL DEFAULT NULL,
  `last_user_update` bigint(11) DEFAULT NULL,
  PRIMARY KEY (`id`),
  KEY `unit_conversion_group_sample_unit_conversion_group_id_idx` (`unit_conversion_group_id`),
  CONSTRAINT `fk_unit_conversion_group_sample_unit_conversion_group_id` FOREIGN KEY (`unit_conversion_group_id`) REFERENCES `unit_conversion_group` (`id`) ON DELETE NO ACTION ON UPDATE NO ACTION
) ENGINE=InnoDB AUTO_INCREMENT=9 DEFAULT CHARSET=utf8;
/*!40101 SET character_set_client = @saved_cs_client */;

--
-- Dumping data for table `unit_conversion_group_sample`
--

LOCK TABLES `unit_conversion_group_sample` WRITE;
/*!40000 ALTER TABLE `unit_conversion_group_sample` DISABLE KEYS */;
INSERT INTO `unit_conversion_group_sample` VALUES (1,1,'usd','personal care package','100','50','2014-10-30 08:54:49',NULL,NULL,NULL),(2,1,'usd','blanket','10','1','2014-10-30 08:54:49',NULL,NULL,NULL),(3,2,'kitchen volunteer','people fed','15','200','2014-10-30 08:54:49',NULL,NULL,NULL),(4,2,'pick up trash','bags of trash removed','1','20','2014-10-30 08:54:49',NULL,NULL,NULL),(5,3,'kitchen volunteer','usd','1','8','2014-10-30 08:54:49',NULL,NULL,NULL),(6,3,'first responder','usd','1','46','2014-10-30 08:54:49',NULL,NULL,NULL),(7,4,'bag of clothes','usd','1','20','2014-10-30 08:54:49',NULL,NULL,NULL),(8,4,'pint of blood','life saved','1','20','2014-10-30 08:54:49',NULL,NULL,NULL);
/*!40000 ALTER TABLE `unit_conversion_group_sample` ENABLE KEYS */;
UNLOCK TABLES;

--
-- Table structure for table `units_of_measure`
--

DROP TABLE IF EXISTS `units_of_measure`;
/*!40101 SET @saved_cs_client     = @@character_set_client */;
/*!40101 SET character_set_client = utf8 */;
CREATE TABLE `units_of_measure` (
  `id` bigint(20) unsigned NOT NULL AUTO_INCREMENT,
  `name` varchar(45) DEFAULT NULL,
  `status` varchar(25) DEFAULT NULL,
  `created_date` timestamp NOT NULL DEFAULT CURRENT_TIMESTAMP,
  `user_created` bigint(11) DEFAULT NULL,
  `last_update_date` timestamp NULL DEFAULT NULL,
  `last_user_update` bigint(11) DEFAULT NULL,
  PRIMARY KEY (`id`)
) ENGINE=InnoDB AUTO_INCREMENT=28 DEFAULT CHARSET=utf8;
/*!40101 SET character_set_client = @saved_cs_client */;

--
-- Dumping data for table `units_of_measure`
--

LOCK TABLES `units_of_measure` WRITE;
/*!40000 ALTER TABLE `units_of_measure` DISABLE KEYS */;
INSERT INTO `units_of_measure` VALUES (1,'usd',NULL,'2014-10-23 19:14:47',204,'2014-10-23 19:14:47',NULL),(2,'happy jew',NULL,'2014-10-23 19:14:47',204,'2014-10-23 19:14:47',NULL),(3,'bananas',NULL,'2014-10-24 17:59:31',204,'2014-10-24 17:59:31',NULL),(4,'help',NULL,'2014-10-24 17:59:31',204,'2014-10-24 17:59:31',NULL),(5,'good',NULL,'2014-10-24 17:59:31',204,'2014-10-24 17:59:31',NULL),(6,'fix',NULL,'2014-10-24 17:59:31',204,'2014-10-24 17:59:31',NULL),(7,'yamaka',NULL,'2014-10-24 17:59:31',204,'2014-10-24 17:59:31',NULL),(8,'feeds an animal for a week',NULL,'2014-10-29 17:54:01',205,'2014-10-29 17:54:01',NULL),(9,'bag',NULL,'2014-10-29 17:54:01',205,'2014-10-29 17:54:01',NULL),(10,'50',NULL,'2014-10-29 17:54:01',205,'2014-10-29 17:54:01',NULL),(11,'animal companion',NULL,'2014-10-29 18:10:45',205,'2014-10-29 18:10:45',NULL),(12,'thrift shop',NULL,'2014-10-29 18:10:45',205,'2014-10-29 18:10:45',NULL),(13,'foster',NULL,'2014-10-29 18:10:45',205,'2014-10-29 18:10:45',NULL),(14,'event',NULL,'2014-10-29 18:10:45',205,'2014-10-29 18:10:45',NULL),(15,'administration',NULL,'2014-10-29 18:10:45',205,'2014-10-29 18:10:45',NULL),(16,'meal',NULL,'2014-10-29 20:56:57',211,'2014-10-29 20:56:57',NULL),(17,'kosher meal for hospital patient',NULL,'2014-10-30 21:04:14',204,'2014-10-30 21:04:14',NULL),(18,'rabbi',NULL,'2014-10-30 21:04:14',204,'2014-10-30 21:04:14',NULL),(19,'kosher meal for hospitalized jew',NULL,'2014-11-04 00:08:54',204,'2014-11-04 00:08:54',NULL),(20,'gtq',NULL,'2014-11-06 11:44:09',223,'2014-11-06 11:44:09',NULL),(21,'200',NULL,'2014-11-06 11:44:09',223,'2014-11-06 11:44:09',NULL),(22,'running shoe',NULL,'2014-11-06 18:44:45',209,'2014-11-06 18:44:45',NULL),(23,'5k volunteer',NULL,'2014-11-06 18:44:45',209,'2014-11-06 18:44:45',NULL),(24,'vnd',NULL,'2014-11-20 08:02:38',1,'2014-11-20 08:02:38',NULL),(25,'u1',NULL,'2014-12-03 11:16:39',231,'2014-12-03 11:16:39',NULL),(26,'u2',NULL,'2014-12-03 11:16:39',231,'2014-12-03 11:16:39',NULL),(27,'1313123wdsd',NULL,'2014-12-03 11:48:06',231,'2014-12-03 11:48:06',NULL);
/*!40000 ALTER TABLE `units_of_measure` ENABLE KEYS */;
UNLOCK TABLES;

--
-- Table structure for table `units_of_measure_conversion`
--

DROP TABLE IF EXISTS `units_of_measure_conversion`;
/*!40101 SET @saved_cs_client     = @@character_set_client */;
/*!40101 SET character_set_client = utf8 */;
CREATE TABLE `units_of_measure_conversion` (
  `id` bigint(20) unsigned NOT NULL AUTO_INCREMENT,
  `from_uom_id` bigint(20) unsigned NOT NULL,
  `to_uom_id` bigint(20) unsigned NOT NULL,
  `from_amount` decimal(15,2) DEFAULT NULL,
  `to_amount` decimal(15,2) DEFAULT NULL,
  `expression` varchar(1000) DEFAULT NULL,
  `created_date` timestamp NOT NULL DEFAULT CURRENT_TIMESTAMP,
  `user_created` bigint(11) DEFAULT NULL,
  `last_update_date` timestamp NULL DEFAULT NULL,
  `last_user_update` bigint(11) DEFAULT NULL,
  `status` varchar(25) DEFAULT NULL,
  `campaign_id` bigint(20) unsigned NOT NULL,
  `unit_conversion_group_id` bigint(20) unsigned NOT NULL,
  PRIMARY KEY (`id`),
  KEY `units_of_measure_conversion_units_of_measure_from` (`from_uom_id`),
  KEY `units_of_measure_conversion_units_of_measure_to` (`to_uom_id`),
  KEY `units_of_measure_conversion_campaign_id_idx` (`campaign_id`),
  KEY `units_of_measure_conversion_unit_conversion_group_id_idx` (`unit_conversion_group_id`),
  CONSTRAINT `fk_units_of_measure_conversion_campaign_id` FOREIGN KEY (`campaign_id`) REFERENCES `campaign` (`id`) ON DELETE NO ACTION ON UPDATE NO ACTION,
  CONSTRAINT `fk_units_of_measure_conversion_from_uom_id` FOREIGN KEY (`from_uom_id`) REFERENCES `units_of_measure` (`id`) ON DELETE NO ACTION ON UPDATE NO ACTION,
  CONSTRAINT `fk_units_of_measure_conversion_to_uom_id` FOREIGN KEY (`to_uom_id`) REFERENCES `units_of_measure` (`id`) ON DELETE NO ACTION ON UPDATE NO ACTION,
  CONSTRAINT `fk_units_of_measure_conversion_unit_conversion_group_id` FOREIGN KEY (`unit_conversion_group_id`) REFERENCES `unit_conversion_group` (`id`) ON DELETE NO ACTION ON UPDATE NO ACTION
) ENGINE=InnoDB AUTO_INCREMENT=23 DEFAULT CHARSET=utf8;
/*!40101 SET character_set_client = @saved_cs_client */;

--
-- Dumping data for table `units_of_measure_conversion`
--

LOCK TABLES `units_of_measure_conversion` WRITE;
/*!40000 ALTER TABLE `units_of_measure_conversion` DISABLE KEYS */;
INSERT INTO `units_of_measure_conversion` VALUES (5,1,8,10.00,1.00,NULL,'2014-10-29 17:54:01',205,'2014-10-29 17:54:01',0,NULL,5,1),(6,9,10,1.00,1.00,NULL,'2014-10-29 17:54:01',205,'2014-10-29 17:54:01',0,NULL,5,4),(7,11,1,1.00,10.00,NULL,'2014-10-29 18:10:45',205,'2014-10-29 18:10:45',0,NULL,5,3),(8,12,1,1.00,10.00,NULL,'2014-10-29 18:10:45',205,'2014-10-29 18:10:45',0,NULL,5,3),(9,13,1,1.00,10.00,NULL,'2014-10-29 18:10:45',205,'2014-10-29 18:10:45',0,NULL,5,3),(10,14,1,1.00,10.00,NULL,'2014-10-29 18:10:45',205,'2014-10-29 18:10:45',0,NULL,5,3),(11,15,1,1.00,10.00,NULL,'2014-10-29 18:10:45',205,'2014-10-29 18:10:45',0,NULL,5,3),(12,1,16,15.00,1.00,NULL,'2014-10-29 20:56:57',211,'2014-10-29 20:56:57',0,NULL,22,1),(13,1,17,10.00,2.00,NULL,'2014-10-30 21:04:14',204,'2014-10-30 21:04:14',0,NULL,3,1),(14,1,18,18.00,1.00,NULL,'2014-10-30 21:04:14',204,'2014-10-30 21:04:14',0,NULL,3,1),(15,1,19,5.00,1.00,NULL,'2014-11-04 00:08:54',204,'2014-11-04 00:08:54',0,NULL,25,1),(17,1,22,25.00,1.00,NULL,'2014-11-06 18:44:45',209,'2014-11-06 18:44:45',0,NULL,4,1),(18,23,1,1.00,20.00,NULL,'2014-11-06 18:44:45',209,'2014-11-06 18:44:45',0,NULL,4,3),(19,1,24,100.00,21200000.00,NULL,'2014-11-20 08:02:38',1,'2014-11-20 08:02:38',0,NULL,1,1),(20,1,24,111.00,222.00,NULL,'2014-12-03 11:13:21',231,'2014-12-03 11:13:21',0,NULL,41,1),(21,25,26,11.00,22.00,NULL,'2014-12-03 11:16:39',231,'2014-12-03 11:16:39',0,NULL,41,2),(22,1,27,333.00,1313.00,NULL,'2014-12-03 11:48:06',231,'2014-12-03 11:48:06',0,NULL,41,1);
/*!40000 ALTER TABLE `units_of_measure_conversion` ENABLE KEYS */;
UNLOCK TABLES;

--
-- Table structure for table `user`
--

DROP TABLE IF EXISTS `user`;
/*!40101 SET @saved_cs_client     = @@character_set_client */;
/*!40101 SET character_set_client = utf8 */;
CREATE TABLE `user` (
  `id` bigint(20) unsigned NOT NULL AUTO_INCREMENT,
  `username` varchar(255) NOT NULL,
  `version` bigint(20) DEFAULT NULL,
  `account_expired` bit(1) NOT NULL,
  `account_locked` bit(1) NOT NULL,
  `enabled` bit(1) NOT NULL,
  `password` varchar(255) NOT NULL,
  `password_expired` bit(1) NOT NULL,
  `first_name` varchar(255) NOT NULL,
  `last_name` varchar(255) NOT NULL,
  `account_id` bigint(20) unsigned NOT NULL,
  `deleted` bit(1) NOT NULL,
  `title` varchar(255) DEFAULT NULL,
  `status` varchar(25) DEFAULT NULL,
  `phone` varchar(25) DEFAULT NULL,
  `orgName` varchar(255) DEFAULT NULL,
  `orgType` varchar(45) DEFAULT NULL,
  `orgBudget` varchar(45) DEFAULT NULL,
  `stripe_id` varchar(255) DEFAULT NULL,
  `reset_token` varchar(255) DEFAULT NULL,
  `reset_token_date` datetime DEFAULT NULL,
  `created_date` timestamp NOT NULL DEFAULT CURRENT_TIMESTAMP,
  `user_created` bigint(11) DEFAULT NULL,
  `last_update_date` timestamp NULL DEFAULT NULL,
  `last_user_update` bigint(11) DEFAULT NULL,
  PRIMARY KEY (`id`),
  UNIQUE KEY `username` (`username`),
  KEY `account_account_id_idx` (`account_id`),
  CONSTRAINT `fk_user_account_id` FOREIGN KEY (`account_id`) REFERENCES `account` (`id`)
) ENGINE=InnoDB AUTO_INCREMENT=233 DEFAULT CHARSET=utf8 ROW_FORMAT=COMPACT;
/*!40101 SET character_set_client = @saved_cs_client */;

--
-- Dumping data for table `user`
--

LOCK TABLES `user` WRITE;
/*!40000 ALTER TABLE `user` DISABLE KEYS */;
INSERT INTO `user` VALUES (1,'admin@posiba.com',38,'\0','\0','','$2a$10$6RND7Lu9NZjue.rot9INbOOcfr1CjHjx/SHADXjsf8WGMvelywDvu','\0','Admin','Posiba',1,'\0','POSIBA',NULL,NULL,NULL,NULL,NULL,NULL,NULL,NULL,'2014-09-10 00:19:28',NULL,'2014-09-10 00:19:28',NULL),(3,'user@equinox.com',5,'\0','\0','','$2a$10$D1.QucZ2qRBAOyItraTsMeghzg/C4a8U8R7AHyVFv5rwc3MNce73m','\0','Equinox','User',2,'\0','',NULL,NULL,NULL,NULL,NULL,NULL,NULL,NULL,'2014-09-10 00:19:28',NULL,'2014-09-10 00:19:28',NULL),(4,'user@tce.com',0,'\0','\0','','$2a$10$iDCOq.lkO7tQliXDQmlYJO0yMzXlfXipokXZSQYdBnezRWRYBCI46','\0','TCE','User',1,'\0','POSIBA',NULL,NULL,NULL,NULL,NULL,NULL,NULL,NULL,'2014-09-10 00:19:28',NULL,'2014-09-10 00:19:28',NULL),(5,'user@ahf.com',0,'\0','\0','','$2a$10$kr5ftvnP2IncuK7p39G/7uIqtn8dEZwkbcPkE0WRfrAA/6Mgm9eQ.','\0','AHF','Demo user',3,'\0','',NULL,NULL,NULL,NULL,NULL,NULL,NULL,NULL,'2014-09-10 00:19:28',NULL,'2014-09-10 00:19:28',NULL),(6,'petar@posiba.com',20,'\0','\0','','$2a$10$yPaFtKSk6WjJ3KyZEPbL5eYBdaWTY9k5iAoj/D0N5DiUYt9vgfY8u','\0','Petar','Kralev',1,'\0','POSIBA',NULL,NULL,NULL,NULL,NULL,NULL,NULL,NULL,'2014-09-10 00:19:28',NULL,'2014-09-10 00:19:28',NULL),(7,'user@carefirst.com',0,'\0','\0','','$2a$10$d3LHRQYC/TqQySGhVtnzMuz6o5VsvbuYRKU2cAxyRKRNQgrQeFYfO','\0','Carefirst','User',9,'\0','',NULL,NULL,NULL,NULL,NULL,NULL,NULL,NULL,'2014-09-10 00:19:28',NULL,'2014-09-10 00:19:28',NULL),(8,'user@barrfoundation.com',0,'\0','\0','','$2a$10$kocx9TgJeIJNWCD79rdsJOvRfW/iODMAB4GQm5Pux7jEWUOV2bXuO','\0','Barr','User',10,'\0','',NULL,NULL,NULL,NULL,NULL,NULL,NULL,NULL,'2014-09-10 00:19:28',NULL,'2014-09-10 00:19:28',NULL),(9,'user@irvine.org',0,'\0','\0','','$2a$10$4C2IlYIsewW7ydtCDh783OBmX2SJMycsNHV.7Ck2EEdB0xwyxv9gm','\0','James Irvine','Foundation',11,'\0','',NULL,NULL,NULL,NULL,NULL,NULL,NULL,NULL,'2014-09-10 00:19:28',NULL,'2014-09-10 00:19:28',NULL),(10,'user@theclimateregistry.org',0,'\0','\0','','$2a$10$IHsGTX7Jj1apGGpYC3THj.UvDtTAF0ixicB5WexjDSeEYwhBerRZO','\0','Climate','Registry',12,'\0','',NULL,NULL,NULL,NULL,NULL,NULL,NULL,NULL,'2014-09-10 00:19:28',NULL,'2014-09-10 00:19:28',NULL),(11,'user@e2.org',0,'\0','\0','','$2a$10$AAtTiYtl4Jw8M8O0SztxFOJ42zxNjPu7SWxLobdvB1LxDXB4hHWAu','\0','E2','User',13,'\0','',NULL,NULL,NULL,NULL,NULL,NULL,NULL,NULL,'2014-09-10 00:19:28',NULL,'2014-09-10 00:19:28',NULL),(85,'elizabeth@posiba.com',0,'\0','\0','','$P$B4tvQrRrJ37AY3OKRn9X0juKhHW9AO0','\0','Elizabeth','Dreicer',1,'\0','POSIBA',NULL,NULL,NULL,NULL,NULL,NULL,NULL,NULL,'2014-09-10 00:19:28',NULL,'2014-09-10 00:19:28',NULL),(86,'ajones@calendow.org',0,'\0','\0','','$P$Bm6cHlkEaMGIshX03UUPHpCpxSgjfq0','\0','Anne-Marie','Jones',1,'\0','Director',NULL,NULL,NULL,NULL,NULL,NULL,NULL,NULL,'2014-09-10 00:19:28',NULL,'2014-09-10 00:19:28',NULL),(87,'amaldonado@calendow.org',1,'\0','\0','','$2a$10$K0GyBoIFCIVqhT7ZYGKJ0.tBwt4w/XgmqSCjrmeiEJflQBWvsPzXy','\0','Albert','Maldonado',1,'\0','Program Manager',NULL,NULL,NULL,NULL,NULL,NULL,NULL,NULL,'2014-09-10 00:19:28',NULL,'2014-09-10 00:19:28',NULL),(88,'arobles@calendow.org',0,'\0','\0','','$P$BlAW1e4sdI78dmr0.wbrOFn/yl/eaQ0','\0','Annalisa','Robles',1,'\0','Program Manager',NULL,NULL,NULL,NULL,NULL,NULL,NULL,NULL,'2014-09-10 00:19:28',NULL,'2014-09-10 00:19:28',NULL),(89,'blee@calendow.org',0,'\0','\0','','$P$BnHuC0P.GOwFTUY2xHY/VTc0AhVti71','\0','Benjamin','Lee',1,'\0','Sr. Manager',NULL,NULL,NULL,NULL,NULL,NULL,NULL,NULL,'2014-09-10 00:19:28',NULL,'2014-09-10 00:19:28',NULL),(90,'bmimura@calendow.org',0,'\0','\0','','$P$BtYNXiTHhkkmLQx1y33bBc01UYmKve.','\0','Brian','Mimura',1,'\0','Program Manager',NULL,NULL,NULL,NULL,NULL,NULL,NULL,NULL,'2014-09-10 00:19:28',NULL,'2014-09-10 00:19:28',NULL),(91,'braymond@calendow.org',1,'\0','\0','','$2a$10$xN2T5jXZ2oTqqkkj/IXMS.eDjzbaihTl69jiIq2oZutD7V2c29Qb.','\0','Barbara','Raymond',1,'\0','Program Manager',NULL,NULL,NULL,NULL,NULL,NULL,NULL,NULL,'2014-09-10 00:19:28',NULL,'2014-09-10 00:19:28',NULL),(92,'bsolis@calendow.org',2,'\0','\0','','$2a$10$FtKpSbG9s6bMEXhsiydzauPHpbjA6ttOaNRAp9ICZFIS9uFHMJ142','\0','Beatriz','Solis',1,'\0','Director',NULL,NULL,NULL,NULL,NULL,NULL,NULL,NULL,'2014-09-10 00:19:28',NULL,'2014-09-10 00:19:28',NULL),(93,'cfields@calendow.org',0,'\0','\0','','$P$B1hGlgfnQXdNHuxgDe4xWmifX/X4AA0','\0','Charles','Fields',1,'\0','Program Manager',NULL,NULL,NULL,NULL,NULL,NULL,NULL,NULL,'2014-09-10 00:19:28',NULL,'2014-09-10 00:19:28',NULL),(94,'ckazhe@calendow.org',0,'\0','\0','','$P$B4xZjGHedylvkFyiZHYJQ7wRzIadKJ.','\0','Christina','Kazhe',1,'\0','Board member',NULL,NULL,NULL,NULL,NULL,NULL,NULL,NULL,'2014-09-10 00:19:28',NULL,'2014-09-10 00:19:28',NULL),(95,'credmond@calendow.org',0,'\0','\0','','$P$BF71.jnSr5GfKZKEHKYYCVMpz/tKdd0','\0','Castle','Redmond',1,'\0','Program Manager',NULL,NULL,NULL,NULL,NULL,NULL,NULL,NULL,'2014-09-10 00:19:28',NULL,'2014-09-10 00:19:28',NULL),(96,'csvidler@calendow.org',0,'\0','\0','','$P$BJ7POG4gQby.OyIUbx0sib/Jr4sjsQ/','\0','Constanza','Svidler',1,'\0','Program Manager',NULL,NULL,NULL,NULL,NULL,NULL,NULL,NULL,'2014-09-10 00:19:28',NULL,'2014-09-10 00:19:28',NULL),(97,'ctien@calendow.org',0,'\0','\0','','$P$B8rQEFB4m9TVcnoeNUSm/wj84ML5YE/','\0','Christine','Tien',1,'\0','Program Manager',NULL,NULL,NULL,NULL,NULL,NULL,NULL,NULL,'2014-09-10 00:19:28',NULL,'2014-09-10 00:19:28',NULL),(98,'daranda@calendow.org',0,'\0','\0','','$P$BX72/jeRlJIpPXRly8AlQnnQghMqr//','\0','Diane','Aranda',1,'\0','Program Manager',NULL,NULL,NULL,NULL,NULL,NULL,NULL,NULL,'2014-09-10 00:19:28',NULL,'2014-09-10 00:19:28',NULL),(99,'danielboggan@gmail.com',0,'\0','\0','','$P$BUQSmjChS1McMY5dvDESaLXKnGMwJf.','\0','Daniel','Boggan',1,'\0','Board member',NULL,NULL,NULL,NULL,NULL,NULL,NULL,NULL,'2014-09-10 00:19:28',NULL,'2014-09-10 00:19:28',NULL),(100,'ddeleon@calendow.org',0,'\0','\0','','$P$BW/3cN/Ajwu2JuzBlCX5I8PhCQeWW70','\0','Dan','DeLeon',1,'\0','VP and CFO',NULL,NULL,NULL,NULL,NULL,NULL,NULL,NULL,'2014-09-10 00:19:28',NULL,'2014-09-10 00:19:28',NULL),(101,'destrada@calendow.org',0,'\0','\0','','$P$BNUHvs.m1ot1FrUu.jthbcx/IjYVjh/','\0','Dolores','Estrada',1,'\0','Manager of Grants Administration',NULL,NULL,NULL,NULL,NULL,NULL,NULL,NULL,'2014-09-10 00:19:28',NULL,'2014-09-10 00:19:28',NULL),(102,'dgermano@calendow.org',0,'\0','\0','','$P$BK0TEw16abmA4LRpvlRKF0bbwX5AUV/','\0','Dean','Germano',1,'\0','Board Member',NULL,NULL,NULL,NULL,NULL,NULL,NULL,NULL,'2014-09-10 00:19:28',NULL,'2014-09-10 00:19:28',NULL),(103,'domi@calendow.org',0,'\0','\0','','$P$BfwBNNBj8/oi.Q1I.Pqx2rvr120MQW/','\0','Dianne','Yamashiro-Omi',1,'\0','Sr. Program Officer',NULL,NULL,NULL,NULL,NULL,NULL,NULL,NULL,'2014-09-10 00:19:28',NULL,'2014-09-10 00:19:28',NULL),(104,'dzingale@calendow.org',0,'\0','\0','','$P$BcQ8ryQMEM8yY8IZngwqYC8hJNb83a/','\0','Daniel','Zingale',1,'\0','Sr. VP',NULL,NULL,NULL,NULL,NULL,NULL,NULL,NULL,'2014-09-10 00:19:28',NULL,'2014-09-10 00:19:28',NULL),(105,'epeacock@calendow.org',0,'\0','\0','','$P$B/12q.VPNs/2aQiGBlGuchs.VIBI47.','\0','Elaine','Peacock',1,'\0','Program Manager',NULL,NULL,NULL,NULL,NULL,NULL,NULL,NULL,'2014-09-10 00:19:28',NULL,'2014-09-10 00:19:28',NULL),(106,'gflores@calendow.org',0,'\0','\0','','$P$BF2xLYdXYGaod4OnquPddr91HvWXD3.','\0','George','Flores',1,'\0','Program Manager',NULL,NULL,NULL,NULL,NULL,NULL,NULL,NULL,'2014-09-10 00:19:28',NULL,'2014-09-10 00:19:28',NULL),(107,'ghall@calendow.org',2,'\0','\0','','$2a$10$EgRnM6306uqcWtxz4xAImeClg0kYILIxNfeXSZr7cx2yAin/9oqBi','\0','Gregory','Hall',1,'\0','Director',NULL,NULL,NULL,NULL,NULL,NULL,NULL,NULL,'2014-09-10 00:19:28',NULL,'2014-09-10 00:19:28',NULL),(108,'hmorales@calendow.org',0,'\0','\0','','$P$BWRh7t2e.RTZyqDlvpKe/VzYJRxrKy0','\0','Hugo','Morales',1,'\0','Board member',NULL,NULL,NULL,NULL,NULL,NULL,NULL,NULL,'2014-09-10 00:19:28',NULL,'2014-09-10 00:19:28',NULL),(109,'jcasso@casmarcapital.com',0,'\0','\0','','$P$Bi9IspZG4nEd4095Gb3DC9Qf4xEyzv/','\0','Jesse','Casso',1,'\0','Board member',NULL,NULL,NULL,NULL,NULL,NULL,NULL,NULL,'2014-09-10 00:19:28',NULL,'2014-09-10 00:19:28',NULL),(110,'jchheang@calendow.org',1,'\0','\0','','$2a$10$R0pYmUGC1coGwZMTLfHLf.mnW48EFGAWBdYMcrCb2o0eXFv9iOoHi','\0','Jennifer','Chheang',1,'\0','Program Manager',NULL,NULL,NULL,NULL,NULL,NULL,NULL,NULL,'2014-09-10 00:19:28',NULL,'2014-09-10 00:19:28',NULL),(111,'jgarcia@laclinica.org',1,'\0','\0','','$2a$10$RfyuVKOWudq.cW3/6gXD/eUfCRasVu4G8hlQ3oSmuqqtzmqYYhxkO','\0','Jane','Garcia',1,'\0','Board member',NULL,NULL,NULL,NULL,NULL,NULL,NULL,NULL,'2014-09-10 00:19:28',NULL,'2014-09-10 00:19:28',NULL),(112,'jkeddy@calendow.org',3,'\0','\0','','$2a$10$TQaWYBzRbibRCF8t5u2UDOvUOKcLodgiC1cmF5/oqUJ5VfPcCvnga','\0','Jim','Keddy',1,'\0','VP and Chief Learning Officer',NULL,NULL,NULL,NULL,NULL,NULL,NULL,NULL,'2014-09-10 00:19:28',NULL,'2014-09-10 00:19:28',NULL),(113,'jkyle@calendow.org',0,'\0','\0','','$P$Bi1ZntC5.3Th7nFC9ROb4HWj1K.a.81','\0','James','Kyle',1,'\0','Board Member',NULL,NULL,NULL,NULL,NULL,NULL,NULL,NULL,'2014-09-10 00:19:28',NULL,'2014-09-10 00:19:28',NULL),(114,'jlarsen@calendow.org',0,'\0','\0','','$P$BBnzkTWAlHda6CMcoX0V1wCtm3zWnN/','\0','Judi','Larsen',1,'\0','Program Manager',NULL,NULL,NULL,NULL,NULL,NULL,NULL,NULL,'2014-09-10 00:19:28',NULL,'2014-09-10 00:19:28',NULL),(115,'jokey@calendow.org',0,'\0','\0','','$P$Bj2KPLH4rR1RbKzJFnI1WnS9rxW4vm/','\0','Jeffrey','Okey',1,'\0','Communications Manager',NULL,NULL,NULL,NULL,NULL,NULL,NULL,NULL,'2014-09-10 00:19:28',NULL,'2014-09-10 00:19:28',NULL),(116,'jybarra@calendow.org',0,'\0','\0','','$P$BM3oPZ2Ut4KJhIJ3W8O7xVpxCmXedC0','\0','Jennifer','Ybarra',1,'\0','Program Manager',NULL,NULL,NULL,NULL,NULL,NULL,NULL,NULL,'2014-09-10 00:19:28',NULL,'2014-09-10 00:19:28',NULL),(117,'kkendell@calendow.org',0,'\0','\0','','$P$BzyHh4tMFmaI9GGj/VK9kYbWfF.PVa/','\0','Kate','Kendell',1,'\0','Board Member',NULL,NULL,NULL,NULL,NULL,NULL,NULL,NULL,'2014-09-10 00:19:28',NULL,'2014-09-10 00:19:28',NULL),(118,'lnascimento@calendow.org',1,'\0','\0','','$2a$10$TOthMnF22pzlqKl3ZVWg7OUZyo9eKr.Q87jvivu0thaYQdp32sCfe','\0','Lori','Nascimento',1,'\0','Evaluation Manager',NULL,NULL,NULL,NULL,NULL,NULL,NULL,NULL,'2014-09-10 00:19:28',NULL,'2014-09-10 00:19:28',NULL),(119,'lolson@calendow.org',0,'\0','\0','','$P$BZNNmdoFYS9PFunUrw3uPigVeKJZG00','\0','Laura','Olson',1,'\0','Program Manager',NULL,NULL,NULL,NULL,NULL,NULL,NULL,NULL,'2014-09-10 00:19:28',NULL,'2014-09-10 00:19:28',NULL),(120,'lsquires@calendow.org',0,'\0','\0','','$P$B/kxuJFa9DvM9OKlhAZdoCmhz7EYud.','\0','La Tanya',' Squires',1,'\0','Media Manager',NULL,NULL,NULL,NULL,NULL,NULL,NULL,NULL,'2014-09-10 00:19:28',NULL,'2014-09-10 00:19:28',NULL),(121,'lvalverde@calendow.org',0,'\0','\0','','$P$BM3b1qrbfl1h9tT6ukTMiznRHR3y7q1','\0','Lauren','Padilla-Valverde',1,'\0','Program Manager',NULL,NULL,NULL,NULL,NULL,NULL,NULL,NULL,'2014-09-10 00:19:28',NULL,'2014-09-10 00:19:28',NULL),(122,'mcuellar@calendow.org',0,'\0','\0','','$P$BHzABb5WpLRz5JFrR4MjMtqBErT5ZO.','\0','Marlon','Cuellar',1,'\0','Program Manager',NULL,NULL,NULL,NULL,NULL,NULL,NULL,NULL,'2014-09-10 00:19:28',NULL,'2014-09-10 00:19:28',NULL),(123,'mfulton@calendow.org',0,'\0','\0','','$P$BOA0nbpUrTJLsa1qHWtVZv9L9ckR5.0','\0','Mary Lou','Fulton',1,'\0','Sr. Program Manager',NULL,NULL,NULL,NULL,NULL,NULL,NULL,NULL,'2014-09-10 00:19:28',NULL,'2014-09-10 00:19:28',NULL),(124,'mhumphreys@calendow.org',0,'\0','\0','','$P$BsGtw5i.ZzE9NRnJFt.CrT/hYV9LrG0','\0','Michelle','Humphreys',1,'\0','Program Manager',NULL,NULL,NULL,NULL,NULL,NULL,NULL,NULL,'2014-09-10 00:19:28',NULL,'2014-09-10 00:19:28',NULL),(125,'mjhawar@calendow.org',3,'\0','\0','','$2a$10$MbW2XwsVgGFxP1hWBPOYXuCcAD.gHGjt73qBmUGourV2RkPt6uXa.','\0','Mona','Jhawar',1,'\0','Evaluation Manager',NULL,NULL,NULL,NULL,NULL,NULL,NULL,NULL,'2014-09-10 00:19:28',NULL,'2014-09-10 00:19:28',NULL),(126,'mluna@calendow.org',0,'\0','\0','','$P$BUj2vUsQAqMH0On1aa3A/DvC1A2htC1','\0','Margarita','Luna',1,'\0','Program Manager',NULL,NULL,NULL,NULL,NULL,NULL,NULL,NULL,'2014-09-10 00:19:28',NULL,'2014-09-10 00:19:28',NULL),(127,'mmiller@calendow.org',0,'\0','\0','','$P$BRl4G.uAlhwyE41GodDEVTDLge7v3S.','\0','Maurice','Miller',1,'\0','Board member',NULL,NULL,NULL,NULL,NULL,NULL,NULL,NULL,'2014-09-10 00:19:28',NULL,'2014-09-10 00:19:28',NULL),(128,'mrodriguez@calendow.org',0,'\0','\0','','$P$BBC2dlGoo55xuyNZLQabon7zw1uaQm1','\0','Maricela','Rodriguez',1,'\0','Public Affairs Manager',NULL,NULL,NULL,NULL,NULL,NULL,NULL,NULL,'2014-09-10 00:19:28',NULL,'2014-09-10 00:19:28',NULL),(129,'rcolmenar@calendow.org',0,'\0','\0','','$P$B5gNJ/HX1jxq/Q6LttSTaKltMwkW4X1','\0','Ray','Colmenar',1,'\0','Sr. Program Manager',NULL,NULL,NULL,NULL,NULL,NULL,NULL,NULL,'2014-09-10 00:19:28',NULL,'2014-09-10 00:19:28',NULL),(130,'rfigueroa@calendow.org',3,'\0','\0','','$2a$10$BE1Ip1HxjceGmj/15G4KJ.LE9YAndkVnNH7ZU/z89xFvNbGMe2YVq','\0','Richard','Figueroa',1,'\0','Director',NULL,NULL,NULL,NULL,NULL,NULL,NULL,NULL,'2014-09-10 00:19:28',NULL,'2014-09-10 00:19:28',NULL),(131,'rgould@calendow.org',0,'\0','\0','','$P$BGJsnGP3XtkXsBezQuHk6DVqj7XsOR1','\0','Russ','Gould',1,'\0','Board member',NULL,NULL,NULL,NULL,NULL,NULL,NULL,NULL,'2014-09-10 00:19:28',NULL,'2014-09-10 00:19:28',NULL),(132,'jweaver@calendow.org',0,'\0','\0','','$P$B/0pbrE3BonuIepPp3E/AcFf9yKCUg/','\0','Robert','Ross',1,'\0','President and CEO',NULL,NULL,NULL,NULL,NULL,NULL,NULL,NULL,'2014-09-10 00:19:28',NULL,'2014-09-10 00:19:28',NULL),(133,'sdavis@calendow.org',0,'\0','\0','','$P$BpEMRTIOgA2JKz.V/9F.3RiZw6DqQW0','\0','Sandra','Davis',1,'\0','Program Manager',NULL,NULL,NULL,NULL,NULL,NULL,NULL,NULL,'2014-09-10 00:19:28',NULL,'2014-09-10 00:19:28',NULL),(134,'sberresford@nyct-cfi.org',0,'\0','\0','','$P$BYLWeo9Zb/QwYq/ktGw3tSL8YquzOK1','\0','Susan','Berresford',1,'\0','Board member',NULL,NULL,NULL,NULL,NULL,NULL,NULL,NULL,'2014-09-10 00:19:28',NULL,'2014-09-10 00:19:28',NULL),(135,'scretin@afsc.org',0,'\0','\0','','$P$BbGniQ.a7Pe36mNHOfTzK1vcg1Q4tt.','\0','Shan','Cretin',1,'\0','Board member',NULL,NULL,NULL,NULL,NULL,NULL,NULL,NULL,'2014-09-10 00:19:28',NULL,'2014-09-10 00:19:28',NULL),(136,'seldred@calendow.org',0,'\0','\0','','$P$BFaVGyZzbfTWZxxxUWLkPu0iIsePNz0','\0','Steven','Eldred',1,'\0','Program Manager',NULL,NULL,NULL,NULL,NULL,NULL,NULL,NULL,'2014-09-10 00:19:28',NULL,'2014-09-10 00:19:28',NULL),(137,'spontell@calendow.org',0,'\0','\0','','$P$BX5QovlzhgZS6oQlDOzBk4FGAkFxFL/','\0','Steve','PonTell',1,'\0','Program Manager',NULL,NULL,NULL,NULL,NULL,NULL,NULL,NULL,'2014-09-10 00:19:28',NULL,'2014-09-10 00:19:28',NULL),(138,'sreyes@calendow.org',0,'\0','\0','','$P$B6e080yNH5lL.ChIIYl1abvZM0qmLl0','\0','Sarah','Reyes',1,'\0','Program Manager',NULL,NULL,NULL,NULL,NULL,NULL,NULL,NULL,'2014-09-10 00:19:28',NULL,'2014-09-10 00:19:28',NULL),(139,'switt@calendow.org',3,'\0','\0','','$2a$10$LnMhnK7I5THwLWUodDGWtuEhHsghKHprKMuAuuikxyqGDF.nIusNa','\0','Sandra','Witt',1,'\0','Sr. Advisor to the President',NULL,NULL,NULL,NULL,NULL,NULL,NULL,NULL,'2014-09-10 00:19:28',NULL,'2014-09-10 00:19:28',NULL),(140,'tguillermo@calendow.org',0,'\0','\0','','$P$BGjGWAbsmF678QgU3/IT8bKLe9sCqe.','\0','Tessie','Guillermo',1,'\0','Program Manager',NULL,NULL,NULL,NULL,NULL,NULL,NULL,NULL,'2014-09-10 00:19:28',NULL,'2014-09-10 00:19:28',NULL),(141,'titon@calendow.org',0,'\0','\0','','$P$BbdtkWX4pj7hJbDGpRoEJXRehKpfa20','\0','Tony','Iton',1,'\0','Sr. VP for Healthy Communities',NULL,NULL,NULL,NULL,NULL,NULL,NULL,NULL,'2014-09-10 00:19:28',NULL,'2014-09-10 00:19:28',NULL),(142,'tjones@calendow.org',0,'\0','\0','','$P$BX5cFdglMmzOsNThwLptJf8WyF54sz0','\0','Tamu','Jones',1,'\0','Program Manager',NULL,NULL,NULL,NULL,NULL,NULL,NULL,NULL,'2014-09-10 00:19:28',NULL,'2014-09-10 00:19:28',NULL),(143,'vmosqueda@calendow.org',0,'\0','\0','','$P$Bsx1j4uh6hKHL9soRPnQsYhmjgqxKV0','\0','Virginia','Mosqueda',1,'\0','Program Manager',NULL,NULL,NULL,NULL,NULL,NULL,NULL,NULL,'2014-09-10 00:19:28',NULL,'2014-09-10 00:19:28',NULL),(144,'wbuster@csufresno.edu',0,'\0','\0','','$P$B1.jW6iiu87spNTELsGplqxpsWp6Nz1','\0','Walter','Buster',1,'\0','Board member',NULL,NULL,NULL,NULL,NULL,NULL,NULL,NULL,'2014-09-10 00:19:28',NULL,'2014-09-10 00:19:28',NULL),(145,'wing@calendow.org',0,'\0','\0','','$P$Bqd5ywYf6FW/ylN5gTlxxQXe1/1AnI0','\0','William','Ing',1,'\0','Sr. Program Manager',NULL,NULL,NULL,NULL,NULL,NULL,NULL,NULL,'2014-09-10 00:19:28',NULL,'2014-09-10 00:19:28',NULL),(146,'zguevara@calendow.org',0,'\0','\0','','$P$BkbuX60apNkEQ9xb/9rL5pXr9W4ezU.','\0','Zac','Guevara',1,'\0','Board member',NULL,NULL,NULL,NULL,NULL,NULL,NULL,NULL,'2014-09-10 00:19:28',NULL,'2014-09-10 00:19:28',NULL),(147,'MElnes@calendow.org',1,'\0','\0','','$2a$10$RMO3iwiTc7QLCjgBCJ.aAe8B/TT3zT.bMMfzTv0ndzDa73QRtHHlS','\0','Marykay','Elnes',1,'\0','Enterprise Program Manager',NULL,NULL,NULL,NULL,NULL,NULL,NULL,NULL,'2014-09-10 00:19:28',NULL,'2014-09-10 00:19:28',NULL),(148,'stucker@calendow.org',0,'\0','\0','','$P$Ber7dACAu.XsSXH252eb3cxs9/eRtQ1','\0','Sam','Tucker',1,'\0','',NULL,NULL,NULL,NULL,NULL,NULL,NULL,NULL,'2014-09-10 00:19:28',NULL,'2014-09-10 00:19:28',NULL),(149,'ea@kuitycorp.com',0,'\0','\0','','$P$BGNdYgjIwvqVruyc7Gdi7x/.A/7Xhb/','\0','Executive','Assistants',1,'\0','POSIBA',NULL,NULL,NULL,NULL,NULL,NULL,NULL,NULL,'2014-09-10 00:19:28',NULL,'2014-09-10 00:19:28',NULL),(150,'sehrman@kuitycorp.com',0,'\0','\0','','$P$BeTDdRc32ywK4hLevrLRdLsAUA79ta0','\0','Shelley','Ehrman',1,'\0','POSIBA',NULL,NULL,NULL,NULL,NULL,NULL,NULL,NULL,'2014-09-10 00:19:28',NULL,'2014-09-10 00:19:28',NULL),(151,'bill@posiba.com',0,'\0','\0','','$P$B2AaDSnDg1HqfTb/E9sqcVoZq/R53W.','\0','Bill','Lennon',1,'\0','POSIBA',NULL,NULL,NULL,NULL,NULL,NULL,NULL,NULL,'2014-09-10 00:19:28',NULL,'2014-09-10 00:19:28',NULL),(152,'christiana@posiba.com',0,'\0','\0','','$P$BbLI53bU9edZkcax4hQ3Cug.Hszmfb0','\0','Christiana','DeBenedict',1,'\0','POSIBA',NULL,NULL,NULL,NULL,NULL,NULL,NULL,NULL,'2014-09-10 00:19:28',NULL,'2014-09-10 00:19:28',NULL),(153,'spencer@posiba.com',7,'\0','\0','','$2a$10$bzVpBk.SB1JovQB1VdSTTuLqp7D/efbc3bcGEy.mDU4Sh2BSUrXEi','\0','Cynthia','Ortiz',1,'\0','POSIBA',NULL,NULL,NULL,NULL,NULL,NULL,NULL,NULL,'2014-09-10 00:19:28',NULL,'2014-09-10 00:19:28',NULL),(154,'dyang@tce.org',0,'\0','\0','','$P$BNrtj9BxPw09eSHqCA9lJrJQ2q1AYw.','\0','Diana','Yang',1,'\0','',NULL,NULL,NULL,NULL,NULL,NULL,NULL,NULL,'2014-09-10 00:19:28',NULL,'2014-09-10 00:19:28',NULL),(155,'anders@posiba.com',1,'\0','\0','','$2a$10$F1Y3j9iegZGKKCC6WHbga.VfQV8xJi2hMs/KBRozyUtnVtHKK.HCK','\0','Anders','Olsson',1,'\0','POSIBA',NULL,NULL,NULL,NULL,NULL,NULL,NULL,NULL,'2014-09-10 00:19:28',NULL,'2014-09-10 00:19:28',NULL),(156,'carolyn@posiba.com',0,'\0','\0','','$P$BnSy5SIR1TKNactLN5Ftr7TtkRIqgt/','\0','Carolyn','Matthies',1,'\0','POSIBA',NULL,NULL,NULL,NULL,NULL,NULL,NULL,NULL,'2014-09-10 00:19:28',NULL,'2014-09-10 00:19:28',NULL),(157,'donaldj@qti.qualcomm.com',3,'\0','\0','','$2a$10$jBLPeV2qcbdFjsvjUU6cGu30OIKHTG5c8R3TePpA/VasnYEhhxzLu','\0','Don','Jones',3,'','AHF Board',NULL,NULL,NULL,NULL,NULL,NULL,NULL,NULL,'2014-09-10 00:19:28',NULL,'2014-09-10 00:19:28',NULL),(158,'dwightsmish@neighborhoodhouse.org',1,'\0','\0','','$2a$10$vaStSxjEswntzHscua8rdOYGFQuDTKDCF18xJR0H1Oa64J0EGrnmu','\0','Dwight','Smith',3,'\0','AHF Board',NULL,NULL,NULL,NULL,NULL,NULL,NULL,NULL,'2014-09-10 00:19:28',NULL,'2014-09-10 00:19:28',NULL),(159,'jramsdell@ucsd.edu',1,'\0','\0','','$2a$10$ka90o2VjUGzP2M2v7BcsmuW80DPyw2.yqzesElu1ew2qCTtA9wzRG','\0','Joe','Ramsdell',3,'\0','AHF Board',NULL,NULL,NULL,NULL,NULL,NULL,NULL,NULL,'2014-09-10 00:19:28',NULL,'2014-09-10 00:19:28',NULL),(160,'Jeffrey.willmann@opprime.com',1,'\0','\0','','$2a$10$WbZngLZAM5t7bWMVN2C29evHgt3areA5uqtynPaB5U7SOVYSv2COe','\0','Jeffrey','Willmann',3,'\0','AHF Board',NULL,NULL,NULL,NULL,NULL,NULL,NULL,NULL,'2014-09-10 00:19:28',NULL,'2014-09-10 00:19:28',NULL),(161,'nsasaki@alliancehealthcarefoundation.org',1,'\0','\0','','$2a$10$7CZ8MfgQsqD9OvdWzegZPuMr03XKyQMH5sHOOW8VMKSPGJCjZH/Zu','\0','Nancy','Sasaki',3,'\0','AHF Staff',NULL,NULL,NULL,NULL,NULL,NULL,NULL,NULL,'2014-09-10 00:19:28',NULL,'2014-09-10 00:19:28',NULL),(162,'rosemari@cox.net',1,'\0','\0','','$2a$10$t0zjO.z2v1WZbKqVVOLq.eEVbxZ9tSmjhlYYAudqD4qDUdYauXlBC','\0','Rosemarie','Johnson',3,'\0','AHF Board',NULL,NULL,NULL,NULL,NULL,NULL,NULL,NULL,'2014-09-10 00:19:28',NULL,'2014-09-10 00:19:28',NULL),(163,'rmccray@wirelesslifesciences.org',1,'\0','\0','','$2a$10$u9DLRaANwnEAnkboNdhxuOtZx61Hfey6gS7uATE3st9dim.ygOYe.','\0','Rob','McCraey',3,'\0','AHF Board',NULL,NULL,NULL,NULL,NULL,NULL,NULL,NULL,'2014-09-10 00:19:28',NULL,'2014-09-10 00:19:28',NULL),(164,'sbarron@alliancehealthcarefoundation.org',1,'\0','\0','','$2a$10$YMw8R1sZiTnOA2civwLkPOBq/WC4DetVRs1Cx59oUCC8uZE5mUFVW','\0','Sylvia','Barron',3,'\0','AHF Staff',NULL,NULL,NULL,NULL,NULL,NULL,NULL,NULL,'2014-09-10 00:19:28',NULL,'2014-09-10 00:19:28',NULL),(165,'sforte@alliancehealthcarefoundation.org',2,'\0','\0','','$2a$10$lRtnFggHTL8jwft2s7meQeuog4RLe230d6yvfpX9bcVqux5vTlPpO','\0','Selina','Forte',3,'\0','AHF Staff',NULL,NULL,NULL,NULL,NULL,NULL,NULL,NULL,'2014-09-10 00:19:28',NULL,'2014-09-10 00:19:28',NULL),(166,'stanlewis13@gmail.com',1,'\0','\0','','$2a$10$9wblCEuR8i1u3Fc4bjXdceAIoRqZjkoOGP4l1qWDl5ZNR.PaK9MjG','\0','Stan','Lewis',3,'\0','AHF Board',NULL,NULL,NULL,NULL,NULL,NULL,NULL,NULL,'2014-09-10 00:19:28',NULL,'2014-09-10 00:19:28',NULL),(167,'aroke@alliancehealthcarefoundation.org',1,'\0','\0','','$2a$10$80Upt5W7qpNCplPR6qyZKupgj0H2O41RSVGOMyYZ515MdgEtJRgHq','\0','Arthur','Roke',3,'\0','AHF staff',NULL,NULL,NULL,NULL,NULL,NULL,NULL,NULL,'2014-09-10 00:19:28',NULL,'2014-09-10 00:19:28',NULL),(168,'atul@dslextreme.com',2,'\0','\0','','$2a$10$fEWLsfVGf3BmTET4/1fmyeIjQVJqiCur4G2Irg6dwXcIyORY7VP0a','\0','Atul','Patel',3,'\0','AHF Board',NULL,NULL,NULL,NULL,NULL,NULL,NULL,NULL,'2014-09-10 00:19:28',NULL,'2014-09-10 00:19:28',NULL),(169,'julie.wagner@carefirst.com',0,'\0','\0','','$2a$10$4jSPy/hVuwu9oq4KERztJ.10wbwkdC8T1eHYY/mrjaIBKpTObax.K','\0','Julie','Wagner',9,'\0','',NULL,NULL,NULL,NULL,NULL,NULL,NULL,NULL,'2014-09-10 00:19:28',NULL,'2014-09-10 00:19:28',NULL),(170,'chrisdavis@posiba.com',0,'\0','\0','','$2a$10$nJDHfbkXRf2kOHxYf0j0yet/LUWVOYSfA5xAMnxE0atynu2KTDzry','\0','Chris','Davis',1,'\0','POSIBA',NULL,NULL,NULL,NULL,NULL,NULL,NULL,NULL,'2014-09-10 00:19:28',NULL,'2014-09-10 00:19:28',NULL),(171,'david@davidlecours.com',0,'\0','\0','','$2a$10$W/QQyczb2IdGaut.5RNhv.3TPM9HQSLlL2fKwI6QuhEwcHMNCyu3K','\0','David','Lecours',1,'\0','',NULL,NULL,NULL,NULL,NULL,NULL,NULL,NULL,'2014-09-10 00:19:28',NULL,'2014-09-10 00:19:28',NULL),(172,'meghan@meghanlazarus.com',0,'\0','\0','','$2a$10$YvXCSLjjyjMwi5AFdoiD2uts8mFOakTQvUbar.pnZyLcmYO94ypVO','\0','Meghan','Lazarus',1,'\0','',NULL,NULL,NULL,NULL,NULL,NULL,NULL,NULL,'2014-09-10 00:19:28',NULL,'2014-09-10 00:19:28',NULL),(173,'lessex@gmail.com',0,'\0','\0','','$2a$10$/zTvTMs4gfFh6JGLcxSd3.myYuAH/5J9gr6jyvmisdU8BDH9u4hnq','\0','Lauren','Essex',0,'\0','',NULL,NULL,NULL,NULL,NULL,NULL,NULL,NULL,'2014-09-10 00:19:28',NULL,'2014-09-10 00:19:28',NULL),(174,'emily@posiba.com',0,'\0','\0','','$2a$10$g4zP4u4j0gHIMyu.0ejm1uAkU8AljDtgKPKdx5VaHQy5JdeXgQU5u','\0','Emily','Wolverton',1,'\0','POSIBA',NULL,NULL,NULL,NULL,NULL,NULL,NULL,NULL,'2014-09-10 00:19:28',NULL,'2014-09-10 00:19:28',NULL),(175,'TCE_test_Board',1,'\0','\0','','$2a$10$yGvDdyMsz0yLs0Usv3fE6exlHNZuOlKfyvY86JeC.ynEZS8UmP6d.','\0','TCE','Test1',1,'\0','',NULL,NULL,NULL,NULL,NULL,NULL,NULL,NULL,'2014-09-10 00:19:28',NULL,'2014-09-10 00:19:28',NULL),(176,'TCE_test_Directors',1,'\0','\0','','$2a$10$8zSdiGqiYtPiRuuUvNg3xeQpt8.BdcLg2KSRGoHPKvMlND1z1caUO','\0','TCE','Test2',1,'\0','',NULL,NULL,NULL,NULL,NULL,NULL,NULL,NULL,'2014-09-10 00:19:28',NULL,'2014-09-10 00:19:28',NULL),(177,'TCE_test_ProjectManager',0,'\0','\0','','$2a$10$HzY.rVW9oqc/7UF0tkkUFOtqDsWNtG6roJy/G8XoH4IGe92coRy.y','\0','TCE','Test3',0,'\0','',NULL,NULL,NULL,NULL,NULL,NULL,NULL,NULL,'2014-09-10 00:19:28',NULL,'2014-09-10 00:19:28',NULL),(178,'TCE_test_Project_Manager',0,'\0','\0','','$2a$10$VWBhnOzdqM0CHze6mpB7/OanxrJLne6CvcOFI00XiFderbkZwnjoK','\0','TCE','Test3',1,'\0','',NULL,NULL,NULL,NULL,NULL,NULL,NULL,NULL,'2014-09-10 00:19:28',NULL,'2014-09-10 00:19:28',NULL),(179,'lauren@posiba.com',2,'\0','\0','','$2a$10$iKcANVdFvhzd3WAqktgTg.HoarTBFNoYzUmDwaqThVD4PWIXSwey6','\0','Lauren','Essex',0,'\0','',NULL,NULL,NULL,NULL,NULL,NULL,NULL,NULL,'2014-09-10 00:19:28',NULL,'2014-09-10 00:19:28',NULL),(180,'scott@posiba.com',0,'\0','\0','','$2a$10$W6du48mXN99p5BLCnWOCxOQrLrspeC9rFCWvd3B5naF.Uf5KOIqg6','\0','Scott','Beckey',1,'\0','',NULL,NULL,NULL,NULL,NULL,NULL,NULL,NULL,'2014-09-10 00:19:28',NULL,'2014-09-10 00:19:28',NULL),(181,'Lalejandrez@calendow.org',3,'\0','\0','','$2a$10$R0WM53mxkRW3B/BBk/GG7OjVx4tvDoSDIOVov5wmTzi146i9JGPIa','\0','Leticia','Alejandrez',1,'\0','',NULL,NULL,NULL,NULL,NULL,NULL,NULL,NULL,'2014-09-10 00:19:28',NULL,'2014-09-10 00:19:28',NULL),(182,'tkstat@comcast.net',1,'\0','\0','','$2a$10$SQQwSoaPGV7szsLdfYqnEeUfJOhqP.iKJUzx8wEuOpdixI8ll3Et6','\0','Tom','Stat',1,'\0','',NULL,NULL,NULL,NULL,NULL,NULL,NULL,NULL,'2014-09-10 00:19:28',NULL,'2014-09-10 00:19:28',NULL),(183,'virginia@posiba.com',1,'\0','\0','','$2a$10$mqODzB1Qz7eUDnTLR.lGl.TQjKQrmL/uYsm1JcAZnJSLVUJ7rZQzq','\0','Virginia','Upshaw',1,'\0','POSIBA',NULL,NULL,NULL,NULL,NULL,NULL,NULL,NULL,'2014-09-10 00:19:28',NULL,'2014-09-10 00:19:28',NULL),(184,'donaldj@cardiffoceangroup.com',2,'\0','\0','','$2a$10$WpCWNSXnuJRCE9LU7nUwzub7J.zaKRqKsTcbLOVIISRLgfhSTCZ92','\0','Don','Jones',3,'\0','AHF Board',NULL,NULL,NULL,NULL,NULL,NULL,NULL,NULL,'2014-09-10 00:19:28',NULL,'2014-09-10 00:19:28',NULL),(185,'rghood@cox.net',4,'\0','\0','','$2a$10$KNUDWecw0iGgBfnARP03N.6WdsnE4Yirz.tDMXuqTxmW/4sUY7I6y','\0','Rodney','Hood',3,'\0','AHF Board',NULL,NULL,NULL,NULL,NULL,NULL,NULL,NULL,'2014-09-10 00:19:28',NULL,'2014-09-10 00:19:28',NULL),(186,'kathlynmead@gmail.com',1,'\0','\0','','$2a$10$9xzeVu42FOJSKgDscnHyce2WWrcTrdAsly7rhJCkZo4h4iGPNzHYO','\0','Kathlyn','Mead',3,'\0','AHF Board',NULL,NULL,NULL,NULL,NULL,NULL,NULL,NULL,'2014-09-10 00:19:28',NULL,'2014-09-10 00:19:28',NULL),(187,'elizabeth@dreicer.com',1,'\0','\0','','$2a$10$1VCnNEAE8Y6TgAUqm.FTy.CWBe8iMmfcA48gY7lMpNwxj883ALQeO','\0','Elizabeth','Dreicer',3,'\0','AHF Board',NULL,NULL,NULL,NULL,NULL,NULL,NULL,NULL,'2014-09-10 00:19:28',NULL,'2014-09-10 00:19:28',NULL),(188,'trever@posiba.com',4,'\0','\0','','$2a$10$74GC.H0esrvizh6v72B/teNFSSQrbkNoEXHz65eJzh6iMUc5aQU32','\0','trever','pietsch',0,'\0','POSIBA',NULL,NULL,NULL,NULL,NULL,NULL,NULL,NULL,'2014-09-10 00:19:28',NULL,'2014-09-10 00:19:28',NULL),(189,'user@211sandiego.org',5,'\0','\0','','$2a$10$HQD7ChaMMDteCxa6R2AKhuoXF7830ntcUyjMM20WvGlZvJFIKGUx6','\0','211','User',14,'\0','',NULL,NULL,NULL,NULL,NULL,NULL,NULL,NULL,'2014-09-10 00:19:28',NULL,'2014-09-10 00:19:28',NULL),(204,'aaront@jewishfederationsandiego.org',0,'\0','\0','','$2a$10$8LwLtWnBdEn90TY3ipQMmu1eKjb7dySmz3AvFLmK7OpYY25WysQ1u','\0','Aaron','Truax',42,'\0','Marketing Director',NULL,'8587377134',NULL,NULL,NULL,'cus_50EwO0dINJp4vb',NULL,NULL,'2014-10-22 02:03:05',NULL,NULL,NULL),(205,'nwinfrey@sdpets.org',0,'\0','\0','','$2a$10$NuMhHkm9n1wPW.KBkPrGFen0NQfnqq79Gv991XEpQkuxhfiyLCmZe','\0','Nicholas','Winfrey',43,'\0','VP of Planning and Development',NULL,'7608407553',NULL,NULL,NULL,'cus_50Ey66Xz4p8XRt',NULL,NULL,'2014-10-22 02:04:44',NULL,NULL,NULL),(206,'neil@theparadigmproject.org',0,'\0','\0','','$2a$10$hpgav8hLRC.W5Hvc/KXdYONDqz/o8dqGwLmi28ebK7efJU//aOJqu','\0','Neil','Bellefeuille',44,'\0','CEO',NULL,'7194330639',NULL,NULL,NULL,'cus_50EzRvoJNoLw3L',NULL,NULL,'2014-10-22 02:06:14',NULL,NULL,NULL),(207,'sstubblefield@nclifeline.org',0,'\0','\0','','$2a$10$U2Cva3UN4ogzkAerlIsAOueabSUIzs/CPqEI09EDP7EDMv/YK9Ara','\0','Shannon','Stubblefield',45,'\0','Development Director',NULL,'7608426257',NULL,NULL,NULL,'cus_50F3gaRNNDw1nC',NULL,NULL,'2014-10-22 02:10:11',NULL,NULL,NULL),(208,'lhinkle@meals-on-wheels.org',0,'\0','\0','','$2a$10$CsxfFN/grlu3iqxccSIbqemXcC.n0K3W6UJWrL5HbYDgcAWJ34vQq','\0','Luanne','Hinkle',46,'\0','Development Director',NULL,'6192784005',NULL,NULL,NULL,'cus_50F80BA07IodNd',NULL,NULL,'2014-10-22 02:14:46',NULL,NULL,NULL),(209,'amy@gotrsd.org',0,'\0','\0','','$2a$10$fKx1jvaknqaqjnBaOSIFNubzdmL8DPiXgkI3hbBQWH3C6iz50ptSa','\0','Amy','Jerome',47,'\0','Executive Director',NULL,'6198166991',NULL,NULL,NULL,'cus_50F9GAsJJ0yNpv',NULL,NULL,'2014-10-22 02:15:50',NULL,NULL,NULL),(210,'Tanisha@keep-a-breast.org',0,'\0','\0','','$2a$10$9oAQDwRoYBbdpYAfLaTiOeyyyCyCMOQ8I7Gtmbuvv49uN5BW9tpq.','\0','Tanisha','Bors',48,'\0','Director',NULL,'6042020611',NULL,NULL,NULL,'cus_50FAmkDU4QeHPj',NULL,NULL,'2014-10-22 02:16:57',NULL,NULL,NULL),(211,'Teresa@dreamsforchange.org',0,'\0','\0','','$2a$10$ClRxGrj5Aj8wj4yxdV/fw.fHPl.HHojyu8yBob.7R23VLd53R5AIa','\0','Teresa','Smith',49,'\0','CEO',NULL,'6199442838',NULL,NULL,NULL,'cus_50FBEZq2jqXmYy',NULL,NULL,'2014-10-22 02:18:01',NULL,NULL,NULL),(212,'contact@skipperu.org',0,'\0','\0','','$2a$10$3hJ934ptLtJSXQtDBFpjTecVTwx4idt6vJ39D7hZiQW1ScgY8KXDe','\0','Liz','Wilson',50,'\0','Miss',NULL,'',NULL,NULL,NULL,'cus_50FEnAbY27yNIk',NULL,NULL,'2014-10-22 02:21:01',NULL,NULL,NULL),(213,'pat@bgccarlsbad.org',0,'\0','\0','','$2a$10$HxGLZX8WjtYT33e4IbQyOusA9XSO9beKc3a.kJ5bwYdI65pk/jsFC','\0','Pat','Maldi',51,'\0','Director of Marketing',NULL,'7604444893',NULL,NULL,NULL,'cus_50FFfgI8ZP25XH',NULL,NULL,'2014-10-22 02:22:09',NULL,NULL,NULL),(214,'ken@missionedgesd.org',0,'\0','\0','','$2a$10$5b7wA57r/W/p5tHeR96Kt.OFEi.CAtmQviow2Y/96m1thzQFuy3be','\0','Ken','Davenport',52,'\0','CEO',NULL,'9495252611',NULL,NULL,NULL,'cus_50FHXVJfsixazM',NULL,NULL,'2014-10-22 02:23:40',NULL,NULL,NULL),(215,'kwinston@connect.org',0,'\0','\0','','$2a$10$8z4KdqNfgXCfFv5L0/rXR.M0GEP0eTb0fzf1jTOkP.06vVB9BPj0y','\0','Karen','Winston',53,'\0','VP, Program Development',NULL,'8589641346',NULL,NULL,NULL,'cus_50FI09OAZC24rW',NULL,NULL,'2014-10-22 02:25:03',NULL,NULL,NULL),(216,'gbaker@glenner.org',0,'\0','\0','','$2a$10$pbQ73ThxvOxuhi614vStIOcnHvOCgO1Ywxm9bGCgDOnNqUicz8GZC','\0','Gloria','Baker',54,'\0','Director of Development',NULL,'6195434700',NULL,NULL,NULL,'cus_50FKLngrXZwWy9',NULL,NULL,'2014-10-22 02:26:27',NULL,NULL,NULL),(217,'pthompson@crcncc.org',0,'\0','\0','','$2a$10$vl3Rpox/XfmX67R898QicugExEsZ.IlZAuD/tygchquptGM4KUSJ.','\0','Paul','Thompson',55,'\0','CEO',NULL,'',NULL,NULL,NULL,'cus_51CcCvWCCeLm07',NULL,NULL,'2014-10-24 15:42:20',NULL,NULL,NULL),(218,'amie@posiba.com',0,'\0','\0','','$2a$10$PHH9Nd10/9GzxCTGHSTvy.OShe.ipc9gIkorNQVcuP9vuBgMgpIaG','\0','amie','brown',56,'\0','',NULL,'',NULL,NULL,NULL,'cus_52O4GMtC5hq2aG',NULL,NULL,'2014-10-27 19:36:35',NULL,NULL,NULL),(220,'renee@donationmatch.com',0,'\0','\0','','$2a$10$YbtScha6hIm6ui6KrjZQce0NNInBUsu7Qv9saC8WUxK1S5tIHqGYW','\0','Renee','Zau',58,'\0','Co-founder & CEO',NULL,'',NULL,NULL,NULL,'cus_54yBRQJm9n10TL',NULL,NULL,'2014-11-03 17:03:59',NULL,NULL,NULL),(221,'phstc2@gmail.com',0,'\0','\0','','$2a$10$e6WZoplJFhNK3OMAhAjBxe.PBP2NazqOJnqRpUN0CvHHdkPpZu6W2','\0','Peter','StClair',59,'\0','Advisory Board Member',NULL,'6192601307',NULL,NULL,NULL,'cus_55NGy0vXLye9FU',NULL,NULL,'2014-11-04 18:58:51',NULL,NULL,NULL),(222,'tuan.bui@posiba.com',0,'\0','\0','','$2a$10$wHi6gpQzJta4LlWp8SKVtufis5wDMA2ch9Si0RNrYDfCB/TpEUfhq','\0','QA Test FN 0611','QA Test LN 0611',60,'\0','QA Test TT 0611',NULL,'12345678901',NULL,NULL,NULL,'cus_560Ggb447ZyGmA',NULL,NULL,'2014-11-06 11:16:54',NULL,NULL,NULL),(223,'thanh.tu@posiba.com',0,'\0','\0','','$2a$10$TBjCSIzQcesTmLBzU5235.1dBlAfFrDAcY0qaePdzFkBzHbPUfJ4O','\0','Thanh','Tu',61,'\0','just a test',NULL,'0918138188',NULL,NULL,NULL,'cus_560e0dCjr5625l',NULL,NULL,'2014-11-06 11:40:50',NULL,NULL,NULL),(224,'MELODYB@MISSIONEDGE.ORG',0,'\0','\0','','$2a$10$RuTzLYfRFoIAojGCf0.pge4hYN3vJq0zosFpzb3j3tQEIte1DhTV.','\0','Melody','Brue',62,'\0','CMO',NULL,'8583619731',NULL,NULL,NULL,'cus_569RqLlYSX6p8F',NULL,NULL,'2014-11-06 20:46:02',NULL,NULL,NULL),(225,'jaf08840@yahoo.com',0,'\0','\0','','$2a$10$XAveNZc1Wjs6hDQ85er6H.9I6mgoj6CIwnvXl8W2oIaYzclcoIu2K','\0','Joe','Smith',63,'\0','',NULL,'',NULL,NULL,NULL,'cus_580aXYM0JpKRW0',NULL,NULL,'2014-11-11 19:44:51',NULL,NULL,NULL),(226,'long.nguyen@posiba3.com',0,'\0','\0','','$2a$10$tSTPVb4RBOiDdwE.HWgUHu3AxglLakitCQfWEFx4baYzt.wwoD3mS','\0','Long','Nguyen',64,'\0','dfsf',NULL,'0982337343',NULL,NULL,NULL,'cus_5AkmIBfiWV7sNT',NULL,NULL,'2014-11-19 03:36:47',NULL,NULL,NULL),(227,'admin@posiba2.com',0,'\0','\0','','$2a$10$QVexJ9gGanA9C1Mat.CbuOMZPAv3eLYvXrUY7R1MEXKncAXoUQu2O','\0','rtert','etertert',65,'\0','',NULL,'',NULL,NULL,NULL,'cus_5AqYyAnGpv2m0o',NULL,NULL,'2014-11-19 09:34:41',NULL,NULL,NULL),(228,'ndlongit@yahoo.com',0,'\0','\0','','$2a$10$SCYnYMJNmMOnR3..0/reTeo55OK.gBH/vm2R0GL0d04xTHqGKLfvO','\0','Long','01',66,'\0','',NULL,'',NULL,NULL,NULL,'cus_5G2ie5dil23mbm',NULL,NULL,'2014-12-03 06:28:21',NULL,NULL,NULL),(229,'long.nguyen@posiba2.com',0,'\0','\0','','$2a$10$dh3H06BfJeaUmlpLhKhuj.kKOz2GA07DWmKqxDBePjbHN1M0SCSkm','\0','Long','02',67,'\0','',NULL,'',NULL,NULL,NULL,'cus_5G3c1hEjEs2rJg',NULL,NULL,'2014-12-03 07:24:50',NULL,NULL,NULL),(230,'admin@posiba3.com',0,'\0','\0','','$2a$10$chpI4M.nJ0Ngj9ZCjnas3uF9jh2eUSu4FgPDpjZO4gBMDbDgJsL6O','\0','uyiouioui','ouiouio',68,'\0','',NULL,'',NULL,NULL,NULL,'cus_5G3tRvVh0cmS7B',NULL,NULL,'2014-12-03 07:41:25',NULL,NULL,NULL),(231,'long.nguyen@posiba.com',0,'\0','\0','','$2a$10$SNqVxzls2AAQUn8F5pOJxe5plRhTUy0w/RNxVUqb1EBVi9vIFKB3m','\0','Long','Nguyn',69,'\0','Mr.',NULL,'',NULL,NULL,NULL,'cus_5G6XHpN0S7RE9J',NULL,NULL,'2014-12-03 10:26:02',NULL,NULL,NULL),(232,'ndlongit@gmail.com',0,'\0','\0','','$2a$10$T.Lc2N1s8RA.6eXuU9.cIOBsa1E0C1TbGobEZ6Y5l6i3gJjha494i','\0','Long Gmail','Nguyen',70,'\0','',NULL,'',NULL,NULL,NULL,'cus_5G83w9tp805Mp7',NULL,NULL,'2014-12-03 11:59:24',NULL,NULL,NULL);
/*!40000 ALTER TABLE `user` ENABLE KEYS */;
UNLOCK TABLES;

--
-- Table structure for table `user_product`
--

DROP TABLE IF EXISTS `user_product`;
/*!40101 SET @saved_cs_client     = @@character_set_client */;
/*!40101 SET character_set_client = utf8 */;
CREATE TABLE `user_product` (
  `id` bigint(20) unsigned NOT NULL AUTO_INCREMENT,
  `user_id` bigint(20) unsigned NOT NULL,
  `product_price_id` bigint(20) unsigned NOT NULL,
  `created_date` timestamp NOT NULL DEFAULT CURRENT_TIMESTAMP,
  `user_created` bigint(11) DEFAULT NULL,
  `last_update_date` timestamp NULL DEFAULT NULL,
  `last_user_update` bigint(11) DEFAULT NULL,
  PRIMARY KEY (`id`),
  KEY `product_price_id_idx` (`product_price_id`),
  KEY `user_id_idx` (`user_id`),
  CONSTRAINT `fk_user_product_product_price_id` FOREIGN KEY (`product_price_id`) REFERENCES `product_price` (`id`) ON DELETE NO ACTION ON UPDATE NO ACTION,
  CONSTRAINT `fk_user_product_user_id` FOREIGN KEY (`user_id`) REFERENCES `user` (`id`) ON DELETE NO ACTION ON UPDATE NO ACTION
) ENGINE=InnoDB AUTO_INCREMENT=74 DEFAULT CHARSET=utf8;
/*!40101 SET character_set_client = @saved_cs_client */;

--
-- Dumping data for table `user_product`
--

LOCK TABLES `user_product` WRITE;
/*!40000 ALTER TABLE `user_product` DISABLE KEYS */;
INSERT INTO `user_product` VALUES (26,204,143,'2014-10-30 08:54:53',NULL,NULL,NULL),(27,204,63,'2014-10-30 08:54:53',NULL,NULL,NULL),(28,205,133,'2014-10-30 08:54:53',NULL,NULL,NULL),(29,205,53,'2014-10-30 08:54:53',NULL,NULL,NULL),(30,206,51,'2014-10-30 08:54:53',NULL,NULL,NULL),(31,206,131,'2014-10-30 08:54:53',NULL,NULL,NULL),(32,207,62,'2014-10-30 08:54:53',NULL,NULL,NULL),(33,208,58,'2014-10-30 08:54:53',NULL,NULL,NULL),(34,208,138,'2014-10-30 08:54:53',NULL,NULL,NULL),(35,209,51,'2014-10-30 08:54:53',NULL,NULL,NULL),(36,209,131,'2014-10-30 08:54:53',NULL,NULL,NULL),(37,210,131,'2014-10-30 08:54:53',NULL,NULL,NULL),(38,210,51,'2014-10-30 08:54:53',NULL,NULL,NULL),(39,211,51,'2014-10-30 08:54:53',NULL,NULL,NULL),(40,211,131,'2014-10-30 08:54:53',NULL,NULL,NULL),(41,212,133,'2014-10-30 08:54:53',NULL,NULL,NULL),(42,212,53,'2014-10-30 08:54:53',NULL,NULL,NULL),(43,213,54,'2014-10-30 08:54:53',NULL,NULL,NULL),(44,214,134,'2014-10-30 08:54:53',NULL,NULL,NULL),(45,215,135,'2014-10-30 08:54:53',NULL,NULL,NULL),(46,215,55,'2014-10-30 08:54:53',NULL,NULL,NULL),(47,216,52,'2014-10-30 08:54:53',NULL,NULL,NULL),(48,216,132,'2014-10-30 08:54:53',NULL,NULL,NULL),(49,217,139,'2014-10-30 08:54:53',NULL,NULL,NULL),(50,217,59,'2014-10-30 08:54:53',NULL,NULL,NULL),(51,218,148,'2014-10-30 08:54:53',NULL,NULL,NULL),(52,218,68,'2014-10-30 08:54:53',NULL,NULL,NULL),(54,220,106,'2014-11-03 17:04:00',NULL,NULL,NULL),(55,220,26,'2014-11-03 17:04:00',NULL,NULL,NULL),(56,221,133,'2014-11-04 18:58:52',NULL,NULL,NULL),(57,221,53,'2014-11-04 18:58:52',NULL,NULL,NULL),(58,222,131,'2014-11-06 11:16:55',NULL,NULL,NULL),(59,222,51,'2014-11-06 11:16:55',NULL,NULL,NULL),(60,223,27,'2014-11-06 11:40:52',NULL,NULL,NULL),(61,224,131,'2014-11-06 20:46:03',NULL,NULL,NULL),(62,224,51,'2014-11-06 20:46:03',NULL,NULL,NULL),(63,225,160,'2014-11-11 19:44:51',NULL,NULL,NULL),(64,225,80,'2014-11-11 19:44:51',NULL,NULL,NULL),(65,226,29,'2014-11-19 03:36:57',NULL,NULL,NULL),(66,227,29,'2014-11-19 09:34:45',NULL,NULL,NULL),(67,228,131,'2014-12-03 06:28:25',NULL,NULL,NULL),(68,228,51,'2014-12-03 06:28:25',NULL,NULL,NULL),(69,229,26,'2014-12-03 07:24:53',NULL,NULL,NULL),(70,230,53,'2014-12-03 07:41:30',NULL,NULL,NULL),(71,231,51,'2014-12-03 10:26:14',NULL,NULL,NULL),(72,231,131,'2014-12-03 10:26:14',NULL,NULL,NULL),(73,232,51,'2014-12-03 11:59:34',NULL,NULL,NULL);
/*!40000 ALTER TABLE `user_product` ENABLE KEYS */;
UNLOCK TABLES;

--
-- Table structure for table `user_role`
--

DROP TABLE IF EXISTS `user_role`;
/*!40101 SET @saved_cs_client     = @@character_set_client */;
/*!40101 SET character_set_client = utf8 */;
CREATE TABLE `user_role` (
  `role_id` bigint(20) unsigned NOT NULL,
  `user_id` bigint(20) unsigned NOT NULL,
  `created_date` timestamp NOT NULL DEFAULT CURRENT_TIMESTAMP,
  `user_created` bigint(11) DEFAULT NULL,
  `last_update_date` timestamp NULL DEFAULT NULL,
  `last_user_update` bigint(11) DEFAULT NULL,
  PRIMARY KEY (`role_id`,`user_id`),
  KEY `user_role_role_id_idx` (`role_id`),
  KEY `user_role_user_id_idx` (`user_id`),
  CONSTRAINT `fk_user_role_role_id` FOREIGN KEY (`role_id`) REFERENCES `role` (`id`),
  CONSTRAINT `fk_user_role_user_id` FOREIGN KEY (`user_id`) REFERENCES `user` (`id`)
) ENGINE=InnoDB DEFAULT CHARSET=utf8 ROW_FORMAT=COMPACT;
/*!40101 SET character_set_client = @saved_cs_client */;

--
-- Dumping data for table `user_role`
--

LOCK TABLES `user_role` WRITE;
/*!40000 ALTER TABLE `user_role` DISABLE KEYS */;
INSERT INTO `user_role` VALUES (1,1,'2014-10-30 08:54:54',NULL,NULL,NULL),(1,6,'2014-10-30 08:54:54',NULL,NULL,NULL),(1,151,'2014-10-30 08:54:54',NULL,NULL,NULL),(1,152,'2014-10-30 08:54:54',NULL,NULL,NULL),(1,153,'2014-10-30 08:54:54',NULL,NULL,NULL),(1,174,'2014-10-30 08:54:54',NULL,NULL,NULL),(1,179,'2014-10-30 08:54:54',NULL,NULL,NULL),(1,180,'2014-10-30 08:54:54',NULL,NULL,NULL),(1,183,'2014-10-30 08:54:54',NULL,NULL,NULL),(1,188,'2014-10-30 08:54:54',NULL,NULL,NULL),(2,1,'2014-10-30 08:54:54',NULL,NULL,NULL),(2,3,'2014-10-30 08:54:54',NULL,NULL,NULL),(2,4,'2014-10-30 08:54:54',NULL,NULL,NULL),(2,5,'2014-10-30 08:54:54',NULL,NULL,NULL),(2,6,'2014-10-30 08:54:54',NULL,NULL,NULL),(2,7,'2014-10-30 08:54:54',NULL,NULL,NULL),(2,8,'2014-10-30 08:54:54',NULL,NULL,NULL),(2,9,'2014-10-30 08:54:54',NULL,NULL,NULL),(2,10,'2014-10-30 08:54:54',NULL,NULL,NULL),(2,11,'2014-10-30 08:54:54',NULL,NULL,NULL),(2,85,'2014-10-30 08:54:54',NULL,NULL,NULL),(2,86,'2014-10-30 08:54:54',NULL,NULL,NULL),(2,87,'2014-10-30 08:54:54',NULL,NULL,NULL),(2,88,'2014-10-30 08:54:54',NULL,NULL,NULL),(2,89,'2014-10-30 08:54:54',NULL,NULL,NULL),(2,90,'2014-10-30 08:54:54',NULL,NULL,NULL),(2,91,'2014-10-30 08:54:54',NULL,NULL,NULL),(2,92,'2014-10-30 08:54:54',NULL,NULL,NULL),(2,93,'2014-10-30 08:54:54',NULL,NULL,NULL),(2,94,'2014-10-30 08:54:54',NULL,NULL,NULL),(2,95,'2014-10-30 08:54:54',NULL,NULL,NULL),(2,96,'2014-10-30 08:54:54',NULL,NULL,NULL),(2,97,'2014-10-30 08:54:54',NULL,NULL,NULL),(2,98,'2014-10-30 08:54:54',NULL,NULL,NULL),(2,99,'2014-10-30 08:54:54',NULL,NULL,NULL),(2,100,'2014-10-30 08:54:54',NULL,NULL,NULL),(2,101,'2014-10-30 08:54:54',NULL,NULL,NULL),(2,102,'2014-10-30 08:54:54',NULL,NULL,NULL),(2,103,'2014-10-30 08:54:54',NULL,NULL,NULL),(2,104,'2014-10-30 08:54:54',NULL,NULL,NULL),(2,105,'2014-10-30 08:54:54',NULL,NULL,NULL),(2,106,'2014-10-30 08:54:54',NULL,NULL,NULL),(2,107,'2014-10-30 08:54:54',NULL,NULL,NULL),(2,108,'2014-10-30 08:54:54',NULL,NULL,NULL),(2,109,'2014-10-30 08:54:54',NULL,NULL,NULL),(2,110,'2014-10-30 08:54:54',NULL,NULL,NULL),(2,111,'2014-10-30 08:54:54',NULL,NULL,NULL),(2,112,'2014-10-30 08:54:54',NULL,NULL,NULL),(2,113,'2014-10-30 08:54:54',NULL,NULL,NULL),(2,114,'2014-10-30 08:54:54',NULL,NULL,NULL),(2,115,'2014-10-30 08:54:54',NULL,NULL,NULL),(2,116,'2014-10-30 08:54:54',NULL,NULL,NULL),(2,117,'2014-10-30 08:54:54',NULL,NULL,NULL),(2,118,'2014-10-30 08:54:54',NULL,NULL,NULL),(2,119,'2014-10-30 08:54:54',NULL,NULL,NULL),(2,120,'2014-10-30 08:54:54',NULL,NULL,NULL),(2,121,'2014-10-30 08:54:54',NULL,NULL,NULL),(2,122,'2014-10-30 08:54:54',NULL,NULL,NULL),(2,123,'2014-10-30 08:54:54',NULL,NULL,NULL),(2,124,'2014-10-30 08:54:54',NULL,NULL,NULL),(2,125,'2014-10-30 08:54:54',NULL,NULL,NULL),(2,126,'2014-10-30 08:54:54',NULL,NULL,NULL),(2,127,'2014-10-30 08:54:54',NULL,NULL,NULL),(2,128,'2014-10-30 08:54:54',NULL,NULL,NULL),(2,129,'2014-10-30 08:54:54',NULL,NULL,NULL),(2,130,'2014-10-30 08:54:54',NULL,NULL,NULL),(2,131,'2014-10-30 08:54:54',NULL,NULL,NULL),(2,132,'2014-10-30 08:54:54',NULL,NULL,NULL),(2,133,'2014-10-30 08:54:54',NULL,NULL,NULL),(2,134,'2014-10-30 08:54:54',NULL,NULL,NULL),(2,135,'2014-10-30 08:54:54',NULL,NULL,NULL),(2,136,'2014-10-30 08:54:54',NULL,NULL,NULL),(2,137,'2014-10-30 08:54:54',NULL,NULL,NULL),(2,138,'2014-10-30 08:54:54',NULL,NULL,NULL),(2,139,'2014-10-30 08:54:54',NULL,NULL,NULL),(2,140,'2014-10-30 08:54:54',NULL,NULL,NULL),(2,141,'2014-10-30 08:54:54',NULL,NULL,NULL),(2,142,'2014-10-30 08:54:54',NULL,NULL,NULL),(2,143,'2014-10-30 08:54:54',NULL,NULL,NULL),(2,144,'2014-10-30 08:54:54',NULL,NULL,NULL),(2,145,'2014-10-30 08:54:54',NULL,NULL,NULL),(2,146,'2014-10-30 08:54:54',NULL,NULL,NULL),(2,147,'2014-10-30 08:54:54',NULL,NULL,NULL),(2,148,'2014-10-30 08:54:54',NULL,NULL,NULL),(2,149,'2014-10-30 08:54:54',NULL,NULL,NULL),(2,150,'2014-10-30 08:54:54',NULL,NULL,NULL),(2,151,'2014-10-30 08:54:54',NULL,NULL,NULL),(2,152,'2014-10-30 08:54:54',NULL,NULL,NULL),(2,153,'2014-10-30 08:54:54',NULL,NULL,NULL),(2,154,'2014-10-30 08:54:54',NULL,NULL,NULL),(2,155,'2014-10-30 08:54:54',NULL,NULL,NULL),(2,156,'2014-10-30 08:54:54',NULL,NULL,NULL),(2,157,'2014-10-30 08:54:54',NULL,NULL,NULL),(2,158,'2014-10-30 08:54:54',NULL,NULL,NULL),(2,159,'2014-10-30 08:54:54',NULL,NULL,NULL),(2,160,'2014-10-30 08:54:54',NULL,NULL,NULL),(2,161,'2014-10-30 08:54:54',NULL,NULL,NULL),(2,162,'2014-10-30 08:54:54',NULL,NULL,NULL),(2,163,'2014-10-30 08:54:54',NULL,NULL,NULL),(2,164,'2014-10-30 08:54:54',NULL,NULL,NULL),(2,165,'2014-10-30 08:54:54',NULL,NULL,NULL),(2,166,'2014-10-30 08:54:54',NULL,NULL,NULL),(2,167,'2014-10-30 08:54:54',NULL,NULL,NULL),(2,168,'2014-10-30 08:54:54',NULL,NULL,NULL),(2,169,'2014-10-30 08:54:54',NULL,NULL,NULL),(2,170,'2014-10-30 08:54:54',NULL,NULL,NULL),(2,171,'2014-10-30 08:54:54',NULL,NULL,NULL),(2,172,'2014-10-30 08:54:54',NULL,NULL,NULL),(2,173,'2014-10-30 08:54:54',NULL,NULL,NULL),(2,174,'2014-10-30 08:54:54',NULL,NULL,NULL),(2,175,'2014-10-30 08:54:54',NULL,NULL,NULL),(2,176,'2014-10-30 08:54:54',NULL,NULL,NULL),(2,178,'2014-10-30 08:54:54',NULL,NULL,NULL),(2,179,'2014-10-30 08:54:54',NULL,NULL,NULL),(2,180,'2014-10-30 08:54:54',NULL,NULL,NULL),(2,181,'2014-10-30 08:54:54',NULL,NULL,NULL),(2,182,'2014-10-30 08:54:54',NULL,NULL,NULL),(2,183,'2014-10-30 08:54:54',NULL,NULL,NULL),(2,184,'2014-10-30 08:54:54',NULL,NULL,NULL),(2,185,'2014-10-30 08:54:54',NULL,NULL,NULL),(2,186,'2014-10-30 08:54:54',NULL,NULL,NULL),(2,187,'2014-10-30 08:54:54',NULL,NULL,NULL),(2,188,'2014-10-30 08:54:54',NULL,NULL,NULL),(2,189,'2014-10-30 08:54:54',NULL,NULL,NULL),(3,1,'2014-10-30 08:54:54',NULL,NULL,NULL),(3,173,'2014-10-30 08:54:54',NULL,NULL,NULL),(3,175,'2014-10-30 08:54:54',NULL,NULL,NULL),(3,176,'2014-10-30 08:54:54',NULL,NULL,NULL),(3,178,'2014-10-30 08:54:54',NULL,NULL,NULL),(3,179,'2014-10-30 08:54:54',NULL,NULL,NULL),(3,180,'2014-10-30 08:54:54',NULL,NULL,NULL),(4,1,'2014-10-30 08:54:54',NULL,NULL,NULL),(4,4,'2014-10-30 08:54:54',NULL,NULL,NULL),(4,85,'2014-10-30 08:54:54',NULL,NULL,NULL),(4,87,'2014-10-30 08:54:54',NULL,NULL,NULL),(4,91,'2014-10-30 08:54:54',NULL,NULL,NULL),(4,92,'2014-10-30 08:54:54',NULL,NULL,NULL),(4,94,'2014-10-30 08:54:54',NULL,NULL,NULL),(4,99,'2014-10-30 08:54:54',NULL,NULL,NULL),(4,102,'2014-10-30 08:54:54',NULL,NULL,NULL),(4,107,'2014-10-30 08:54:54',NULL,NULL,NULL),(4,108,'2014-10-30 08:54:54',NULL,NULL,NULL),(4,109,'2014-10-30 08:54:54',NULL,NULL,NULL),(4,111,'2014-10-30 08:54:54',NULL,NULL,NULL),(4,112,'2014-10-30 08:54:54',NULL,NULL,NULL),(4,113,'2014-10-30 08:54:54',NULL,NULL,NULL),(4,117,'2014-10-30 08:54:54',NULL,NULL,NULL),(4,118,'2014-10-30 08:54:54',NULL,NULL,NULL),(4,125,'2014-10-30 08:54:54',NULL,NULL,NULL),(4,127,'2014-10-30 08:54:54',NULL,NULL,NULL),(4,130,'2014-10-30 08:54:54',NULL,NULL,NULL),(4,131,'2014-10-30 08:54:54',NULL,NULL,NULL),(4,132,'2014-10-30 08:54:54',NULL,NULL,NULL),(4,134,'2014-10-30 08:54:54',NULL,NULL,NULL),(4,135,'2014-10-30 08:54:54',NULL,NULL,NULL),(4,137,'2014-10-30 08:54:54',NULL,NULL,NULL),(4,139,'2014-10-30 08:54:54',NULL,NULL,NULL),(4,140,'2014-10-30 08:54:54',NULL,NULL,NULL),(4,144,'2014-10-30 08:54:54',NULL,NULL,NULL),(4,146,'2014-10-30 08:54:54',NULL,NULL,NULL),(4,149,'2014-10-30 08:54:54',NULL,NULL,NULL),(4,150,'2014-10-30 08:54:54',NULL,NULL,NULL),(4,152,'2014-10-30 08:54:54',NULL,NULL,NULL),(4,153,'2014-10-30 08:54:54',NULL,NULL,NULL),(4,155,'2014-10-30 08:54:54',NULL,NULL,NULL),(4,156,'2014-10-30 08:54:54',NULL,NULL,NULL),(4,170,'2014-10-30 08:54:54',NULL,NULL,NULL),(4,171,'2014-10-30 08:54:54',NULL,NULL,NULL),(4,174,'2014-10-30 08:54:54',NULL,NULL,NULL),(4,175,'2014-10-30 08:54:54',NULL,NULL,NULL),(4,180,'2014-10-30 08:54:54',NULL,NULL,NULL),(4,181,'2014-10-30 08:54:54',NULL,NULL,NULL),(4,182,'2014-10-30 08:54:54',NULL,NULL,NULL),(5,1,'2014-10-30 08:54:54',NULL,NULL,NULL),(5,4,'2014-10-30 08:54:54',NULL,NULL,NULL),(5,85,'2014-10-30 08:54:54',NULL,NULL,NULL),(5,86,'2014-10-30 08:54:54',NULL,NULL,NULL),(5,148,'2014-10-30 08:54:54',NULL,NULL,NULL),(5,149,'2014-10-30 08:54:54',NULL,NULL,NULL),(5,150,'2014-10-30 08:54:54',NULL,NULL,NULL),(5,152,'2014-10-30 08:54:54',NULL,NULL,NULL),(5,153,'2014-10-30 08:54:54',NULL,NULL,NULL),(5,155,'2014-10-30 08:54:54',NULL,NULL,NULL),(5,156,'2014-10-30 08:54:54',NULL,NULL,NULL),(5,171,'2014-10-30 08:54:54',NULL,NULL,NULL),(5,174,'2014-10-30 08:54:54',NULL,NULL,NULL),(5,176,'2014-10-30 08:54:54',NULL,NULL,NULL),(5,180,'2014-10-30 08:54:54',NULL,NULL,NULL),(6,1,'2014-10-30 08:54:54',NULL,NULL,NULL),(6,4,'2014-10-30 08:54:54',NULL,NULL,NULL),(6,85,'2014-10-30 08:54:54',NULL,NULL,NULL),(6,88,'2014-10-30 08:54:54',NULL,NULL,NULL),(6,89,'2014-10-30 08:54:54',NULL,NULL,NULL),(6,90,'2014-10-30 08:54:54',NULL,NULL,NULL),(6,95,'2014-10-30 08:54:54',NULL,NULL,NULL),(6,96,'2014-10-30 08:54:54',NULL,NULL,NULL),(6,97,'2014-10-30 08:54:54',NULL,NULL,NULL),(6,98,'2014-10-30 08:54:54',NULL,NULL,NULL),(6,100,'2014-10-30 08:54:54',NULL,NULL,NULL),(6,101,'2014-10-30 08:54:54',NULL,NULL,NULL),(6,103,'2014-10-30 08:54:54',NULL,NULL,NULL),(6,104,'2014-10-30 08:54:54',NULL,NULL,NULL),(6,105,'2014-10-30 08:54:54',NULL,NULL,NULL),(6,106,'2014-10-30 08:54:54',NULL,NULL,NULL),(6,110,'2014-10-30 08:54:54',NULL,NULL,NULL),(6,114,'2014-10-30 08:54:54',NULL,NULL,NULL),(6,115,'2014-10-30 08:54:54',NULL,NULL,NULL),(6,116,'2014-10-30 08:54:54',NULL,NULL,NULL),(6,119,'2014-10-30 08:54:54',NULL,NULL,NULL),(6,120,'2014-10-30 08:54:54',NULL,NULL,NULL),(6,121,'2014-10-30 08:54:54',NULL,NULL,NULL),(6,122,'2014-10-30 08:54:54',NULL,NULL,NULL),(6,124,'2014-10-30 08:54:54',NULL,NULL,NULL),(6,126,'2014-10-30 08:54:54',NULL,NULL,NULL),(6,128,'2014-10-30 08:54:54',NULL,NULL,NULL),(6,132,'2014-10-30 08:54:54',NULL,NULL,NULL),(6,133,'2014-10-30 08:54:54',NULL,NULL,NULL),(6,136,'2014-10-30 08:54:54',NULL,NULL,NULL),(6,141,'2014-10-30 08:54:54',NULL,NULL,NULL),(6,142,'2014-10-30 08:54:54',NULL,NULL,NULL),(6,143,'2014-10-30 08:54:54',NULL,NULL,NULL),(6,145,'2014-10-30 08:54:54',NULL,NULL,NULL),(6,147,'2014-10-30 08:54:54',NULL,NULL,NULL),(6,149,'2014-10-30 08:54:54',NULL,NULL,NULL),(6,150,'2014-10-30 08:54:54',NULL,NULL,NULL),(6,152,'2014-10-30 08:54:54',NULL,NULL,NULL),(6,153,'2014-10-30 08:54:54',NULL,NULL,NULL),(6,154,'2014-10-30 08:54:54',NULL,NULL,NULL),(6,155,'2014-10-30 08:54:54',NULL,NULL,NULL),(6,156,'2014-10-30 08:54:54',NULL,NULL,NULL),(6,174,'2014-10-30 08:54:54',NULL,NULL,NULL),(6,178,'2014-10-30 08:54:54',NULL,NULL,NULL),(6,180,'2014-10-30 08:54:54',NULL,NULL,NULL),(8,1,'2014-10-30 08:54:54',NULL,NULL,NULL),(8,4,'2014-10-30 08:54:54',NULL,NULL,NULL),(8,85,'2014-10-30 08:54:54',NULL,NULL,NULL),(8,93,'2014-10-30 08:54:54',NULL,NULL,NULL),(8,123,'2014-10-30 08:54:54',NULL,NULL,NULL),(8,129,'2014-10-30 08:54:54',NULL,NULL,NULL),(8,138,'2014-10-30 08:54:54',NULL,NULL,NULL),(8,149,'2014-10-30 08:54:54',NULL,NULL,NULL),(8,150,'2014-10-30 08:54:54',NULL,NULL,NULL),(8,152,'2014-10-30 08:54:54',NULL,NULL,NULL),(8,153,'2014-10-30 08:54:54',NULL,NULL,NULL),(8,155,'2014-10-30 08:54:54',NULL,NULL,NULL),(8,156,'2014-10-30 08:54:54',NULL,NULL,NULL),(8,174,'2014-10-30 08:54:54',NULL,NULL,NULL),(8,180,'2014-10-30 08:54:54',NULL,NULL,NULL),(13,3,'2014-10-30 08:54:54',NULL,NULL,NULL),(14,157,'2014-10-30 08:54:54',NULL,NULL,NULL),(14,158,'2014-10-30 08:54:54',NULL,NULL,NULL),(14,159,'2014-10-30 08:54:54',NULL,NULL,NULL),(14,160,'2014-10-30 08:54:54',NULL,NULL,NULL),(14,161,'2014-10-30 08:54:54',NULL,NULL,NULL),(14,162,'2014-10-30 08:54:54',NULL,NULL,NULL),(14,163,'2014-10-30 08:54:54',NULL,NULL,NULL),(14,164,'2014-10-30 08:54:54',NULL,NULL,NULL),(14,165,'2014-10-30 08:54:54',NULL,NULL,NULL),(14,166,'2014-10-30 08:54:54',NULL,NULL,NULL),(14,167,'2014-10-30 08:54:54',NULL,NULL,NULL),(14,168,'2014-10-30 08:54:54',NULL,NULL,NULL),(14,184,'2014-10-30 08:54:54',NULL,NULL,NULL),(14,185,'2014-10-30 08:54:54',NULL,NULL,NULL),(14,186,'2014-10-30 08:54:54',NULL,NULL,NULL),(14,187,'2014-10-30 08:54:54',NULL,NULL,NULL),(15,5,'2014-10-30 08:54:54',NULL,NULL,NULL),(17,7,'2014-10-30 08:54:54',NULL,NULL,NULL),(17,169,'2014-10-30 08:54:54',NULL,NULL,NULL),(18,8,'2014-10-30 08:54:54',NULL,NULL,NULL),(19,9,'2014-10-30 08:54:54',NULL,NULL,NULL),(20,10,'2014-10-30 08:54:54',NULL,NULL,NULL),(21,11,'2014-10-30 08:54:54',NULL,NULL,NULL),(22,189,'2014-10-30 08:54:54',NULL,NULL,NULL),(37,204,'2014-10-30 08:54:54',NULL,NULL,NULL),(38,205,'2014-10-30 08:54:54',NULL,NULL,NULL),(39,206,'2014-10-30 08:54:54',NULL,NULL,NULL),(40,207,'2014-10-30 08:54:54',NULL,NULL,NULL),(41,208,'2014-10-30 08:54:54',NULL,NULL,NULL),(42,209,'2014-10-30 08:54:54',NULL,NULL,NULL),(43,210,'2014-10-30 08:54:54',NULL,NULL,NULL),(44,211,'2014-10-30 08:54:54',NULL,NULL,NULL),(45,212,'2014-10-30 08:54:54',NULL,NULL,NULL),(46,213,'2014-10-30 08:54:54',NULL,NULL,NULL),(47,214,'2014-10-30 08:54:54',NULL,NULL,NULL),(48,215,'2014-10-30 08:54:54',NULL,NULL,NULL),(49,216,'2014-10-30 08:54:54',NULL,NULL,NULL),(50,217,'2014-10-30 08:54:54',NULL,NULL,NULL),(51,218,'2014-10-30 08:54:54',NULL,NULL,NULL),(53,220,'2014-11-03 17:04:00',NULL,NULL,NULL),(54,221,'2014-11-04 18:58:52',NULL,NULL,NULL),(55,222,'2014-11-06 11:16:55',NULL,NULL,NULL),(56,223,'2014-11-06 11:40:52',NULL,NULL,NULL),(57,224,'2014-11-06 20:46:03',NULL,NULL,NULL),(58,225,'2014-11-11 19:44:51',NULL,NULL,NULL),(59,226,'2014-11-19 03:36:57',NULL,NULL,NULL),(60,227,'2014-11-19 09:34:45',NULL,NULL,NULL),(61,228,'2014-12-03 06:28:25',NULL,NULL,NULL),(62,229,'2014-12-03 07:24:54',NULL,NULL,NULL),(63,230,'2014-12-03 07:41:30',NULL,NULL,NULL),(64,231,'2014-12-03 10:26:14',NULL,NULL,NULL),(65,232,'2014-12-03 11:59:34',NULL,NULL,NULL);
/*!40000 ALTER TABLE `user_role` ENABLE KEYS */;
UNLOCK TABLES;

--
-- Table structure for table `view`
--

DROP TABLE IF EXISTS `view`;
/*!40101 SET @saved_cs_client     = @@character_set_client */;
/*!40101 SET character_set_client = utf8 */;
CREATE TABLE `view` (
  `id` bigint(20) unsigned NOT NULL AUTO_INCREMENT,
  `version` bigint(20) NOT NULL,
  `name` varchar(255) NOT NULL,
  `view_type` varchar(255) NOT NULL,
  `tableau_view` varchar(255) NOT NULL,
  `tableau_site` varchar(255) NOT NULL,
  `menu_id` bigint(20) unsigned NOT NULL,
  `html` varchar(2550) NOT NULL,
  `thumbnail` varchar(255) NOT NULL,
  `description` varchar(255) NOT NULL,
  `sort_order` int(11) NOT NULL,
  `deleted` bit(1) NOT NULL,
  `is_sample` bit(1) NOT NULL,
  `created_date` timestamp NOT NULL DEFAULT CURRENT_TIMESTAMP,
  `user_created` bigint(11) DEFAULT NULL,
  `last_update_date` timestamp NULL DEFAULT NULL,
  `last_user_update` bigint(11) DEFAULT NULL,
  PRIMARY KEY (`id`),
  KEY `view_menu_id_idx` (`menu_id`),
  CONSTRAINT `fk_view_menu_id` FOREIGN KEY (`menu_id`) REFERENCES `menu` (`id`)
) ENGINE=InnoDB AUTO_INCREMENT=505 DEFAULT CHARSET=utf8 ROW_FORMAT=COMPACT;
/*!40101 SET character_set_client = @saved_cs_client */;

--
-- Dumping data for table `view`
--

LOCK TABLES `view` WRITE;
/*!40000 ALTER TABLE `view` DISABLE KEYS */;
INSERT INTO `view` VALUES (0,0,'Posiba Internal','','','',0,'','','',0,'\0','\0','2014-10-30 08:54:55',NULL,NULL,NULL),(1,0,'Approval Rate by Request Month','tableau','operational_analytics/ApprovalRate_1','/t/tce',1,'','','Percentage of grants approved out of total grants requested each month.',0,'\0','\0','2014-10-30 08:54:55',NULL,NULL,NULL),(2,0,'Grants  Approvals and Declines by Month','tableau','operational_analytics/ApprovalsDeclinesByMonth','/t/tce',1,'','','Amount of grant money approved and grant money declined each month.',0,'\0','\0','2014-10-30 08:54:55',NULL,NULL,NULL),(3,0,'Grants  Median $ Value of Approvals and Declines','tableau','operational_analytics/MedianApprovalsDeclines','/t/tce',1,'','','Median size of grants approved or declined each month.',0,'\0','\0','2014-10-30 08:54:55',NULL,NULL,NULL),(5,0,'Requests  Grants by Month','tableau','operational_analytics/RequestsbyMonth_1','/t/tce',1,'','','Number of grant requests each month and the median amount of money requested each month.',0,'\0','\0','2014-10-30 08:54:55',NULL,NULL,NULL),(6,0,'Payments  Grants by Month','tableau','operational_analytics/PaymentsbyMonth_1','/t/tce',1,'','','Total value of grant payments and the total number of payments made each month.',0,'\0','\0','2014-10-30 08:54:55',NULL,NULL,NULL),(7,0,'Payments  Payment Lags by Month','tableau','operational_analytics/PaymentLagsByMonth','/t/tce',1,'','','Time (in days) between grant approval and first grant payment. ',0,'\0','\0','2014-10-30 08:54:55',NULL,NULL,NULL),(8,0,'Payments  Lagged Payment Analysis','tableau','operational_analytics/LaggedPmtAnalysis_1','/t/tce',1,'','','Analysis of lagged payment data categorized by program area, by fast track versus non-fast track, and by fund.',0,'\0','\0','2014-10-30 08:54:55',NULL,NULL,NULL),(9,0,'Payments  Range of Payments by Month','tableau','operational_analytics/PaymentRangebyMonth_1','/t/tce',1,'','','Payment amount for all grants each month. ',0,'\0','\0','2014-10-30 08:54:55',NULL,NULL,NULL),(10,0,'Processing  Slow Decision Analysis','tableau','operational_analytics/SlowDecisionAnalysis_1','/t/tce',1,'','','Analysis of slow grant decisions categorized by program area and by fund.',0,'\0','\0','2014-10-30 08:54:55',NULL,NULL,NULL),(11,0,'Processing  Median Days for Decision','tableau','operational_analytics/MeadianDaysforDecision','/t/tce',1,'','','Median time (in days) for grant decisions each month. ',0,'\0','\0','2014-10-30 08:54:55',NULL,NULL,NULL),(12,0,'Processing  Actual Review Days  Projected Review Days','tableau','operational_analytics/ActualVSProjectedReviewDays','/t/tce',1,'','','Difference between the actual time that a grant request remained in an area of processing and the projected time that a request should remain in that stage.',0,'\0','\0','2014-10-30 08:54:55',NULL,NULL,NULL),(13,0,'Processing  Review Days by Stage and Grant Size','tableau','operational_analytics/ReviewDaysbyGrantSize','/t/tce',1,'','','Time for each review stage in days for large, medium, and small grants.',0,'\0','\0','2014-10-30 08:54:55',NULL,NULL,NULL),(15,0,'Processing  Average Review Iterations per Request','tableau','operational_analytics/IterationsperRequest_1','/t/tce',1,'','','Average number of iterations per grant request categorized by review stage',0,'\0','\0','2014-10-30 08:54:55',NULL,NULL,NULL),(16,0,'Cumulative Fiscal YTD Grant $ by Fund','tableau','fund_analytics/FYTDGrantsvs_Budget','/t/tce',2,'','','Year-to-date grant money categorized by fund.',0,'\0','\0','2014-10-30 08:54:55',NULL,NULL,NULL),(17,2,'Allocation Analysis','tableau','fund_analytics/AllocationbyFund','/t/tce',2,'','','Summary analysis of grant allocation across coding category.',0,'\0','\0','2014-10-30 08:54:55',NULL,NULL,NULL),(21,0,'Grant Distributions by Community','tableau','fund_analytics/Fund-GrantCodingDetailAnalysis','/t/tce',2,'','','Monthly distribution of grants across each community.',0,'\0','\0','2014-10-30 08:54:55',NULL,NULL,NULL),(23,0,'Grant Coding Distribution by Month','tableau','fund_analytics/MonthlyGrantGivingAnalysis','/t/tce',2,'','','Distribution of grant money across coding categories each month.',0,'\0','\0','2014-10-30 08:54:55',NULL,NULL,NULL),(24,0,'Grant Detail by Grantmaker','tableau','fund_analytics/FundGrantDetailbyGrantmaker_1','/t/tce',2,'','','Grants over time categorized by grantmaker.',0,'\0','\0','2014-10-30 08:54:55',NULL,NULL,NULL),(25,0,'Grant Allocation by Grantmaker','tableau','fund_analytics/GrantDistributionbyGrantmaker','/t/tce',2,'','','Proportion of grant money categorized by coding category for each grantmaker.',0,'\0','\0','2014-10-30 08:54:55',NULL,NULL,NULL),(27,2,'All Sites Dashboard by 10 Outcomes','tableau','site_analytics/AllSitesDashboardby10Outcomes','/t/tce',3,'','','Allocation of funds in each community - dashboard.',0,'\0','\0','2014-10-30 08:54:55',NULL,NULL,NULL),(28,0,'10 Outcomes Dashboard','tableau','site_analytics/TenOutcomesDashboard','/t/tce',3,'','','Allocation of funds (pie chart) in each community across 10 outcomes.',0,'\0','\0','2014-10-30 08:54:55',NULL,NULL,NULL),(29,0,'Grant Coding Analysis','tableau','site_analytics/GrantCodingAnalysis_1','/t/tce',3,'','','Grants over time organized by coding category.',0,'\0','\0','2014-10-30 08:54:55',NULL,NULL,NULL),(31,0,'Site Grant Detail by Grantmaker','tableau','site_analytics/SiteGrantDetailbyGrantmaker_1','/t/tce',3,'','','Distribution of grants across coding category over time organized by grantmaker for each community.',0,'\0','\0','2014-10-30 08:54:55',NULL,NULL,NULL),(32,0,'Site Grant Distribution by Grantmaker','tableau','site_analytics/SiteGrantDistributionbyGrantmaker_1','/t/tce',3,'','','Grant distribution across coding category by grantmaker for each community.',0,'\0','\0','2014-10-30 08:54:55',NULL,NULL,NULL),(33,0,'Cumulative Fiscal YTD Grant $','tableau','grantmaker_analytics/FYTDGrants','/t/tce',4,'','','Monthly comparison of cumulative grant money (year-to-date) by fiscal year organized by grantmaker.',0,'\0','\0','2014-10-30 08:54:55',NULL,NULL,NULL),(34,0,'Coding Analysis Detail','tableau','grantmaker_analytics/CodingAnalysisDetail','/t/tce',4,'','','Grant allocation for each staff member by category.',0,'\0','\0','2014-10-30 08:54:55',NULL,NULL,NULL),(35,0,'Geographic Analysis','tableau','grantmaker_analytics/GeographicAnalysis_1','/t/tce',4,'','','Grant money distribution for each staff member by year.',0,'\0','\0','2014-10-30 08:54:55',NULL,NULL,NULL),(36,0,'Pie Chart by Code','tableau','grantmaker_analytics/PieChartbyCodeAnalysis','/t/tce',4,'','','Grant allocation by coding catefory for each staff member.',0,'\0','\0','2014-10-30 08:54:55',NULL,NULL,NULL),(37,0,'Monthly Grant Distribution','tableau','grantmaker_analytics/MonthlyGrantDistribution','/t/tce',4,'','','Bar graph of grant distribution over time by category for each staff member.',0,'\0','\0','2014-10-30 08:54:55',NULL,NULL,NULL),(38,0,'Approvals/Declines per Year','tableau','grantmaker_analytics/ApprovalsDeclines_1','/t/tce',4,'','','Grant approvals and declines each year for each grantmaker.',0,'\0','\0','2014-10-30 08:54:55',NULL,NULL,NULL),(39,0,'Grants per Year','tableau','grantmaker_analytics/GrantsperYear','/t/tce',4,'','','Grants per year with by grantmaker.',0,'\0','\0','2014-10-30 08:54:55',NULL,NULL,NULL),(40,0,'Range of Processing Times','tableau','grantmaker_analytics/RangeofProcessingTimes','/t/tce',4,'','','Scatter plot of processing times for grants by grantmaker.',0,'\0','\0','2014-10-30 08:54:55',NULL,NULL,NULL),(41,0,'Range of Grant Values','tableau','grantmaker_analytics/RangeofGrantValues','/t/tce',4,'','','Scatter plot of the ranges of grant values categorized by grantmaker.',0,'\0','\0','2014-10-30 08:54:55',NULL,NULL,NULL),(42,0,'Grantmaker(s) Detail Comparison','tableau','grantmaker_analytics/GrantmakerDetailComparison','/t/tce',4,'','','Historical grantmaking for each grantmaker organized by fund.',0,'\0','\0','2014-10-30 08:54:55',NULL,NULL,NULL),(43,0,'Grantmaker(s) Distribution Comparison','tableau','grantmaker_analytics/AllocationbyCategorybyGrantmaker','/t/tce',4,'','','Proportion of each grantmaker\'s grants by coding category.',0,'\0','\0','2014-10-30 08:54:55',NULL,NULL,NULL),(44,0,'Grantee Dashboard','tableau','grantee_dashboard/GranteeDashboard','/t/tce',5,'','','Dashboard of recipient organizations, including allocation by category, grant history, and grantmakers.',0,'\0','\0','2014-10-30 08:54:55',NULL,NULL,NULL),(45,0,'Grantee Leaderboard','tableau','grantee_analytics/GranteeLeaderboard_1','/t/tce',5,'','','Bar graph of largest recipients of grants over time.',0,'\0','\0','2014-10-30 08:54:55',NULL,NULL,NULL),(46,0,'Grantee Search','tableau','grantee_analytics/GranteeSearch_1','/t/tce',5,'','','Search tool for grantees by organization, project, and grant amount.',0,'\0','\0','2014-10-30 08:54:55',NULL,NULL,NULL),(47,0,'Allocation Analysis','tableau','grantee_analytics/GrantCodingAnalysis_1','/t/tce',5,'','','Grant allocation for each recipient organization.',0,'\0','\0','2014-10-30 08:54:55',NULL,NULL,NULL),(49,0,'Grant Search','tableau','grantee_analytics/GrantSearch','/t/tce',5,'','','Search tool for grants by organization, project, and grant amount.',0,'\0','\0','2014-10-30 08:54:55',NULL,NULL,NULL),(50,0,'Board Recommended Grant Analysis','tableau','board_analytics/PieChart','/t/tce',6,'','','Proportion of grants by coding category recommended by selected board members.',0,'\0','\0','2014-10-30 08:54:55',NULL,NULL,NULL),(51,0,'By Community','tableau','board_analytics/ByCommunity_1','/t/tce',6,'','','Historical board-recommended grants, organized by coding category, for each community.',0,'\0','\0','2014-10-30 08:54:55',NULL,NULL,NULL),(52,0,'By Coding Category','tableau','board_analytics/ByCodingCategory_1','/t/tce',6,'','','Dashboard on grants recommended by board members in each coding category.',0,'\0','\0','2014-10-30 08:54:55',NULL,NULL,NULL),(53,0,'Cross Domain Overlap Analysis','tableau','CrossDomainOverlap/CrossDomainOverlap','/t/tce',7,'','','Cross domain overlap - 10 Outcomes and Outcome Topic.',0,'\0','\0','2014-10-30 08:54:55',NULL,NULL,NULL),(54,0,'2 Level Overlap','tableau','CrossDomainOverlap/2LevelOverlap','/t/tce',7,'','','Grants matched by Four Big Results, Primary 10 Outcomes, and organized by decision month',0,'\0','\0','2014-10-30 08:54:55',NULL,NULL,NULL),(55,0,'3 Level Overlap','tableau','CrossDomainOverlap/3LevelOverlap','/t/tce',7,'','','Grants matched by Four Big Results, Primary 10 Outcomes, Outcome Topic, and organized by disposition month',0,'\0','\0','2014-10-30 08:54:55',NULL,NULL,NULL),(56,0,'4 Level Overlap','tableau','CrossDomainOverlap/4LevelOverlap','/t/tce',7,'','','Grants matched by Four Big Results, Primary 10 Outcomes, Outcome Topic, Type of Support, and organized by disposition month',0,'\0','\0','2014-10-30 08:54:55',NULL,NULL,NULL),(57,0,'Staff - Combined Interaction Analysis','tableau','calendar_analytics/Staff-CombinedInteractionAnalysis','/t/tce',8,'','','Staff interaction analysis in each department using time spent together in meetings and number of emails sent.',0,'\0','\0','2014-10-30 08:54:55',NULL,NULL,NULL),(58,0,'Staff - % of Time in Meetings by Day/Time','tableau','calendar_analytics/Staff-PctTimeinMtgsbyDayTime','/t/tce',8,'','','Amount of time each staff member spends in meetings daily throughout the work week.',0,'\0','\0','2014-10-30 08:54:55',NULL,NULL,NULL),(59,0,'Staff - % of Time Scheduled for Meetings/Appointments','tableau','calendar_analytics/Staff-PctTimeinMtgsAppt','/t/tce',8,'','','Leaderboard of the percentage of time scheduled for internal and external meetings and appointments for each staff member.',0,'\0','\0','2014-10-30 08:54:55',NULL,NULL,NULL),(60,0,'Staff - % of Time Scheduled for Meetings','tableau','calendar_analytics/Staff-PctTimeinMtgs','/t/tce',8,'','','Percentage of time scheduled for internal and external meetings (no appointments) for each staff member.',0,'\0','\0','2014-10-30 08:54:55',NULL,NULL,NULL),(61,0,'Staff - Average Number of Emails Sent per Hour','tableau','calendar_analytics/Staff-E-MailsSent','/t/tce',8,'','','Average number of emails sent per hour for each staff member organized by the hour of the day.',0,'\0','\0','2014-10-30 08:54:55',NULL,NULL,NULL),(62,0,'Staff- Ratio of Appointment Time to Meeting Time','tableau','calendar_analytics/Staff-RatioApptvsMeeting','/t/tce',8,'','','Leaderboard of the ratio of appointment time to meeting time for each staff member.',0,'\0','\0','2014-10-30 08:54:55',NULL,NULL,NULL),(63,0,'Staff - Ratio of Emails Received to Emails Sent','tableau','calendar_analytics/Staff-E-MailRatioRcvdSent','/t/tce',8,'','','Leaderboard of the ratio of e-mails received to e-mails sent for each staff member.',0,'\0','\0','2014-10-30 08:54:55',NULL,NULL,NULL),(64,0,'Staff - Ratio of Inter-Intra Department Meetings','tableau','calendar_analytics/Staff-RatioIntervsIntraMtg','/t/tce',8,'','','Leaderboard of the ratio of meetings within a department to meetings between different departments for each staff member.',0,'\0','\0','2014-10-30 08:54:55',NULL,NULL,NULL),(65,0,'Dept. - Combined Interaction Analysis','tableau','calendar_analytics/Dept-CombinedInteractionAnalysis','/t/tce',8,'','','Department interaction analysis using amount of time spent in meetings/appointment versus the number of e-mails sent by the department.',0,'\0','\0','2014-10-30 08:54:55',NULL,NULL,NULL),(66,0,'Dept. - % of Time Scheduled for Meetings/Appointments','tableau','calendar_analytics/Dept-PctTimeinMtgsAppt','/t/tce',8,'','','Leaderboard of the percentage of total work time scheduled for internal and external appointments for each department.',0,'\0','\0','2014-10-30 08:54:55',NULL,NULL,NULL),(67,0,'Dept. - Average Number of Emails Sent per Hour','tableau','calendar_analytics/Dept-E-MailsSent','/t/tce',8,'','','Average number of e-mails sent per hour for each department.',0,'\0','\0','2014-10-30 08:54:55',NULL,NULL,NULL),(68,0,'Dept. - Ratio of Appointment Time to Meeting Time','tableau','calendar_analytics/Dept-RatioApptvsMeeting','/t/tce',8,'','','Leaderboard of the ratio of appointment time to meeting time for each department.',0,'\0','\0','2014-10-30 08:54:55',NULL,NULL,NULL),(69,0,'Dept. - Ratio of Emails Received to Emails Sent','tableau','calendar_analytics/Dept-E-MailRatioRcvdSent','/t/tce',8,'','','Leaderboard of the ratio of e-mails received to e-mails sent for each department.',0,'\0','\0','2014-10-30 08:54:55',NULL,NULL,NULL),(70,0,'Dept. - Ratio of Inter-Intra Department Meetings','tableau','calendar_analytics/Dept-RatioIntervsIntraMtg','/t/tce',8,'','','Leaderboard of the ratio of meetings within a department to meetings between different departments for each staff member, filtered by department.',0,'\0','\0','2014-10-30 08:54:55',NULL,NULL,NULL),(71,0,'Dept. - % Time in Meetings by Day/Hour','tableau','calendar_analytics/Dept-PctTimeinMtgsbyDayHour','/t/tce',8,'','','Average percentage of time spent in meetings for each staff member in a department.',0,'\0','\0','2014-10-30 08:54:55',NULL,NULL,NULL),(72,0,'Dept. - % of Time Scheduled for Meetings','tableau','calendar_analytics/Dept-PctTimeinMtgs','/t/tce',8,'','','Leaderboard of the percentage of time scheduled for internal and external meetings in each department.',0,'\0','\0','2014-10-30 08:54:55',NULL,NULL,NULL),(73,0,'Dept. - Ratio of Meetings Attended: Meetings Organized','tableau','calendar_analytics/Staff-RatioMtgAttendedOrganized','/t/tce',8,'','','Leaderboard of the ratio of meetings attended to meetings organized for each staff member in a department.',0,'\0','\0','2014-10-30 08:54:55',NULL,NULL,NULL),(74,0,'TCE - Number of Appointments/Meetings by Month','tableau','calendar_analytics/TCE-VolumeofApptMtgbyMonth','/t/tce',8,'','','Number of monthly appointments and number of meetings over time.',0,'\0','\0','2014-10-30 08:54:55',NULL,NULL,NULL),(75,0,'Metric Trends - All Sites Dashboard','tableau','all_sites_metrics_dashboard/SiteDashboard','/t/tce',9,'','','Metric trend comparison across all sites.',1,'\0','\0','2014-10-30 08:54:55',NULL,NULL,NULL),(76,0,'Metric Trends - All Metrics Dashboard','tableau','all_metrics_dashboard/AllMetricsDashboard','/t/tce',9,'','','Dashboard of all available metrics within a selected site.',0,'\0','\0','2014-10-30 08:54:55',NULL,NULL,NULL),(77,0,'Metric Trends - All Sites','tableau','site_analytics/MetricTrends-AllSites_1','/t/tce',9,'','','Line graph of a selected metric across multiple sites.',2,'\0','\0','2014-10-30 08:54:55',NULL,NULL,NULL),(78,0,'Metric Trends & Grants - by Site','tableau','site_analytics/MetricTrendsGrants-bySite','/t/tce',9,'','','Multiple metric trends and cumulative grants for a selected Four Big Result in a selected site.',4,'\0','\0','2014-10-30 08:54:55',NULL,NULL,NULL),(79,0,'Metric Trends & Grants - All Sites','tableau','site_analytics/MetricTrendsGrants-AllSites_1','/t/tce',9,'','','Metric trends and grants for a selected metric across multiple sites.',3,'\0','\0','2014-10-30 08:54:55',NULL,NULL,NULL),(80,0,'Covered California - Activity over Enrollment Period','tableau','CoveredCA/CumulativeEnrollments','/t/tce',9,'','','Covered California cumulative enrollments since the beginning of the enrollment period, weekly call volume, and weekly unique site visits.',7,'\0','\0','2014-10-30 08:54:55',NULL,NULL,NULL),(81,0,'CalSIM Uninsured Model','tableau','calsim/CalSIMDashboard','/t/tce',9,'','','CalSIM numbers of actual and predicted uninsured under age 65 for each CA region.',8,'\0','\0','2014-10-30 08:54:55',NULL,NULL,NULL),(82,0,'Covered California - Enrollment Analysis Dashboard','tableau','CoveredCA/AnalysisDashboard','/t/tce',9,'','','Covered California enrollment analysis by selected category.',6,'\0','\0','2014-10-30 08:54:55',NULL,NULL,NULL),(83,0,'Covered California - Total Enrollees Break-down','tableau','CoveredCA/TotalEnroleesDashboard','/t/tce',9,'','','Composition of Covered California enrollees by age group, language, race, plan type category, as well as the proportion of subsidized plans.',5,'\0','\0','2014-10-30 08:54:55',NULL,NULL,NULL),(84,0,'Covered California Regional Dashboard','tableau','covered_calif-regional/RegionalDashboard','/t/tce',9,'','','Regional variations of the population eligible for subsidies for their health insurance plans and the proportion of those who have enrolled with subsidy eligibility details in each area.',10,'\0','\0','2014-10-30 08:54:55',NULL,NULL,NULL),(85,3,'Covered California - Healthcare Providers Dashboard','tableau','covered_calif-regional/HealthPlanDashboard','/t/tce',9,'','','Map of healthcare providers in California by county. ',9,'\0','\0','2014-10-30 08:54:55',NULL,NULL,NULL),(86,1,'Grantsfire - Grant giving in California by grantmaker','tableau','grantsfire/GrantsfireCalifbyCounty','/t/tce',10,'','','Composition of grants serving each California county by major grantmaker.',0,'\0','\0','2014-10-30 08:54:55',NULL,NULL,NULL),(87,2,'Grantsfire - Historical Grants by Recipient','tableau','grantsfire/GrantsfireGrantsbyRecipient','/t/tce',10,'','','All grants received by grantmaker and recipient. ',6,'\0','\0','2014-10-30 08:54:55',NULL,NULL,NULL),(88,0,'Reporting Commitment Map - Foundation Center','html','','',10,'<iframe width=\"100%\" height=\"800\" frameborder=\"0\" scrolling=\"no\" src=\"https://gis.foundationcenter.org/reporting_commitment_map/index.html\"></iframe>','/images/posiba/foundation-center.png','',0,'\0','\0','2014-10-30 08:54:55',NULL,NULL,NULL),(89,0,'Environment & Grantmaking','tableau','beta_reports/EnvironmentGrantmaking','/t/tce',11,'','','Grant money, organized by funding sources and compared to grant outcome trends.',0,'\0','\0','2014-10-30 08:54:55',NULL,NULL,NULL),(90,0,'Community 1 Grants by Priority','html','','',11,'<a href=\"http://tce.posiba.net/wp-content/uploads/2012/12/community-grants.png\" target=\"_blank\"><img class=\"aligncenter wp-image-89\" title=\"community-grants\" alt=\"\" src=\"http://tce.posiba.net/wp-content/uploads/2012/12/community-grants-1024x849.png\" width','/images/posiba/example-1-thumbnail.png','',0,'\0','\0','2014-10-30 08:54:55',NULL,NULL,NULL),(91,0,'Search Grants by Key Terms','tableau','beta_reports/GrantSearchTerm','/t/tce',11,'','','Frequency of selected word or phrase appearance in grant application text by coding category.',0,'\0','\0','2014-10-30 08:54:55',NULL,NULL,NULL),(92,0,'Chronicle of Philanthropy','tableau','ChronicleofPhilanthropy/ChronicleofPhilanthropy','/t/tce',11,'','','Appearance of key words or phrases within Chronicle of Philanthropy articles over time.',0,'\0','\0','2014-10-30 08:54:55',NULL,NULL,NULL),(93,0,'TCE Homescreen','tableau','fiscal_ytd/FYTDDashboard','/t/tce',0,'','','',0,'\0','\0','2014-10-30 08:54:55',NULL,NULL,NULL),(128,0,'External Funders','tableau','grantsfire/GrantsfireCalifbyCounty','',0,'','','',0,'\0','\0','2014-10-30 08:54:55',NULL,NULL,NULL),(129,0,'Reporting Commitment Map & Analytics  Posiba','tableau','grantsfire/GrantsfireGrantsbyRecipient','',0,'','','',0,'\0','\0','2014-10-30 08:54:55',NULL,NULL,NULL),(130,0,'Reporting Commitment Map  Foundation Center','tableau','','',0,'','','',0,'\0','\0','2014-10-30 08:54:55',NULL,NULL,NULL),(136,0,'TCE Training Video','video','','',20,'https://s3-us-west-1.amazonaws.com/posiba-public/video/0713/tce+tutorial+2.mp4','/images/clients/tce/thumbnails/main_video_thumbnail.jpg','User Interface Training Video',0,'\0','\0','2014-10-30 08:54:55',NULL,NULL,NULL),(137,0,'Metrics and Grants Tutorial','video','','',20,'http://s3-us-west-1.amazonaws.com/posiba-public/video/0414/TCE+Metrics+dashboard+tutorials.mp4','/images/clients/tce/thumbnails/metrics_dashboard_training_thumbnail.jpg','An introduction to dashboards which visualize relevant metrics and TCE grants for the four big results across the 14 communities and the state.',1,'\0','\0','2014-10-30 08:54:55',NULL,NULL,NULL),(138,0,'Covered California Tutorial','video','','',20,'http://s3-us-west-1.amazonaws.com/posiba-public/video/0414/TCE+Covered+California+Tutorial.mp4','/images/clients/tce/thumbnails/covered_california_tutorial_thumbnail.jpg','An introduction to dashboards which visualize information about health insurance enrollees through the Covered California exchange.',1,'\0','\0','2014-10-30 08:54:55',NULL,NULL,NULL),(139,0,'CalSIM Tutorial','video','','',20,'http://s3-us-west-1.amazonaws.com/posiba-public/video/0414/CalSIM+tutorial.mp4','/images/clients/tce/thumbnails/calsim_training_thumbnail.jpg','An introduction to dashboards visualizing the CalSIM model predictions for uninsured Californians.',1,'\0','\0','2014-10-30 08:54:55',NULL,NULL,NULL),(140,0,'Missing Codes','tableau','MissingCodes/IdentifyMissingCodes','/t/tce',21,'','','',0,'\0','\0','2014-10-30 08:54:55',NULL,NULL,NULL),(141,0,'Portal Enhancements','html','','',22,'<iframe style=\"padding-left: 10px;padding-right: 10px;\" src=\'https://onedrive.live.com/embed?cid=70BB0D0298E1FDD3&resid=70BB0D0298E1FDD3%21115&authkey=AE3aJ5SD4TjC684&em=2&Item=Table1&wdHideGridlines=True\' width=\'100%\' height=\'600px\' frameborder=\'0\'>Project Progress</iframe>\n','/images/posiba/image-placeholder.jpg','',0,'\0','\0','2014-10-30 08:54:55',NULL,NULL,NULL),(142,0,'TCE Analytics Portal Solution','html','','',22,'<img src=\"/images/architecture.png\">','/images/architecture.png','',0,'\0','\0','2014-10-30 08:54:55',NULL,NULL,NULL),(144,0,'Popular Report Views By Last Quarter','tableau','PortalUsageReports/PopularReportViewsbyPastPeriod','/t/tce',23,'','','',0,'\0','\0','2014-10-30 08:54:55',NULL,NULL,NULL),(145,0,'User Activity By Quarter','tableau','PortalUsageReports/UserActivitybyQuarter','/t/tce',23,'','','',0,'\0','\0','2014-10-30 08:54:55',NULL,NULL,NULL),(146,0,'User Activity In Past Period','tableau','PortalUsageReports/UserActivityinPastPeriod','/t/tce',23,'','','',0,'\0','\0','2014-10-30 08:54:55',NULL,NULL,NULL),(147,0,'Intervention Efficacy','tableau','beta_reports/InterventionEfficacy','/t/tce',11,'','','Hypothetical analysis of alterative interventions where the amount of money invested overtime is compared with the average opinions on the outcomes observed by practitioners, experts, and recipients.',0,'\0','\0','2014-10-30 08:54:55',NULL,NULL,NULL),(148,0,'Gang Violence Index Example','tableau','beta_reports/GangViolenceIndexExample_1','/t/tce',11,'','','Hypothetical gang violence index trend analysis in selected communities over time.',0,'\0','\0','2014-10-30 08:54:55',NULL,NULL,NULL),(149,0,'Air Quality','tableau','AirQuality/AirQuality','/t/equinox',12,'','','',0,'\0','\0','2014-10-30 08:54:55',NULL,NULL,NULL),(150,0,'Greenhouse Gas Emissions','tableau','ClimateChange/ClimateChange','/t/equinox',12,'','','',0,'\0','\0','2014-10-30 08:54:55',NULL,NULL,NULL),(151,0,'Waste Disposal','tableau','WasteDisposal/WasteDisposal','/t/equinox',12,'','','',0,'\0','\0','2014-10-30 08:54:55',NULL,NULL,NULL),(152,0,'Water Quality','tableau','WaterQuality/WaterQuality','/t/equinox',12,'','','',0,'\0','\0','2014-10-30 08:54:55',NULL,NULL,NULL),(153,0,'Water Use','tableau','WaterConsumption/WaterUsage','/t/equinox',12,'','','',0,'\0','\0','2014-10-30 08:54:55',NULL,NULL,NULL),(154,0,'Economic Indicators','tableau','EconomicProsperity/Employment','/t/equinox',13,'','','',0,'\0','\0','2014-10-30 08:54:55',NULL,NULL,NULL),(155,0,'Renewable Energy','tableau','Energy-Renewable/Energy-Renewable','/t/equinox',14,'','','',0,'\0','\0','2014-10-30 08:54:55',NULL,NULL,NULL),(156,0,'Residential Energy Use','tableau','Energy-Residential/Energy-Residential','/t/equinox',14,'','','',0,'\0','\0','2014-10-30 08:54:55',NULL,NULL,NULL),(157,0,'LEED Buildings in San Diego','tableau','LEEDBuildings-SD/LEEDBuildingsinSD','/t/equinox',14,'','','',0,'\0','\0','2014-10-30 08:54:55',NULL,NULL,NULL),(158,0,'Electric Vehicles','tableau','ZeroEmissionVehicles/Transportation-ElectricVehicles','/t/equinox',15,'','','',0,'\0','\0','2014-10-30 08:54:55',NULL,NULL,NULL),(159,0,'Transit Use','tableau','Transportation/Transportation-TransitRidership','/t/equinox',15,'','','',0,'\0','\0','2014-10-30 08:54:55',NULL,NULL,NULL),(160,0,'Vehicle Miles Traveled','tableau','Transportation/Transportation-VehicleMilesTraveled','/t/equinox',15,'','','',0,'\0','\0','2014-10-30 08:54:55',NULL,NULL,NULL),(161,3,'2014 Mission Support','tableau','AHFWorkbook-2014Applicants/2014ApplicationsDashboard','/t/ahf',16,'','','Analysis of selected organization with geographic coverage, factor scores, costs, and the amount of people served by the organization in 2014.',0,'\0','\0','2014-10-30 08:54:55',NULL,NULL,NULL),(162,3,'2013 Mission Support','tableau','AHFLegacyReports/OrganizationDashboard','/t/ahf',16,'','','Analysis of selected organization with geographic coverage, factor scores, costs, grants, and the amount of people served by the organization in 2013.',0,'\0','\0','2014-10-30 08:54:55',NULL,NULL,NULL),(163,2,'Model Scores','tableau','AHFLegacyReports/ModelScores','/t/ahf',19,'','','Quantitative and Qualitative model scores for each organization with customized weights for each category.',3,'\0','\0','2014-10-30 08:54:55',NULL,NULL,NULL),(164,2,'Organization Comparison','tableau','AHFLegacyReports/OrganizationComparison','/t/ahf',19,'','','Organization comparison by selected factors.',4,'\0','\0','2014-10-30 08:54:55',NULL,NULL,NULL),(165,4,'Total Scores by Organization - Mission Support 2013','tableau','AHFLegacyReports/ModelTotalScores','/t/ahf',16,'','','Total scores of each organization by selected model weight for each board member.',5,'\0','\0','2014-10-30 08:54:55',NULL,NULL,NULL),(166,0,'Grant Allocation by Relative Need','tableau','AHFLegacyReports/-FutureGrants','/t/ahf',19,'','','Grant need and future grant allocation analysis.',0,'\0','\0','2014-10-30 08:54:55',NULL,NULL,NULL),(167,0,'Grantee Type Analysis','tableau','AHFLegacyReports/-GranteeTypeAnalysis','/t/ahf',19,'','','Landscape of services and constituents served for successful grantees.',0,'\0','\0','2014-10-30 08:54:55',NULL,NULL,NULL),(168,0,'Correlations','tableau','AHFLegacyReports/-Correlations','/t/ahf',19,'','','Correlations between spending and wellness over time  based on hypothetical data.',0,'\0','\0','2014-10-30 08:54:55',NULL,NULL,NULL),(169,0,'Risk-Return Analysis','tableau','AHFLegacyReports/-RiskReturn','/t/ahf',19,'','','Risk-return analysis with adjustable factor weights  based on hypothetical data.',0,'\0','\0','2014-10-30 08:54:55',NULL,NULL,NULL),(170,0,'Grants by Area of Focus','tableau','AHF_Historical_Grant_Making/GrantsbyFocus','/t/ahf',18,'','','',0,'\0','\0','2014-10-30 08:54:55',NULL,NULL,NULL),(171,0,'Proportion of Grants by Area of Focus','tableau','AHF_Historical_Grant_Making/GrantsbyFocus_1','/t/ahf',18,'','','',0,'\0','\0','2014-10-30 08:54:55',NULL,NULL,NULL),(172,0,'Area of Focus Comparison','tableau','AHF_Historical_Grant_Making/AreaofFocusComparison','/t/ahf',18,'','','',0,'\0','\0','2014-10-30 08:54:55',NULL,NULL,NULL),(173,0,'Area of Focus by Year','tableau','AHF_Historical_Grant_Making/GrantbyFocusPie','/t/ahf',18,'','','',0,'\0','\0','2014-10-30 08:54:55',NULL,NULL,NULL),(174,0,'Grants by Target Population','tableau','AHF_Historical_Grant_Making/GrantsbyTargetPop','/t/ahf',18,'','','',0,'\0','\0','2014-10-30 08:54:55',NULL,NULL,NULL),(175,0,'Proportion of Grants by Target Population','tableau','AHF_Historical_Grant_Making/GrantsbyTargetPop','/t/ahf',18,'','','',0,'\0','\0','2014-10-30 08:54:55',NULL,NULL,NULL),(176,0,'Grants by Region over Time','tableau','AHF_Historical_Grant_Making/GrantsbyRegion','/t/ahf',24,'','','',0,'\0','\0','2014-10-30 08:54:55',NULL,NULL,NULL),(177,0,'Grants by Geographic Coverage','tableau','AHF_Historical_Grant_Making/GrantsbyGeoCoverage','/t/ahf',24,'','','',0,'\0','\0','2014-10-30 08:54:55',NULL,NULL,NULL),(178,0,'Grant Coding Distribution','tableau','fund_analytics/GrantCodingDistribution','/t/ahf',18,'','','Grant allocation by proposal type and area of focus.',0,'\0','\0','2014-10-30 08:54:55',NULL,NULL,NULL),(179,0,'Grant Coding Distribution Pie Chart','tableau','fund_analytics/GrantCodingDistributionPieChart','/t/ahf',18,'','','Grant money distribution by area of focus.',0,'\0','\0','2014-10-30 08:54:55',NULL,NULL,NULL),(180,0,'Allocation by Year','tableau','fund_analytics/GrantCodingDistributionbyYear','/t/ahf',18,'','','Distribution of grants by coding category each year.',0,'\0','\0','2014-10-30 08:54:55',NULL,NULL,NULL),(181,0,'Allocation by Area of Focus','tableau','GeoAnalytics/GrantCodingDistribution','/t/ahf',24,'','','Grant money allocation in each region by area of focus.',0,'\0','\0','2014-10-30 08:54:55',NULL,NULL,NULL),(182,0,'Map of Grants by Target Region','tableau','GeoAnalytics/Sheet2','/t/ahf',24,'','','Map of total grant amounts in each region.',0,'\0','\0','2014-10-30 08:54:55',NULL,NULL,NULL),(183,1,'Regional Metrics Dashboard','tableau','metrics_ahf/RegionalMetricDashboard','/t/ahf',0,'','','Regional metrics for selected target population.',0,'\0','\0','2014-10-30 08:54:55',NULL,NULL,NULL),(184,0,'By Metric - All Regions','tableau','metrics_ahf/Metrics-AllRegions','/t/ahf',17,'','','Selected metric trends over time.',0,'\0','\0','2014-10-30 08:54:55',NULL,NULL,NULL),(185,0,'By Region - All Metrics','tableau','metrics_ahf/Region-AllMetrics','/t/ahf',17,'','','Metric trends for target population in selected region.',0,'\0','\0','2014-10-30 08:54:55',NULL,NULL,NULL),(186,0,'By Target Population','tableau','metrics_ahf/MetricsbyTargetPopulation','/t/ahf',17,'','','All metrics for selected target population.',0,'\0','\0','2014-10-30 08:54:55',NULL,NULL,NULL),(187,0,'Approval Rates and Number of Applications','tableau','OperationalAnalytics/ApprovalRatebyRequestQuarter','/t/ahf',25,'','','Grant approval rates and number of applications over time.',0,'\0','\0','2014-10-30 08:54:55',NULL,NULL,NULL),(188,0,'Approvals and Declines over Time','tableau','OperationalAnalytics/Grants-ApprovalsandDeclinesbyQuarter','/t/ahf',25,'','','Grants approved and grants declined over time.',0,'\0','\0','2014-10-30 08:54:55',NULL,NULL,NULL),(189,0,'Median Days of Decision','tableau','OperationalAnalytics/MedianDaysforDecisionbyGrantDecisionQuarter','/t/ahf',25,'','','Median days for grant decision for each proposal type over time.',0,'\0','\0','2014-10-30 08:54:55',NULL,NULL,NULL),(190,0,'Median Value of Approvals & Declines','tableau','OperationalAnalytics/ToalValueofApprovalsandDeclines','/t/ahf',25,'','','Median value of grant money approved and grant money declined over time.',0,'\0','\0','2014-10-30 08:54:55',NULL,NULL,NULL),(191,0,'Number of Applications and Median Amount Requested','tableau','OperationalAnalytics/Requests-AllGrants','/t/ahf',25,'','','Number of applications and median amount requested.',0,'\0','\0','2014-10-30 08:54:55',NULL,NULL,NULL),(192,1,'Grant History by Organization','tableau','OperationalAnalytics/GrantHistorybyOrganization','/t/ahf',26,'','','',0,'\0','\0','2014-10-30 08:54:55',NULL,NULL,NULL),(193,0,'Approvals & Declines','tableau','operational_analytics_barr/ApprovalsDeclines','/t/barr',27,'','','Comparison of the number of grants approved and the number of grants declined each month.',0,'\0','\0','2014-10-30 08:54:55',NULL,NULL,NULL),(194,0,'Approvals & Declines Median Values','tableau','operational_analytics_barr/ApprovalsDeclinesMedianValues','/t/barr',27,'','','Comparison of the median value of the requested grants that were approved and the median value of the requested grants that were declined.',0,'\0','\0','2014-10-30 08:54:55',NULL,NULL,NULL),(195,0,'Payment Lags by Month','tableau','operational_analytics_barr/PaymentLagsbyMonth','/t/barr',27,'','','Monthly payment lag on grants.',0,'\0','\0','2014-10-30 08:54:55',NULL,NULL,NULL),(196,0,'Payments by Month','tableau','operational_analytics_barr/PaymentsbyMonth','/t/barr',27,'','','Value of grant payment and number of payments each month.',0,'\0','\0','2014-10-30 08:54:55',NULL,NULL,NULL),(197,0,'Payment Range by Month','tableau','operational_analytics_barr/PaymentRangebyMonth','/t/barr',27,'','','Monthly payment range for grants.',0,'\0','\0','2014-10-30 08:54:55',NULL,NULL,NULL),(198,0,'Lagged Payment Analysis','tableau','operational_analytics_barr/LaggedPmtAnalysis','/t/barr',27,'','','Percentage of payments that were lagged for each fund and for each program area.',0,'\0','\0','2014-10-30 08:54:55',NULL,NULL,NULL),(199,0,'Requests by Month','tableau','operational_analytics_barr/RequestsbyMonth','/t/barr',27,'','','Number of monthly requests and median amount of requests.',0,'\0','\0','2014-10-30 08:54:55',NULL,NULL,NULL),(200,0,'Approval Rates Over Time','tableau','operational_analytics_barr/ApprovalRate','/t/barr',27,'','','Percentage approval of grants each month.',0,'\0','\0','2014-10-30 08:54:55',NULL,NULL,NULL),(201,0,'Grant Coding Analysis','tableau','grantmaker_analytics_barr/GrantCodingAnalysis','/t/barr',28,'','','Analysis of grant allocation by coding category over time.',0,'\0','\0','2014-10-30 08:54:55',NULL,NULL,NULL),(202,0,'Pie Chart by Grant Code','tableau','grantmaker_analytics_barr/PieChartbyCode','/t/barr',28,'','','Analysis of grant allocation by coding category in pie chart.',0,'\0','\0','2014-10-30 08:54:55',NULL,NULL,NULL),(203,0,'Grant Distribution by Month','tableau','grantmaker_analytics_barr/GrantDistbyMonth','/t/barr',28,'','','Distribution of grant by coding category over time.',0,'\0','\0','2014-10-30 08:54:55',NULL,NULL,NULL),(204,0,'Geographic Analysis','tableau','grantmaker_analytics_barr/GeographicAnalysis','/t/barr',28,'','','Grant allocation in selected areas over time for specified staff member.',0,'\0','\0','2014-10-30 08:54:55',NULL,NULL,NULL),(205,0,'Ranges of Grants Awarded','tableau','grantmaker_analytics_barr/GrantValues','/t/barr',28,'','','Range of grant values for each staff member.',0,'\0','\0','2014-10-30 08:54:55',NULL,NULL,NULL),(206,0,'Grants by Grantee Status','tableau','grantmaker_analytics_barr/GranteeStatus','/t/barr',28,'','','Number of grants and grant type for each staff member.',0,'\0','\0','2014-10-30 08:54:55',NULL,NULL,NULL),(207,0,'Approvals & Declines','tableau','grantmaker_analytics_barr/ApprovalsDeclines','/t/barr',28,'','','Number of grants approved and declined for each staff member.',0,'\0','\0','2014-10-30 08:54:55',NULL,NULL,NULL),(208,0,'FYTD Grant $ by Grantmaker','tableau','grantmaker_analytics_barr/Grantmaker-FYTDGrants','/t/barr',28,'','','Monthly comparison of grant values for each fiscal year for each grantmaker.',0,'\0','\0','2014-10-30 08:54:55',NULL,NULL,NULL),(209,0,'Detail Comparison by Grantmaker','tableau','grantmaker_analytics_barr/GrantmakersDetailComparison','/t/barr',28,'','','Detail comparison of grants made in different areas over time for each grantmaker.',0,'\0','\0','2014-10-30 08:54:55',NULL,NULL,NULL),(210,0,'Distribution Comparison','tableau','grantmaker_analytics_barr/GrantmakersDistributionComparison','/t/barr',28,'','','Percentage of grant money allocated in each area for each grantmaker.',0,'\0','\0','2014-10-30 08:54:55',NULL,NULL,NULL),(211,0,'Coding Analysis Detail','tableau','fund_analytics_barr/GrantCodingAnalysisbyCommunity','/t/barr',29,'','','All grant allocation in each program area for each community over time.',0,'\0','\0','2014-10-30 08:54:55',NULL,NULL,NULL),(212,0,'Grant Allocation','tableau','fund_analytics_barr/GrantAlloc','/t/barr',29,'','','Grant money allocation in each program area for each fund.',0,'\0','\0','2014-10-30 08:54:55',NULL,NULL,NULL),(213,0,'Grant Distribution Pie Chart','tableau','fund_analytics_barr/GrantDist','/t/barr',29,'','','Grant money distribution for selected coding category in each fund.',0,'\0','\0','2014-10-30 08:54:55',NULL,NULL,NULL),(214,0,'Grant Allocation by Month','tableau','fund_analytics_barr/GrantDistbyMonth','/t/barr',29,'','','Monthly grant money distribution for selected coding category in each fund.',0,'\0','\0','2014-10-30 08:54:55',NULL,NULL,NULL),(215,0,'FYTD Grants by Fund','tableau','fund_analytics_barr/Fund-FYTDGrantsvsBudget','/t/barr',29,'','','Monthly comparison of grant values for each fiscal year in each fund.',0,'\0','\0','2014-10-30 08:54:55',NULL,NULL,NULL),(216,0,'Fund Detail by Grantmaker','tableau','fund_analytics_barr/FundGrantDetailbyGrantmaker','/t/barr',29,'','','Detail comparison of grants made in different funds for each grantmaker.',0,'\0','\0','2014-10-30 08:54:55',NULL,NULL,NULL),(217,0,'Grant Distribution by Grantmaker','tableau','fund_analytics_barr/FundGrantDistributionbyGrantmaker','/t/barr',29,'','','Percentage of total grant amount dedicated to each program area under each grantmaker for a selected coding category.',0,'\0','\0','2014-10-30 08:54:55',NULL,NULL,NULL),(218,0,'Grant $ Allocation','tableau','site_analytics_barr/GrantAlloc','/t/barr',30,'','','Grant allocation for each category of disadvantaged people organized by community.',0,'\0','\0','2014-10-30 08:54:55',NULL,NULL,NULL),(219,0,'Grant Coding Analysis','tableau','site_analytics_barr/GrantCodingAnalysis','/t/barr',30,'','','Grant allocation in coding category over time.',0,'\0','\0','2014-10-30 08:54:55',NULL,NULL,NULL),(220,0,'Overview by Community','tableau','site_analytics_barr/OverviewbyCommunity','/t/barr',30,'','','Pie chart of coding category distribution by grant amount.',0,'\0','\0','2014-10-30 08:54:55',NULL,NULL,NULL),(221,0,'Coding Analysis by Community','tableau','fund_analytics_carefirst/GrantCodingAnalysisbyCommunity','/t/carefirst',31,'','','Grant allocation by selected coding category in each community over time.',0,'\0','\0','2014-10-30 08:54:55',NULL,NULL,NULL),(222,0,'Grant Allocation','tableau','fund_analytics_carefirst/GrantAlloc','/t/carefirst',31,'','','Amount of grant support by fund and types of support over selected period of time.',0,'\0','\0','2014-10-30 08:54:55',NULL,NULL,NULL),(223,0,'Allocation by Type of Support','tableau','fund_analytics_carefirst/GrantDist','/t/carefirst',31,'','','Proportion of grant money allocation across different types of support.',0,'\0','\0','2014-10-30 08:54:55',NULL,NULL,NULL),(224,0,'Grant Allocation over Time','tableau','fund_analytics_carefirst/GrantDistbyMonth','/t/carefirst',31,'','','Percentage of total grant amount used in each coding category over time.',0,'\0','\0','2014-10-30 08:54:55',NULL,NULL,NULL),(225,0,'FYTD Grants by Fund','tableau','fund_analytics_carefirst/Fund-FYTDGrantsvsBudget','/t/carefirst',31,'','','Monthly comparison of cumulative grant money (year-to-date) by fiscal year organized by fund.',0,'\0','\0','2014-10-30 08:54:55',NULL,NULL,NULL),(226,0,'Grant Detail by Grantmaker','tableau','fund_analytics_carefirst/FundGrantDetailbyGrantmaker','/t/carefirst',31,'','','Historical grant activity by fund category organized by grantmaker.',0,'\0','\0','2014-10-30 08:54:55',NULL,NULL,NULL),(227,0,'Grant Allocation by Grantmaker','tableau','fund_analytics_carefirst/FundGrantDistributionbyGrantmaker','/t/carefirst',31,'','','Grant allocation in each coding category organized by grantmaker.',0,'\0','\0','2014-10-30 08:54:55',NULL,NULL,NULL),(228,0,'Distribution Pie Chart by Program Area','tableau','Geo_Analytics/GrantDistributionbyGeo','/t/carefirst',32,'','','Distribution of grant money in each program area for selected communities.',0,'\0','\0','2014-10-30 08:54:55',NULL,NULL,NULL),(229,0,'Allocation by Program Area','tableau','Geo_Analytics/GrantAllocation','/t/carefirst',32,'','','Grant allocation in each geographical area by selected coding category.',0,'\0','\0','2014-10-30 08:54:55',NULL,NULL,NULL),(230,0,'FYTD Grants by Site','tableau','Geo_Analytics/FYTDGrantsvs_Budget','/t/carefirst',32,'','','Monthly comparison of cumulative grant money (year-to-date) by fiscal year by site served.',0,'\0','\0','2014-10-30 08:54:55',NULL,NULL,NULL),(231,0,'Allocation Over Time by Category','tableau','Geo_Analytics/GrantAllocationOverTime','/t/carefirst',31,'','','Grants given over time in each coding category.',0,'\0','\0','2014-10-30 08:54:55',NULL,NULL,NULL),(232,0,'Break-down by Program','tableau','Geo_Analytics/Break-down','/t/carefirst',32,'','','Dashboard of total grant amount used across various categorizations for selected sites.',0,'\0','\0','2014-10-30 08:54:55',NULL,NULL,NULL),(233,0,'Coding Analysis by Category','tableau','grantmaker_analytics_carefirst/GrantCodingAnalysis','/t/carefirst',33,'','','Grant allocation in each program area over time for a selected staff member.',0,'\0','\0','2014-10-30 08:54:55',NULL,NULL,NULL),(234,0,'Pie Chart by Code','tableau','grantmaker_analytics_carefirst/PieChartbyCode','/t/carefirst',33,'','','Pie chart of coding category distribution within each coding area for a selected staff member.',0,'\0','\0','2014-10-30 08:54:55',NULL,NULL,NULL),(235,0,'% Allocation over Time','tableau','grantmaker_analytics_carefirst/GrantDistbyMonth','/t/carefirst',33,'','','Percentage of total grant amount in each program area over time for a selected staff member.',0,'\0','\0','2014-10-30 08:54:55',NULL,NULL,NULL),(236,0,'Geographic Analysis','tableau','grantmaker_analytics_carefirst/GeographicAnalysis','/t/carefirst',33,'','','Grant allocation in each community over time for a selected staff member.',0,'\0','\0','2014-10-30 08:54:55',NULL,NULL,NULL),(237,0,'Range of Grant Values','tableau','grantmaker_analytics_carefirst/GrantValues#7','/t/carefirst',33,'','','Range of grant values for each staff member.',0,'\0','\0','2014-10-30 08:54:55',NULL,NULL,NULL),(238,0,'Number of Grants per Staff Member','tableau','grantmaker_analytics_carefirst/GranteeStatus','/t/carefirst',33,'','','Number of grants for each staff member.',0,'\0','\0','2014-10-30 08:54:55',NULL,NULL,NULL),(239,0,'Approvals & Declines','tableau','grantmaker_analytics_carefirst/ApprovalsDeclines','/t/carefirst',33,'','','Average number of grants approved and grants declined each year for each staff member.',0,'\0','\0','2014-10-30 08:54:55',NULL,NULL,NULL),(240,0,'FYTD Grant $ by Grantmaker','tableau','grantmaker_analytics_carefirst/Grantmaker-FYTDGrants','/t/carefirst',33,'','','Monthly comparison of cumulative grant money (year-to-date) by fiscal year organized by staff member.',0,'\0','\0','2014-10-30 08:54:55',NULL,NULL,NULL),(241,0,'Grantmaker Detail Comparison','tableau','grantmaker_analytics_carefirst/GrantmakersDetailComparison','/t/carefirst',33,'','','Historical grant-making across coding category area by staff member.',0,'\0','\0','2014-10-30 08:54:55',NULL,NULL,NULL),(242,0,'Grantmaker Allocation Comparison','tableau','grantmaker_analytics_carefirst/GrantmakersDistributionComparison','/t/carefirst',33,'','','Percentage of total grant amount used for each category by staff member.',0,'\0','\0','2014-10-30 08:54:55',NULL,NULL,NULL),(243,0,'Dashboard','tableau','Landing_Page/LandingPage','/t/carefirst',0,'','','',0,'\0','\0','2014-10-30 08:54:55',NULL,NULL,NULL),(244,0,'Metric Trends & Grants by Geography','tableau','metrics/MetricTrendsGrantsbyGeoArea','/t/carefirst',34,'','','Comparison of relevant metrics trends by site and grants made.',0,'\0','\0','2014-10-30 08:54:55',NULL,NULL,NULL),(245,0,'Metric Trends - State','tableau','metrics/MetricTrends-State','/t/carefirst',34,'','','Comparison of metrics trends between sites.',0,'\0','\0','2014-10-30 08:54:55',NULL,NULL,NULL),(246,0,'Approvals & Declines','tableau','operational_analytics_carefirst/ApprovalsDeclinesValue','/t/carefirst',35,'','','Side by side comparison of grant money approved and grant money declined for each year.',0,'\0','\0','2014-10-30 08:54:55',NULL,NULL,NULL),(247,0,'Approvals & Declines Median Values','tableau','operational_analytics_carefirst/ApprovalsDeclinesMedianValues','/t/carefirst',35,'','','Median value of grant money approved and grant money declined for each year.',0,'\0','\0','2014-10-30 08:54:55',NULL,NULL,NULL),(248,0,'Payment Lags over Time','tableau','operational_analytics_carefirst/PaymentLagsbyMonth','/t/carefirst',35,'','','Analysis of payment lag (days between grant approval date and payment date) by quarter.',0,'\0','\0','2014-10-30 08:54:55',NULL,NULL,NULL),(249,0,'Lagged Payment Analysis','tableau','operational_analytics_carefirst/LaggedPmtAnalysis','/t/carefirst',35,'','','Leaderboard of the percentage of payments that were lagged by program area.',0,'\0','\0','2014-10-30 08:54:55',NULL,NULL,NULL),(250,0,'Payments by Month','tableau','operational_analytics_carefirst/PaymentsbyMonth','/t/carefirst',35,'','','Number of payments and payment amount for each payment quarter.',0,'\0','\0','2014-10-30 08:54:55',NULL,NULL,NULL),(251,0,'Payments Range over Time','tableau','operational_analytics_carefirst/PaymentRangebyMonth','/t/carefirst',35,'','','Range of payment amount for all grants by quarter.',0,'\0','\0','2014-10-30 08:54:55',NULL,NULL,NULL),(252,0,'Requests by Year','tableau','operational_analytics_carefirst/RequestsbyMonth','/t/carefirst',35,'','','Median request amount and number of requests each year.',0,'\0','\0','2014-10-30 08:54:55',NULL,NULL,NULL),(253,0,'Approval Rate','tableau','operational_analytics_carefirst/ApprovalRate','/t/carefirst',35,'','','Percentage of grants approved and number of requests made.',0,'\0','\0','2014-10-30 08:54:55',NULL,NULL,NULL),(254,0,'Median Days for Decision','tableau','operational_analytics_carefirst/MedianDaysforDecision','/t/carefirst',35,'','','Median number of days for a grant decision by quarter.',0,'\0','\0','2014-10-30 08:54:55',NULL,NULL,NULL),(255,0,'Slow Decision Analysis','tableau','operational_analytics_carefirst/SlowDecisionAnalysis','/t/carefirst',35,'','','Percentage of total grants in each fund categorized as slow decision grants for each fund and each program area.',0,'\0','\0','2014-10-30 08:54:55',NULL,NULL,NULL),(426,0,'Project Timelines','tableau','Irvine_Portal_AprilRefresh/Op_An_ProjectTimelines','/t/jif',36,'','','List of grants organized in time and by grant priority.',0,'\0','\0','2014-10-30 08:54:55',NULL,NULL,NULL),(427,0,'Strategic Overview','tableau','Irvine_Portal_AprilRefresh/GeoAn_StrategicOverview','/t/jif',37,'','','Allocation of grant money over time across strategy family by program area.\n',0,'\0','\0','2014-10-30 08:54:55',NULL,NULL,NULL),(428,0,'Spending by Program Area','tableau','Irvine_Portal_AprilRefresh/FundAn_-SpendbyProgramArea','/t/jif',37,'','','Program area and strategy family fund allocation over time.',0,'\0','\0','2014-10-30 08:54:55',NULL,NULL,NULL),(429,0,'Grants by Priority Category','tableau','Irvine_Portal_AprilRefresh/FundAn_GrantsbyPriority','/t/jif',37,'','','Grants by priority category over time.',0,'\0','\0','2014-10-30 08:54:55',NULL,NULL,NULL),(430,0,'Historical Grantmaking - Program Detail','tableau','Irvine_Portal_AprilRefresh/FundAn_-ProgAreaDetail','/t/jif',37,'','','Organization history by priority category over time.',0,'\0','\0','2014-10-30 08:54:55',NULL,NULL,NULL),(431,0,'Project Timelines','tableau','Irvine_Portal_AprilRefresh/GeoAn-ProjectTimelinesbyProgram','/t/jif',38,'','','Project timelines with grant amount for each organization.',0,'\0','\0','2014-10-30 08:54:55',NULL,NULL,NULL),(433,0,'Grant Giving by Strategy','tableau','Irvine_Portal_AprilRefresh/GeoAn_GrantStrategybyRegion','/t/jif',38,'','','Active grant portfolio money for each grant strategy.',0,'\0','\0','2014-10-30 08:54:55',NULL,NULL,NULL),(434,0,'Grant Distribution by Region','tableau','Irvine_Portal_AprilRefresh/GeoAn_GrantDistbyRegionProgArea','/t/jif',38,'','','Grant distribution by region and program area.',0,'\0','\0','2014-10-30 08:54:55',NULL,NULL,NULL),(435,0,'Timelines of Grants by Organization','tableau','Irvine_Portal_AprilRefresh/GranteeAn_Timelines','/t/jif',39,'','','Timelines of grants for each organization with different priorities.',0,'\0','\0','2014-10-30 08:54:55',NULL,NULL,NULL),(436,0,'Grant History by Staff Member','tableau','Irvine_Portal_AprilRefresh/GrantmakerAn_GrantHistorybyStaff','/t/jif',40,'','','Organization history by priority category over time.',0,'\0','\0','2014-10-30 08:54:55',NULL,NULL,NULL),(437,0,'Social Graph','html','','',8,'<iframe style=\"padding-left: 10px;padding-right: 10px;\" src=\'https://onedrive.live.com/fullscreen?cid=ffe34f8b8c6fc95a&id=documents&resid=FFE34F8B8C6FC95A%21107&filename=TCE%20Social%20Graph.pptx&authkey=!AH01FRCvl-9cFYE&wx=p&wv=s&wc=officeapps.live.com&wy=y&wdModeSwitchTime=1397466454292\' width=\'100%\' height=\'600px\' frameborder=\'0\'>TCE Social Graph</iframe>','/images/clients/tce/social-graph.png','',-1,'\0','\0','2014-10-30 08:54:55',NULL,NULL,NULL),(438,0,'Approvals and Declines over Time','tableau','Irvine_Portal_AprilRefresh/ApprovalsDeclines_1','/t/jif',36,'','','Grant approvals and declines each month.\n',0,'\0','\0','2014-10-30 08:54:55',NULL,NULL,NULL),(439,0,'Allocation by Grantee Size','tableau','Irvine_Portal_AprilRefresh/GranteesbyBudget','/t/jif',39,'','','',0,'\0','\0','2014-10-30 08:54:55',NULL,NULL,NULL),(440,0,'TCE User Guide','html','','',41,'<iframe style=\"padding-left: 10px;padding-right: 10px;\" src=\'https://s3-us-west-1.amazonaws.com/posiba-public/documents/documentation/tce/tce_user_guide.pdf\' width=\'100%\' height=\'600px\' frameborder=\'0\'>TCE Help File</iframe>','/images/thumbnails/document.png','User guide and getting started with the InsightPortal.',0,'\0','\0','2014-10-30 08:54:55',NULL,NULL,NULL),(441,0,'Emissions Review by Entity','tableau','ClimateRegistryDashboards/EntityEmissionsReview','/t/climateregistry',42,'','','Dashboard for historical gas emissions for a given company/entity.',0,'\0','\0','2014-10-30 08:54:55',NULL,NULL,NULL),(442,0,'Emissions by Gas Type and Entity','tableau','ClimateRegistryDashboards/EmissionsbyEntity','/t/climateregistry',42,'','','Breakdown of gas emissions by gas type and entity.',0,'\0','\0','2014-10-30 08:54:55',NULL,NULL,NULL),(443,0,'Facility Emissions over Time','tableau','ClimateRegistryDashboards/FacilityEmissions','/t/climateregistry',42,'','','Historical gas emissions, highlighting the year-over-year change, and organized by facility.',0,'\0','\0','2014-10-30 08:54:55',NULL,NULL,NULL),(444,0,'VC Investments','tableau','EconomicProsperity/VCInvestments','/t/equinox',13,'','','Summary of venture capital activity in the San Diego region, including patents filed and granted over time.',0,'\0','\0','2014-10-30 08:54:55',NULL,NULL,NULL),(445,0,'Financial Health Analysis - Beta','tableau','financial_health_analysis/FianncialHealthAnalysis','/t/carefirst',43,'','','',0,'\0','\0','2014-10-30 08:54:55',NULL,NULL,NULL),(446,1,'Grant $ Allocation by Community','tableau','site_analytics/GrantbyComm','/t/tce',3,'','','Detailed break-down of grant $ spent by community, categorized by code',0,'\0','\0','2014-10-30 08:54:55',NULL,NULL,NULL),(447,2,'Grantsfire - Grants by Grantmaker by State','tableau','grantsfire/GrantsfireDistbyGrantmakerandState','/t/tce',10,'','','Map of distribution of grants by state and grantmaker.',2,'\0','\0','2014-10-30 08:54:55',NULL,NULL,NULL),(448,1,'Grantsfire - State by State Grant Allocation','tableau','grantsfire/GrantsfireFoundationGrantDistbyState','/t/tce',10,'','','Map of cumulative grant distribution by state.',3,'\0','\0','2014-10-30 08:54:55',NULL,NULL,NULL),(449,2,'Grantsfire - Totals by Recipient','tableau','grantsfire/Sheet7','/t/tce',10,'','','Grant recipients by grantmaker.',5,'\0','\0','2014-10-30 08:54:55',NULL,NULL,NULL),(450,2,'Grantsfire - Global Grant Distribution by Country','tableau','grantsfire/Global','/t/tce',10,'','','Global map of grant-giving by country and grantmaker. ',4,'\0','\0','2014-10-30 08:54:55',NULL,NULL,NULL),(451,0,'Cumulative Fiscal YTD Grant $ by Community','tableau','site_analytics/FYTDGrantsbyCommunity','t/tce',3,'','','Total grants approved, organized by community.',0,'\0','\0','2014-10-30 08:54:55',NULL,NULL,NULL),(452,0,'Irvine Dashboard','tableau','Irvine_Portal_AprilRefresh/JIF_Dash','/t/jif',38,'','','Analysis on grantmaking activites by region served.',0,'\0','\0','2014-10-30 08:54:55',NULL,NULL,NULL),(453,1,'test','tableau','AHFWorkbook-2014Applicants/2014ApplicationsDashboard','t/ahf',17,'','','test',1,'','\0','2014-10-30 08:54:55',NULL,NULL,NULL),(454,0,'Median Amount and Number of Requests','tableau','operational_analytics/NumberofRequestsMedianRequestAmount','t/GR',36,'','','Sample report showing median request amount and bar graph showing number of requests over time.',5,'\0','','2014-10-30 08:54:55',NULL,NULL,NULL),(455,0,'Amount and Number of Grants Paid by Month','tableau','operational_analytics/PaymentsbyMonth','t/GR',36,'','','Sample report, including a bar chart showing number of grants and grant amounts paid by month.',5,'\0','','2014-10-30 08:54:55',NULL,NULL,NULL),(456,1,'Number of Requests and Approval Rate by Month','tableau','t/GR','operational_analytics/NumberofRequestsandApprovalRate',36,'','','Sample report showing number of applications received and approval rate over time.',5,'','','2014-10-30 08:54:55',NULL,NULL,NULL),(457,0,'Average Days for Decision','tableau','operational_analytics/AverageDaysForDecision','t/GR',36,'','','Sample report showing the average days for decision by month.',5,'\0','','2014-10-30 08:54:55',NULL,NULL,NULL),(458,0,'Number of Requests and Approval Rate by Month','tableau','operational_analytics/NumberofRequestsandApprovalRate','t/GR',36,'','','Sample report - bar charts showing number of applications received and approval rate over time.',5,'\0','','2014-10-30 08:54:55',NULL,NULL,NULL),(459,0,'Payment Range by Month','tableau','operational_analytics/PaymentRangebyMonth','t/GR',36,'','','Sample report showing the range of grant payments by month, including quartiles and medium values.',5,'\0','','2014-10-30 08:54:55',NULL,NULL,NULL),(460,0,'Approval Rate Over Time','tableau','operational_analytics/ApprovalRate','t/GR',36,'','','Sample report showing the proportion of grant requests approved over time.',5,'\0','','2014-10-30 08:54:55',NULL,NULL,NULL),(461,0,'Monthly Grant Distribution by Issue','tableau','fund_analytics/MonthlyGrantGivingAnalysis','t/GR',37,'','','Sample report - stacked bar graph of monthly grant distribution, color-coded by issue.',5,'\0','','2014-10-30 08:54:55',NULL,NULL,NULL),(462,0,'Grant Allocation by Issue','tableau','fund_analytics/GrantsbyIssue','t/GR',37,'','','Sample report showing the monthly grant distributions by coding category.',5,'\0','','2014-10-30 08:54:55',NULL,NULL,NULL),(463,0,'Grant Allocation by Sub-Issue','tableau','fund_analytics/GrantsbySubissue','t/GR',37,'','','Sample report - monthly grant distribution by sub-category.',5,'\0','','2014-10-30 08:54:55',NULL,NULL,NULL),(464,0,'Grant Allocation by Population Served','tableau','fund_analytics/PopulationServed_1','t/GR',37,'','','Sample report - color-coded bar graph showing grant distribution by population.',5,'\0','','2014-10-30 08:54:55',NULL,NULL,NULL),(465,1,'Grant Allocation by Site','tableau','site_analytics/GrantbyCommunity','t/GR',38,'','','Sample report - bar graph showing grant allocation for each site by issue.',5,'\0','','2014-10-30 08:54:55',NULL,NULL,NULL),(466,0,'Grant Allocation Dashboard','tableau','site_analytics/GrantAllocationbyIssuePieChart','t/GR',38,'','','Sample report - dashboard of grant allocation by site including pie graph of grant amount by issue.',5,'\0','','2014-10-30 08:54:55',NULL,NULL,NULL),(467,1,'Grant Allocation by Site Over Time','tableau','site_analytics/LineGraphofSpentbyCommunity','t/GR',38,'','','Sample report - line graph showing grant allocations over time by site.',5,'\0','','2014-10-30 08:54:55',NULL,NULL,NULL),(468,0,'Grantmakers\' Detail by Site','tableau','site_analytics/SiteGrantDetailbyGrantmaker','t/GR',38,'','','Sample report - bubble chart showing grant details by grantmaker for each site.',5,'\0','','2014-10-30 08:54:55',NULL,NULL,NULL),(469,0,'Monthly Grant Distribution by Grantmaker','tableau','grantmaker_analytics/MonthlyGrantDistribution','t/GR',40,'','','Sample report - bar graph of grant distribution over time by category for each grantmaker.',5,'\0','','2014-10-30 08:54:55',NULL,NULL,NULL),(470,0,'Grantmaker Dashboard','tableau','grantmaker_analytics/PieChartbyCodeAnalysis','t/GR',40,'','','Sample report - dashboard of each grantmaker\'s grants allocation, including overall allocation and distributions over time.',5,'\0','','2014-10-30 08:54:55',NULL,NULL,NULL),(471,1,'Approvals/Declines Per Year by Grantmaker','tableau','grantmaker_analytics/ApprovalsDeclines','t/GR',40,'','','Sample report - approvals and declines per year for each grantmaker.',5,'\0','','2014-10-30 08:54:55',NULL,NULL,NULL),(472,0,'Range of Processing Times by Grantmaker','tableau','grantmaker_analytics/RangeofProcessingTimes','t/GR',40,'','','Sample report - scatter plot of processing time for each grant by grantmaker.',5,'\0','','2014-10-30 08:54:55',NULL,NULL,NULL),(473,0,'Range of Grant Amounts','tableau','grantmaker_analytics/RangeofGrantAmounts','t/GR',40,'','','Sample report - scatter plot of grant amount for each grant by grantmaker.',5,'\0','','2014-10-30 08:54:55',NULL,NULL,NULL),(474,0,'Grantmaker Detail Comparison','tableau','grantmaker_analytics/GrantmakerDetailComparison','t/GR',40,'','','Sample report - bar graph of grant allocation by category for each grantmaker.',5,'\0','','2014-10-30 08:54:55',NULL,NULL,NULL),(475,0,'Grantee Dashboard','tableau','grantee_analytics/GrantCodingAnalysis','t/GR',39,'','','Sample reports - dashboard of recipient organizations including grant allocation by category and grantmaker.',5,'\0','','2014-10-30 08:54:55',NULL,NULL,NULL),(476,0,'Grantee Leaderboard','tableau','grantee_analytics/GranteeLeaderboard','t/GR',39,'','','Sample report - bar graph of number of grants and grant amounts by recipient and category.',5,'\0','','2014-10-30 08:54:55',NULL,NULL,NULL),(477,0,'Grant Search','tableau','grantee_analytics/GrantSearch','t/GR',39,'','','Sample report - search tool for grant application text by organization.',5,'\0','','2014-10-30 08:54:55',NULL,NULL,NULL),(478,0,'Grantee Search','tableau','grantee_analytics/GranteeSearch','t/GR',39,'','','Sample report - search tool for grantees.',5,'\0','','2014-10-30 08:54:55',NULL,NULL,NULL),(479,0,'Factor Weights by Board Member','tableau','FactorWeightings/ByBoardMember','t/ahf',16,'','','Dashboard illustrating the relative importance that each board member assigned to each evaluation factor. 2013 and 2014 factor weights only.',1,'\0','\0','2014-10-30 08:54:55',NULL,NULL,NULL),(480,0,'Factor Weights - Detail Analysis','tableau','FactorWeightings/ByFactor','t/ahf',16,'','','Comparison of 2013 and 2014 factor weights, including toggle option for analysis by BoD member or a selection of BoD members.',1,'\0','\0','2014-10-30 08:54:55',NULL,NULL,NULL),(481,0,'Geo Sites Tutorial','video','','',20,'https://s3-us-west-1.amazonaws.com/posiba-public/video/Geosites Tutorial.mp4','/images/clients/tce/thumbnails/geosites_tutorial_thumbnail.jpg','A short Geo Sites Tutorial',1,'\0','\0','2014-10-30 08:54:55',NULL,NULL,NULL),(500,0,'General Report - 211 Callers','tableau','211sandiego/General','t/211SD',45,'','','Summary profile of callers to 211 San Diego',0,'\0','\0','2014-10-30 08:54:55',NULL,NULL,NULL),(501,1,'By Household Size and Income','tableau','211sandiego/HouseholdSizeIncome','t/211SD',45,'','','Number and proportion of callers to 211 San Diego by household size and income level.',3,'\0','\0','2014-10-30 08:54:55',NULL,NULL,NULL),(502,1,'Unmet Needs Dashboard','tableau','211sandiego/UnmetNeedsDashboard','t/211SD',45,'','','Break-down of the type of needs and reason for needs not being met of callers to 211 San Diego',1,'\0','\0','2014-10-30 08:54:55',NULL,NULL,NULL),(503,1,'Unmet Needs Over Time','tableau','211sandiego/UnmetNeedsOverTime','t/211SD',45,'','','Time series graphs of: 1. the proportion of callers to 211 San Diego whose meets were not met and 2. the reason why that was',2,'\0','\0','2014-10-30 08:54:55',NULL,NULL,NULL),(504,0,'Referrals','tableau','211sandiego/Referrals','t/211SD',45,'','','Leaderboard of most referred agencies by 211 San Diego.',3,'\0','\0','2014-10-30 08:54:55',NULL,NULL,NULL);
/*!40000 ALTER TABLE `view` ENABLE KEYS */;
UNLOCK TABLES;

--
-- Table structure for table `view_role`
--

DROP TABLE IF EXISTS `view_role`;
/*!40101 SET @saved_cs_client     = @@character_set_client */;
/*!40101 SET character_set_client = utf8 */;
CREATE TABLE `view_role` (
  `role_id` bigint(20) unsigned NOT NULL,
  `view_id` bigint(20) unsigned NOT NULL,
  `view_role_id` bigint(20) unsigned DEFAULT NULL,
  `created_date` timestamp NOT NULL DEFAULT CURRENT_TIMESTAMP,
  `user_created` bigint(11) DEFAULT NULL,
  `last_update_date` timestamp NULL DEFAULT NULL,
  `last_user_update` bigint(11) DEFAULT NULL,
  PRIMARY KEY (`role_id`,`view_id`),
  KEY `view_role_view_id_idx` (`view_id`),
  KEY `view_role_role_id_idx` (`role_id`),
  CONSTRAINT `fk_view_role_role_id` FOREIGN KEY (`role_id`) REFERENCES `role` (`id`),
  CONSTRAINT `fk_view_role_view_id` FOREIGN KEY (`view_id`) REFERENCES `view` (`id`)
) ENGINE=InnoDB DEFAULT CHARSET=utf8 ROW_FORMAT=COMPACT;
/*!40101 SET character_set_client = @saved_cs_client */;

--
-- Dumping data for table `view_role`
--

LOCK TABLES `view_role` WRITE;
/*!40000 ALTER TABLE `view_role` DISABLE KEYS */;
INSERT INTO `view_role` VALUES (1,1,NULL,'2014-10-30 08:54:57',NULL,NULL,NULL),(1,2,NULL,'2014-10-30 08:54:57',NULL,NULL,NULL),(1,3,NULL,'2014-10-30 08:54:57',NULL,NULL,NULL),(1,5,NULL,'2014-10-30 08:54:57',NULL,NULL,NULL),(1,6,NULL,'2014-10-30 08:54:57',NULL,NULL,NULL),(1,7,NULL,'2014-10-30 08:54:57',NULL,NULL,NULL),(1,8,NULL,'2014-10-30 08:54:57',NULL,NULL,NULL),(1,9,NULL,'2014-10-30 08:54:57',NULL,NULL,NULL),(1,10,NULL,'2014-10-30 08:54:57',NULL,NULL,NULL),(1,11,NULL,'2014-10-30 08:54:57',NULL,NULL,NULL),(1,12,NULL,'2014-10-30 08:54:57',NULL,NULL,NULL),(1,13,NULL,'2014-10-30 08:54:57',NULL,NULL,NULL),(1,15,NULL,'2014-10-30 08:54:57',NULL,NULL,NULL),(1,16,NULL,'2014-10-30 08:54:57',NULL,NULL,NULL),(1,17,NULL,'2014-10-30 08:54:57',NULL,NULL,NULL),(1,18,NULL,'2014-10-30 08:54:57',NULL,NULL,NULL),(1,19,NULL,'2014-10-30 08:54:57',NULL,NULL,NULL),(1,20,NULL,'2014-10-30 08:54:57',NULL,NULL,NULL),(1,21,NULL,'2014-10-30 08:54:57',NULL,NULL,NULL),(1,23,NULL,'2014-10-30 08:54:57',NULL,NULL,NULL),(1,24,NULL,'2014-10-30 08:54:57',NULL,NULL,NULL),(1,25,NULL,'2014-10-30 08:54:57',NULL,NULL,NULL),(1,26,NULL,'2014-10-30 08:54:57',NULL,NULL,NULL),(1,27,NULL,'2014-10-30 08:54:57',NULL,NULL,NULL),(1,28,NULL,'2014-10-30 08:54:57',NULL,NULL,NULL),(1,29,NULL,'2014-10-30 08:54:57',NULL,NULL,NULL),(1,31,NULL,'2014-10-30 08:54:57',NULL,NULL,NULL),(1,32,NULL,'2014-10-30 08:54:57',NULL,NULL,NULL),(1,33,NULL,'2014-10-30 08:54:57',NULL,NULL,NULL),(1,34,NULL,'2014-10-30 08:54:57',NULL,NULL,NULL),(1,35,NULL,'2014-10-30 08:54:57',NULL,NULL,NULL),(1,36,NULL,'2014-10-30 08:54:57',NULL,NULL,NULL),(1,37,NULL,'2014-10-30 08:54:57',NULL,NULL,NULL),(1,38,NULL,'2014-10-30 08:54:57',NULL,NULL,NULL),(1,39,NULL,'2014-10-30 08:54:57',NULL,NULL,NULL),(1,40,NULL,'2014-10-30 08:54:57',NULL,NULL,NULL),(1,41,NULL,'2014-10-30 08:54:57',NULL,NULL,NULL),(1,42,NULL,'2014-10-30 08:54:57',NULL,NULL,NULL),(1,43,NULL,'2014-10-30 08:54:57',NULL,NULL,NULL),(1,44,NULL,'2014-10-30 08:54:57',NULL,NULL,NULL),(1,45,NULL,'2014-10-30 08:54:57',NULL,NULL,NULL),(1,46,NULL,'2014-10-30 08:54:57',NULL,NULL,NULL),(1,47,NULL,'2014-10-30 08:54:57',NULL,NULL,NULL),(1,49,NULL,'2014-10-30 08:54:57',NULL,NULL,NULL),(1,50,NULL,'2014-10-30 08:54:57',NULL,NULL,NULL),(1,51,NULL,'2014-10-30 08:54:57',NULL,NULL,NULL),(1,52,NULL,'2014-10-30 08:54:57',NULL,NULL,NULL),(1,53,NULL,'2014-10-30 08:54:57',NULL,NULL,NULL),(1,54,NULL,'2014-10-30 08:54:57',NULL,NULL,NULL),(1,55,NULL,'2014-10-30 08:54:57',NULL,NULL,NULL),(1,56,NULL,'2014-10-30 08:54:57',NULL,NULL,NULL),(1,57,NULL,'2014-10-30 08:54:57',NULL,NULL,NULL),(1,58,NULL,'2014-10-30 08:54:57',NULL,NULL,NULL),(1,59,NULL,'2014-10-30 08:54:57',NULL,NULL,NULL),(1,60,NULL,'2014-10-30 08:54:57',NULL,NULL,NULL),(1,61,NULL,'2014-10-30 08:54:57',NULL,NULL,NULL),(1,62,NULL,'2014-10-30 08:54:57',NULL,NULL,NULL),(1,63,NULL,'2014-10-30 08:54:57',NULL,NULL,NULL),(1,64,NULL,'2014-10-30 08:54:57',NULL,NULL,NULL),(1,65,NULL,'2014-10-30 08:54:57',NULL,NULL,NULL),(1,66,NULL,'2014-10-30 08:54:57',NULL,NULL,NULL),(1,67,NULL,'2014-10-30 08:54:57',NULL,NULL,NULL),(1,68,NULL,'2014-10-30 08:54:57',NULL,NULL,NULL),(1,69,NULL,'2014-10-30 08:54:57',NULL,NULL,NULL),(1,70,NULL,'2014-10-30 08:54:57',NULL,NULL,NULL),(1,71,NULL,'2014-10-30 08:54:57',NULL,NULL,NULL),(1,72,NULL,'2014-10-30 08:54:57',NULL,NULL,NULL),(1,73,NULL,'2014-10-30 08:54:57',NULL,NULL,NULL),(1,74,NULL,'2014-10-30 08:54:57',NULL,NULL,NULL),(1,75,NULL,'2014-10-30 08:54:57',NULL,NULL,NULL),(1,76,NULL,'2014-10-30 08:54:57',NULL,NULL,NULL),(1,77,NULL,'2014-10-30 08:54:57',NULL,NULL,NULL),(1,78,NULL,'2014-10-30 08:54:57',NULL,NULL,NULL),(1,79,NULL,'2014-10-30 08:54:57',NULL,NULL,NULL),(1,80,NULL,'2014-10-30 08:54:57',NULL,NULL,NULL),(1,81,NULL,'2014-10-30 08:54:57',NULL,NULL,NULL),(1,82,NULL,'2014-10-30 08:54:57',NULL,NULL,NULL),(1,83,NULL,'2014-10-30 08:54:57',NULL,NULL,NULL),(1,84,NULL,'2014-10-30 08:54:57',NULL,NULL,NULL),(1,85,NULL,'2014-10-30 08:54:57',NULL,NULL,NULL),(1,86,NULL,'2014-10-30 08:54:57',NULL,NULL,NULL),(1,87,NULL,'2014-10-30 08:54:57',NULL,NULL,NULL),(1,88,NULL,'2014-10-30 08:54:57',NULL,NULL,NULL),(1,89,NULL,'2014-10-30 08:54:57',NULL,NULL,NULL),(1,90,NULL,'2014-10-30 08:54:57',NULL,NULL,NULL),(1,91,NULL,'2014-10-30 08:54:57',NULL,NULL,NULL),(1,92,NULL,'2014-10-30 08:54:57',NULL,NULL,NULL),(1,93,NULL,'2014-10-30 08:54:57',NULL,NULL,NULL),(1,94,NULL,'2014-10-30 08:54:57',NULL,NULL,NULL),(1,95,NULL,'2014-10-30 08:54:57',NULL,NULL,NULL),(1,96,NULL,'2014-10-30 08:54:57',NULL,NULL,NULL),(1,97,NULL,'2014-10-30 08:54:57',NULL,NULL,NULL),(1,98,NULL,'2014-10-30 08:54:57',NULL,NULL,NULL),(1,99,NULL,'2014-10-30 08:54:57',NULL,NULL,NULL),(1,100,NULL,'2014-10-30 08:54:57',NULL,NULL,NULL),(1,101,NULL,'2014-10-30 08:54:57',NULL,NULL,NULL),(1,102,NULL,'2014-10-30 08:54:57',NULL,NULL,NULL),(1,103,NULL,'2014-10-30 08:54:57',NULL,NULL,NULL),(1,104,NULL,'2014-10-30 08:54:57',NULL,NULL,NULL),(1,105,NULL,'2014-10-30 08:54:57',NULL,NULL,NULL),(1,113,NULL,'2014-10-30 08:54:57',NULL,NULL,NULL),(1,114,NULL,'2014-10-30 08:54:57',NULL,NULL,NULL),(1,115,NULL,'2014-10-30 08:54:57',NULL,NULL,NULL),(1,116,NULL,'2014-10-30 08:54:57',NULL,NULL,NULL),(1,117,NULL,'2014-10-30 08:54:57',NULL,NULL,NULL),(1,118,NULL,'2014-10-30 08:54:57',NULL,NULL,NULL),(1,119,NULL,'2014-10-30 08:54:57',NULL,NULL,NULL),(1,120,NULL,'2014-10-30 08:54:57',NULL,NULL,NULL),(1,121,NULL,'2014-10-30 08:54:57',NULL,NULL,NULL),(1,122,NULL,'2014-10-30 08:54:57',NULL,NULL,NULL),(1,123,NULL,'2014-10-30 08:54:57',NULL,NULL,NULL),(1,124,NULL,'2014-10-30 08:54:57',NULL,NULL,NULL),(1,125,NULL,'2014-10-30 08:54:57',NULL,NULL,NULL),(1,126,NULL,'2014-10-30 08:54:57',NULL,NULL,NULL),(1,127,NULL,'2014-10-30 08:54:57',NULL,NULL,NULL),(1,128,NULL,'2014-10-30 08:54:57',NULL,NULL,NULL),(1,129,NULL,'2014-10-30 08:54:57',NULL,NULL,NULL),(1,130,NULL,'2014-10-30 08:54:57',NULL,NULL,NULL),(1,131,NULL,'2014-10-30 08:54:57',NULL,NULL,NULL),(1,132,NULL,'2014-10-30 08:54:57',NULL,NULL,NULL),(1,133,NULL,'2014-10-30 08:54:57',NULL,NULL,NULL),(1,134,NULL,'2014-10-30 08:54:57',NULL,NULL,NULL),(1,135,NULL,'2014-10-30 08:54:57',NULL,NULL,NULL),(1,136,NULL,'2014-10-30 08:54:57',NULL,NULL,NULL),(1,137,NULL,'2014-10-30 08:54:57',NULL,NULL,NULL),(1,147,NULL,'2014-10-30 08:54:57',NULL,NULL,NULL),(1,148,NULL,'2014-10-30 08:54:57',NULL,NULL,NULL),(1,437,NULL,'2014-10-30 08:54:57',NULL,NULL,NULL),(1,446,NULL,'2014-10-30 08:54:57',NULL,NULL,NULL),(1,447,NULL,'2014-10-30 08:54:57',NULL,NULL,NULL),(1,448,NULL,'2014-10-30 08:54:57',NULL,NULL,NULL),(1,449,NULL,'2014-10-30 08:54:57',NULL,NULL,NULL),(1,450,NULL,'2014-10-30 08:54:57',NULL,NULL,NULL),(1,451,NULL,'2014-10-30 08:54:57',NULL,NULL,NULL),(2,4,NULL,'2014-10-30 08:54:57',NULL,NULL,NULL),(2,18,NULL,'2014-10-30 08:54:57',NULL,NULL,NULL),(2,19,NULL,'2014-10-30 08:54:57',NULL,NULL,NULL),(2,20,NULL,'2014-10-30 08:54:57',NULL,NULL,NULL),(2,26,NULL,'2014-10-30 08:54:57',NULL,NULL,NULL),(2,93,NULL,'2014-10-30 08:54:57',NULL,NULL,NULL),(2,94,NULL,'2014-10-30 08:54:57',NULL,NULL,NULL),(2,95,NULL,'2014-10-30 08:54:57',NULL,NULL,NULL),(2,96,NULL,'2014-10-30 08:54:57',NULL,NULL,NULL),(2,97,NULL,'2014-10-30 08:54:57',NULL,NULL,NULL),(2,98,NULL,'2014-10-30 08:54:57',NULL,NULL,NULL),(2,99,NULL,'2014-10-30 08:54:57',NULL,NULL,NULL),(2,100,NULL,'2014-10-30 08:54:57',NULL,NULL,NULL),(2,101,NULL,'2014-10-30 08:54:57',NULL,NULL,NULL),(2,102,NULL,'2014-10-30 08:54:57',NULL,NULL,NULL),(2,103,NULL,'2014-10-30 08:54:57',NULL,NULL,NULL),(2,104,NULL,'2014-10-30 08:54:57',NULL,NULL,NULL),(2,105,NULL,'2014-10-30 08:54:57',NULL,NULL,NULL),(2,106,NULL,'2014-10-30 08:54:57',NULL,NULL,NULL),(2,107,NULL,'2014-10-30 08:54:57',NULL,NULL,NULL),(2,108,NULL,'2014-10-30 08:54:57',NULL,NULL,NULL),(2,109,NULL,'2014-10-30 08:54:57',NULL,NULL,NULL),(2,110,NULL,'2014-10-30 08:54:57',NULL,NULL,NULL),(2,111,NULL,'2014-10-30 08:54:57',NULL,NULL,NULL),(2,112,NULL,'2014-10-30 08:54:57',NULL,NULL,NULL),(2,113,NULL,'2014-10-30 08:54:57',NULL,NULL,NULL),(2,114,NULL,'2014-10-30 08:54:57',NULL,NULL,NULL),(2,115,NULL,'2014-10-30 08:54:57',NULL,NULL,NULL),(2,116,NULL,'2014-10-30 08:54:57',NULL,NULL,NULL),(2,117,NULL,'2014-10-30 08:54:57',NULL,NULL,NULL),(2,118,NULL,'2014-10-30 08:54:57',NULL,NULL,NULL),(2,119,NULL,'2014-10-30 08:54:57',NULL,NULL,NULL),(2,120,NULL,'2014-10-30 08:54:57',NULL,NULL,NULL),(2,121,NULL,'2014-10-30 08:54:57',NULL,NULL,NULL),(2,122,NULL,'2014-10-30 08:54:57',NULL,NULL,NULL),(2,123,NULL,'2014-10-30 08:54:57',NULL,NULL,NULL),(2,124,NULL,'2014-10-30 08:54:57',NULL,NULL,NULL),(2,125,NULL,'2014-10-30 08:54:57',NULL,NULL,NULL),(2,126,NULL,'2014-10-30 08:54:57',NULL,NULL,NULL),(2,127,NULL,'2014-10-30 08:54:57',NULL,NULL,NULL),(2,128,NULL,'2014-10-30 08:54:57',NULL,NULL,NULL),(2,129,NULL,'2014-10-30 08:54:57',NULL,NULL,NULL),(2,130,NULL,'2014-10-30 08:54:57',NULL,NULL,NULL),(2,131,NULL,'2014-10-30 08:54:57',NULL,NULL,NULL),(2,132,NULL,'2014-10-30 08:54:57',NULL,NULL,NULL),(2,133,NULL,'2014-10-30 08:54:57',NULL,NULL,NULL),(2,134,NULL,'2014-10-30 08:54:57',NULL,NULL,NULL),(2,135,NULL,'2014-10-30 08:54:57',NULL,NULL,NULL),(2,136,NULL,'2014-10-30 08:54:57',NULL,NULL,NULL),(2,137,NULL,'2014-10-30 08:54:57',NULL,NULL,NULL),(2,138,NULL,'2014-10-30 08:54:57',NULL,NULL,NULL),(2,139,NULL,'2014-10-30 08:54:57',NULL,NULL,NULL),(2,140,NULL,'2014-10-30 08:54:57',NULL,NULL,NULL),(2,141,NULL,'2014-10-30 08:54:57',NULL,NULL,NULL),(2,142,NULL,'2014-10-30 08:54:57',NULL,NULL,NULL),(2,143,NULL,'2014-10-30 08:54:57',NULL,NULL,NULL),(2,183,NULL,'2014-10-30 08:54:57',NULL,NULL,NULL),(2,193,NULL,'2014-10-30 08:54:57',NULL,NULL,NULL),(2,194,NULL,'2014-10-30 08:54:57',NULL,NULL,NULL),(2,195,NULL,'2014-10-30 08:54:57',NULL,NULL,NULL),(2,196,NULL,'2014-10-30 08:54:57',NULL,NULL,NULL),(2,197,NULL,'2014-10-30 08:54:57',NULL,NULL,NULL),(2,198,NULL,'2014-10-30 08:54:57',NULL,NULL,NULL),(2,199,NULL,'2014-10-30 08:54:57',NULL,NULL,NULL),(2,200,NULL,'2014-10-30 08:54:57',NULL,NULL,NULL),(2,201,NULL,'2014-10-30 08:54:57',NULL,NULL,NULL),(2,202,NULL,'2014-10-30 08:54:57',NULL,NULL,NULL),(2,203,NULL,'2014-10-30 08:54:57',NULL,NULL,NULL),(2,204,NULL,'2014-10-30 08:54:57',NULL,NULL,NULL),(2,205,NULL,'2014-10-30 08:54:57',NULL,NULL,NULL),(2,206,NULL,'2014-10-30 08:54:57',NULL,NULL,NULL),(2,207,NULL,'2014-10-30 08:54:57',NULL,NULL,NULL),(2,208,NULL,'2014-10-30 08:54:57',NULL,NULL,NULL),(2,209,NULL,'2014-10-30 08:54:57',NULL,NULL,NULL),(2,210,NULL,'2014-10-30 08:54:57',NULL,NULL,NULL),(2,211,NULL,'2014-10-30 08:54:57',NULL,NULL,NULL),(2,212,NULL,'2014-10-30 08:54:57',NULL,NULL,NULL),(2,213,NULL,'2014-10-30 08:54:57',NULL,NULL,NULL),(2,214,NULL,'2014-10-30 08:54:57',NULL,NULL,NULL),(2,215,NULL,'2014-10-30 08:54:57',NULL,NULL,NULL),(2,216,NULL,'2014-10-30 08:54:57',NULL,NULL,NULL),(2,217,NULL,'2014-10-30 08:54:57',NULL,NULL,NULL),(2,218,NULL,'2014-10-30 08:54:57',NULL,NULL,NULL),(2,219,NULL,'2014-10-30 08:54:57',NULL,NULL,NULL),(2,220,NULL,'2014-10-30 08:54:57',NULL,NULL,NULL),(2,222,NULL,'2014-10-30 08:54:57',NULL,NULL,NULL),(2,223,NULL,'2014-10-30 08:54:57',NULL,NULL,NULL),(2,224,NULL,'2014-10-30 08:54:57',NULL,NULL,NULL),(2,225,NULL,'2014-10-30 08:54:57',NULL,NULL,NULL),(2,226,NULL,'2014-10-30 08:54:57',NULL,NULL,NULL),(2,227,NULL,'2014-10-30 08:54:57',NULL,NULL,NULL),(2,228,NULL,'2014-10-30 08:54:57',NULL,NULL,NULL),(2,229,NULL,'2014-10-30 08:54:57',NULL,NULL,NULL),(2,230,NULL,'2014-10-30 08:54:57',NULL,NULL,NULL),(2,231,NULL,'2014-10-30 08:54:57',NULL,NULL,NULL),(2,232,NULL,'2014-10-30 08:54:57',NULL,NULL,NULL),(2,233,NULL,'2014-10-30 08:54:57',NULL,NULL,NULL),(2,234,NULL,'2014-10-30 08:54:57',NULL,NULL,NULL),(2,235,NULL,'2014-10-30 08:54:57',NULL,NULL,NULL),(2,236,NULL,'2014-10-30 08:54:57',NULL,NULL,NULL),(2,237,NULL,'2014-10-30 08:54:57',NULL,NULL,NULL),(2,238,NULL,'2014-10-30 08:54:57',NULL,NULL,NULL),(2,239,NULL,'2014-10-30 08:54:57',NULL,NULL,NULL),(2,240,NULL,'2014-10-30 08:54:57',NULL,NULL,NULL),(2,241,NULL,'2014-10-30 08:54:57',NULL,NULL,NULL),(2,242,NULL,'2014-10-30 08:54:57',NULL,NULL,NULL),(2,243,NULL,'2014-10-30 08:54:57',NULL,NULL,NULL),(2,244,NULL,'2014-10-30 08:54:57',NULL,NULL,NULL),(2,245,NULL,'2014-10-30 08:54:57',NULL,NULL,NULL),(2,246,NULL,'2014-10-30 08:54:57',NULL,NULL,NULL),(2,247,NULL,'2014-10-30 08:54:57',NULL,NULL,NULL),(2,248,NULL,'2014-10-30 08:54:57',NULL,NULL,NULL),(2,249,NULL,'2014-10-30 08:54:57',NULL,NULL,NULL),(2,250,NULL,'2014-10-30 08:54:57',NULL,NULL,NULL),(2,251,NULL,'2014-10-30 08:54:57',NULL,NULL,NULL),(2,252,NULL,'2014-10-30 08:54:57',NULL,NULL,NULL),(2,253,NULL,'2014-10-30 08:54:57',NULL,NULL,NULL),(2,254,NULL,'2014-10-30 08:54:57',NULL,NULL,NULL),(2,255,NULL,'2014-10-30 08:54:57',NULL,NULL,NULL),(2,426,NULL,'2014-10-30 08:54:57',NULL,NULL,NULL),(2,427,NULL,'2014-10-30 08:54:57',NULL,NULL,NULL),(2,428,NULL,'2014-10-30 08:54:57',NULL,NULL,NULL),(2,429,NULL,'2014-10-30 08:54:57',NULL,NULL,NULL),(2,430,NULL,'2014-10-30 08:54:57',NULL,NULL,NULL),(2,431,NULL,'2014-10-30 08:54:57',NULL,NULL,NULL),(2,432,NULL,'2014-10-30 08:54:57',NULL,NULL,NULL),(2,433,NULL,'2014-10-30 08:54:57',NULL,NULL,NULL),(2,434,NULL,'2014-10-30 08:54:57',NULL,NULL,NULL),(2,435,NULL,'2014-10-30 08:54:57',NULL,NULL,NULL),(2,436,NULL,'2014-10-30 08:54:57',NULL,NULL,NULL),(2,438,NULL,'2014-10-30 08:54:57',NULL,NULL,NULL),(2,439,NULL,'2014-10-30 08:54:57',NULL,NULL,NULL),(2,440,NULL,'2014-10-30 08:54:57',NULL,NULL,NULL),(2,444,NULL,'2014-10-30 08:54:57',NULL,NULL,NULL),(2,452,NULL,'2014-10-30 08:54:57',NULL,NULL,NULL),(2,481,NULL,'2014-10-30 08:54:57',NULL,NULL,NULL),(4,1,NULL,'2014-10-30 08:54:57',NULL,NULL,NULL),(4,2,NULL,'2014-10-30 08:54:57',NULL,NULL,NULL),(4,3,NULL,'2014-10-30 08:54:57',NULL,NULL,NULL),(4,5,NULL,'2014-10-30 08:54:57',NULL,NULL,NULL),(4,6,NULL,'2014-10-30 08:54:57',NULL,NULL,NULL),(4,7,NULL,'2014-10-30 08:54:57',NULL,NULL,NULL),(4,8,NULL,'2014-10-30 08:54:57',NULL,NULL,NULL),(4,9,NULL,'2014-10-30 08:54:57',NULL,NULL,NULL),(4,10,NULL,'2014-10-30 08:54:57',NULL,NULL,NULL),(4,11,NULL,'2014-10-30 08:54:57',NULL,NULL,NULL),(4,12,NULL,'2014-10-30 08:54:57',NULL,NULL,NULL),(4,13,NULL,'2014-10-30 08:54:57',NULL,NULL,NULL),(4,15,NULL,'2014-10-30 08:54:57',NULL,NULL,NULL),(4,16,NULL,'2014-10-30 08:54:57',NULL,NULL,NULL),(4,17,NULL,'2014-10-30 08:54:57',NULL,NULL,NULL),(4,21,NULL,'2014-10-30 08:54:57',NULL,NULL,NULL),(4,23,NULL,'2014-10-30 08:54:57',NULL,NULL,NULL),(4,24,NULL,'2014-10-30 08:54:57',NULL,NULL,NULL),(4,25,NULL,'2014-10-30 08:54:57',NULL,NULL,NULL),(4,27,NULL,'2014-10-30 08:54:57',NULL,NULL,NULL),(4,28,NULL,'2014-10-30 08:54:57',NULL,NULL,NULL),(4,29,NULL,'2014-10-30 08:54:57',NULL,NULL,NULL),(4,31,NULL,'2014-10-30 08:54:57',NULL,NULL,NULL),(4,32,NULL,'2014-10-30 08:54:57',NULL,NULL,NULL),(4,33,NULL,'2014-10-30 08:54:57',NULL,NULL,NULL),(4,34,NULL,'2014-10-30 08:54:57',NULL,NULL,NULL),(4,35,NULL,'2014-10-30 08:54:57',NULL,NULL,NULL),(4,36,NULL,'2014-10-30 08:54:57',NULL,NULL,NULL),(4,37,NULL,'2014-10-30 08:54:57',NULL,NULL,NULL),(4,38,NULL,'2014-10-30 08:54:57',NULL,NULL,NULL),(4,39,NULL,'2014-10-30 08:54:57',NULL,NULL,NULL),(4,40,NULL,'2014-10-30 08:54:57',NULL,NULL,NULL),(4,41,NULL,'2014-10-30 08:54:57',NULL,NULL,NULL),(4,42,NULL,'2014-10-30 08:54:57',NULL,NULL,NULL),(4,43,NULL,'2014-10-30 08:54:57',NULL,NULL,NULL),(4,44,NULL,'2014-10-30 08:54:57',NULL,NULL,NULL),(4,45,NULL,'2014-10-30 08:54:57',NULL,NULL,NULL),(4,46,NULL,'2014-10-30 08:54:57',NULL,NULL,NULL),(4,47,NULL,'2014-10-30 08:54:57',NULL,NULL,NULL),(4,49,NULL,'2014-10-30 08:54:57',NULL,NULL,NULL),(4,50,NULL,'2014-10-30 08:54:57',NULL,NULL,NULL),(4,51,NULL,'2014-10-30 08:54:57',NULL,NULL,NULL),(4,52,NULL,'2014-10-30 08:54:57',NULL,NULL,NULL),(4,75,NULL,'2014-10-30 08:54:57',NULL,NULL,NULL),(4,76,NULL,'2014-10-30 08:54:57',NULL,NULL,NULL),(4,77,NULL,'2014-10-30 08:54:57',NULL,NULL,NULL),(4,78,NULL,'2014-10-30 08:54:57',NULL,NULL,NULL),(4,79,NULL,'2014-10-30 08:54:57',NULL,NULL,NULL),(4,80,NULL,'2014-10-30 08:54:57',NULL,NULL,NULL),(4,81,NULL,'2014-10-30 08:54:57',NULL,NULL,NULL),(4,82,NULL,'2014-10-30 08:54:57',NULL,NULL,NULL),(4,83,NULL,'2014-10-30 08:54:57',NULL,NULL,NULL),(4,84,NULL,'2014-10-30 08:54:57',NULL,NULL,NULL),(4,85,NULL,'2014-10-30 08:54:57',NULL,NULL,NULL),(4,86,NULL,'2014-10-30 08:54:57',NULL,NULL,NULL),(4,87,NULL,'2014-10-30 08:54:57',NULL,NULL,NULL),(4,88,NULL,'2014-10-30 08:54:57',NULL,NULL,NULL),(4,93,NULL,'2014-10-30 08:54:57',NULL,NULL,NULL),(4,446,NULL,'2014-10-30 08:54:57',NULL,NULL,NULL),(4,447,NULL,'2014-10-30 08:54:57',NULL,NULL,NULL),(4,448,NULL,'2014-10-30 08:54:57',NULL,NULL,NULL),(4,449,NULL,'2014-10-30 08:54:57',NULL,NULL,NULL),(4,450,NULL,'2014-10-30 08:54:57',NULL,NULL,NULL),(4,451,NULL,'2014-10-30 08:54:57',NULL,NULL,NULL),(5,1,NULL,'2014-10-30 08:54:57',NULL,NULL,NULL),(5,2,NULL,'2014-10-30 08:54:57',NULL,NULL,NULL),(5,3,NULL,'2014-10-30 08:54:57',NULL,NULL,NULL),(5,5,NULL,'2014-10-30 08:54:57',NULL,NULL,NULL),(5,6,NULL,'2014-10-30 08:54:57',NULL,NULL,NULL),(5,7,NULL,'2014-10-30 08:54:57',NULL,NULL,NULL),(5,8,NULL,'2014-10-30 08:54:57',NULL,NULL,NULL),(5,9,NULL,'2014-10-30 08:54:57',NULL,NULL,NULL),(5,10,NULL,'2014-10-30 08:54:57',NULL,NULL,NULL),(5,11,NULL,'2014-10-30 08:54:57',NULL,NULL,NULL),(5,12,NULL,'2014-10-30 08:54:57',NULL,NULL,NULL),(5,13,NULL,'2014-10-30 08:54:57',NULL,NULL,NULL),(5,15,NULL,'2014-10-30 08:54:57',NULL,NULL,NULL),(5,16,NULL,'2014-10-30 08:54:57',NULL,NULL,NULL),(5,17,NULL,'2014-10-30 08:54:57',NULL,NULL,NULL),(5,21,NULL,'2014-10-30 08:54:57',NULL,NULL,NULL),(5,23,NULL,'2014-10-30 08:54:57',NULL,NULL,NULL),(5,24,NULL,'2014-10-30 08:54:57',NULL,NULL,NULL),(5,25,NULL,'2014-10-30 08:54:57',NULL,NULL,NULL),(5,27,NULL,'2014-10-30 08:54:57',NULL,NULL,NULL),(5,28,NULL,'2014-10-30 08:54:57',NULL,NULL,NULL),(5,29,NULL,'2014-10-30 08:54:57',NULL,NULL,NULL),(5,31,NULL,'2014-10-30 08:54:57',NULL,NULL,NULL),(5,32,NULL,'2014-10-30 08:54:57',NULL,NULL,NULL),(5,33,NULL,'2014-10-30 08:54:57',NULL,NULL,NULL),(5,34,NULL,'2014-10-30 08:54:57',NULL,NULL,NULL),(5,35,NULL,'2014-10-30 08:54:57',NULL,NULL,NULL),(5,36,NULL,'2014-10-30 08:54:57',NULL,NULL,NULL),(5,37,NULL,'2014-10-30 08:54:57',NULL,NULL,NULL),(5,38,NULL,'2014-10-30 08:54:57',NULL,NULL,NULL),(5,39,NULL,'2014-10-30 08:54:57',NULL,NULL,NULL),(5,40,NULL,'2014-10-30 08:54:57',NULL,NULL,NULL),(5,41,NULL,'2014-10-30 08:54:57',NULL,NULL,NULL),(5,42,NULL,'2014-10-30 08:54:57',NULL,NULL,NULL),(5,43,NULL,'2014-10-30 08:54:57',NULL,NULL,NULL),(5,44,NULL,'2014-10-30 08:54:57',NULL,NULL,NULL),(5,45,NULL,'2014-10-30 08:54:57',NULL,NULL,NULL),(5,46,NULL,'2014-10-30 08:54:57',NULL,NULL,NULL),(5,47,NULL,'2014-10-30 08:54:57',NULL,NULL,NULL),(5,49,NULL,'2014-10-30 08:54:57',NULL,NULL,NULL),(5,50,NULL,'2014-10-30 08:54:57',NULL,NULL,NULL),(5,51,NULL,'2014-10-30 08:54:57',NULL,NULL,NULL),(5,52,NULL,'2014-10-30 08:54:57',NULL,NULL,NULL),(5,53,NULL,'2014-10-30 08:54:57',NULL,NULL,NULL),(5,54,NULL,'2014-10-30 08:54:57',NULL,NULL,NULL),(5,55,NULL,'2014-10-30 08:54:57',NULL,NULL,NULL),(5,56,NULL,'2014-10-30 08:54:57',NULL,NULL,NULL),(5,75,NULL,'2014-10-30 08:54:57',NULL,NULL,NULL),(5,76,NULL,'2014-10-30 08:54:57',NULL,NULL,NULL),(5,77,NULL,'2014-10-30 08:54:57',NULL,NULL,NULL),(5,78,NULL,'2014-10-30 08:54:57',NULL,NULL,NULL),(5,79,NULL,'2014-10-30 08:54:57',NULL,NULL,NULL),(5,80,NULL,'2014-10-30 08:54:57',NULL,NULL,NULL),(5,81,NULL,'2014-10-30 08:54:57',NULL,NULL,NULL),(5,82,NULL,'2014-10-30 08:54:57',NULL,NULL,NULL),(5,83,NULL,'2014-10-30 08:54:57',NULL,NULL,NULL),(5,84,NULL,'2014-10-30 08:54:57',NULL,NULL,NULL),(5,85,NULL,'2014-10-30 08:54:57',NULL,NULL,NULL),(5,86,NULL,'2014-10-30 08:54:57',NULL,NULL,NULL),(5,87,NULL,'2014-10-30 08:54:57',NULL,NULL,NULL),(5,88,NULL,'2014-10-30 08:54:57',NULL,NULL,NULL),(5,93,NULL,'2014-10-30 08:54:57',NULL,NULL,NULL),(5,446,NULL,'2014-10-30 08:54:57',NULL,NULL,NULL),(5,447,NULL,'2014-10-30 08:54:57',NULL,NULL,NULL),(5,448,NULL,'2014-10-30 08:54:57',NULL,NULL,NULL),(5,449,NULL,'2014-10-30 08:54:57',NULL,NULL,NULL),(5,450,NULL,'2014-10-30 08:54:57',NULL,NULL,NULL),(5,451,NULL,'2014-10-30 08:54:57',NULL,NULL,NULL),(6,1,NULL,'2014-10-30 08:54:57',NULL,NULL,NULL),(6,2,NULL,'2014-10-30 08:54:57',NULL,NULL,NULL),(6,3,NULL,'2014-10-30 08:54:57',NULL,NULL,NULL),(6,5,NULL,'2014-10-30 08:54:57',NULL,NULL,NULL),(6,6,NULL,'2014-10-30 08:54:57',NULL,NULL,NULL),(6,7,NULL,'2014-10-30 08:54:57',NULL,NULL,NULL),(6,8,NULL,'2014-10-30 08:54:57',NULL,NULL,NULL),(6,9,NULL,'2014-10-30 08:54:57',NULL,NULL,NULL),(6,10,NULL,'2014-10-30 08:54:57',NULL,NULL,NULL),(6,11,NULL,'2014-10-30 08:54:57',NULL,NULL,NULL),(6,12,NULL,'2014-10-30 08:54:57',NULL,NULL,NULL),(6,13,NULL,'2014-10-30 08:54:57',NULL,NULL,NULL),(6,15,NULL,'2014-10-30 08:54:57',NULL,NULL,NULL),(6,16,NULL,'2014-10-30 08:54:57',NULL,NULL,NULL),(6,17,NULL,'2014-10-30 08:54:57',NULL,NULL,NULL),(6,21,NULL,'2014-10-30 08:54:57',NULL,NULL,NULL),(6,23,NULL,'2014-10-30 08:54:57',NULL,NULL,NULL),(6,24,NULL,'2014-10-30 08:54:57',NULL,NULL,NULL),(6,25,NULL,'2014-10-30 08:54:57',NULL,NULL,NULL),(6,27,NULL,'2014-10-30 08:54:57',NULL,NULL,NULL),(6,28,NULL,'2014-10-30 08:54:57',NULL,NULL,NULL),(6,29,NULL,'2014-10-30 08:54:57',NULL,NULL,NULL),(6,31,NULL,'2014-10-30 08:54:57',NULL,NULL,NULL),(6,32,NULL,'2014-10-30 08:54:57',NULL,NULL,NULL),(6,33,NULL,'2014-10-30 08:54:57',NULL,NULL,NULL),(6,34,NULL,'2014-10-30 08:54:57',NULL,NULL,NULL),(6,35,NULL,'2014-10-30 08:54:57',NULL,NULL,NULL),(6,36,NULL,'2014-10-30 08:54:57',NULL,NULL,NULL),(6,37,NULL,'2014-10-30 08:54:57',NULL,NULL,NULL),(6,38,NULL,'2014-10-30 08:54:57',NULL,NULL,NULL),(6,39,NULL,'2014-10-30 08:54:57',NULL,NULL,NULL),(6,40,NULL,'2014-10-30 08:54:57',NULL,NULL,NULL),(6,41,NULL,'2014-10-30 08:54:57',NULL,NULL,NULL),(6,42,NULL,'2014-10-30 08:54:57',NULL,NULL,NULL),(6,43,NULL,'2014-10-30 08:54:57',NULL,NULL,NULL),(6,44,NULL,'2014-10-30 08:54:57',NULL,NULL,NULL),(6,45,NULL,'2014-10-30 08:54:57',NULL,NULL,NULL),(6,46,NULL,'2014-10-30 08:54:57',NULL,NULL,NULL),(6,47,NULL,'2014-10-30 08:54:57',NULL,NULL,NULL),(6,49,NULL,'2014-10-30 08:54:57',NULL,NULL,NULL),(6,50,NULL,'2014-10-30 08:54:57',NULL,NULL,NULL),(6,51,NULL,'2014-10-30 08:54:57',NULL,NULL,NULL),(6,52,NULL,'2014-10-30 08:54:57',NULL,NULL,NULL),(6,75,NULL,'2014-10-30 08:54:57',NULL,NULL,NULL),(6,76,NULL,'2014-10-30 08:54:57',NULL,NULL,NULL),(6,77,NULL,'2014-10-30 08:54:57',NULL,NULL,NULL),(6,78,NULL,'2014-10-30 08:54:57',NULL,NULL,NULL),(6,79,NULL,'2014-10-30 08:54:57',NULL,NULL,NULL),(6,80,NULL,'2014-10-30 08:54:57',NULL,NULL,NULL),(6,81,NULL,'2014-10-30 08:54:57',NULL,NULL,NULL),(6,82,NULL,'2014-10-30 08:54:57',NULL,NULL,NULL),(6,83,NULL,'2014-10-30 08:54:57',NULL,NULL,NULL),(6,84,NULL,'2014-10-30 08:54:57',NULL,NULL,NULL),(6,85,NULL,'2014-10-30 08:54:57',NULL,NULL,NULL),(6,93,NULL,'2014-10-30 08:54:57',NULL,NULL,NULL),(6,446,NULL,'2014-10-30 08:54:57',NULL,NULL,NULL),(6,451,NULL,'2014-10-30 08:54:57',NULL,NULL,NULL),(8,1,NULL,'2014-10-30 08:54:57',NULL,NULL,NULL),(8,2,NULL,'2014-10-30 08:54:57',NULL,NULL,NULL),(8,3,NULL,'2014-10-30 08:54:57',NULL,NULL,NULL),(8,5,NULL,'2014-10-30 08:54:57',NULL,NULL,NULL),(8,6,NULL,'2014-10-30 08:54:57',NULL,NULL,NULL),(8,7,NULL,'2014-10-30 08:54:57',NULL,NULL,NULL),(8,8,NULL,'2014-10-30 08:54:57',NULL,NULL,NULL),(8,9,NULL,'2014-10-30 08:54:57',NULL,NULL,NULL),(8,10,NULL,'2014-10-30 08:54:57',NULL,NULL,NULL),(8,11,NULL,'2014-10-30 08:54:57',NULL,NULL,NULL),(8,12,NULL,'2014-10-30 08:54:57',NULL,NULL,NULL),(8,13,NULL,'2014-10-30 08:54:57',NULL,NULL,NULL),(8,15,NULL,'2014-10-30 08:54:57',NULL,NULL,NULL),(8,16,NULL,'2014-10-30 08:54:57',NULL,NULL,NULL),(8,17,NULL,'2014-10-30 08:54:57',NULL,NULL,NULL),(8,21,NULL,'2014-10-30 08:54:57',NULL,NULL,NULL),(8,23,NULL,'2014-10-30 08:54:57',NULL,NULL,NULL),(8,24,NULL,'2014-10-30 08:54:57',NULL,NULL,NULL),(8,25,NULL,'2014-10-30 08:54:57',NULL,NULL,NULL),(8,27,NULL,'2014-10-30 08:54:57',NULL,NULL,NULL),(8,28,NULL,'2014-10-30 08:54:57',NULL,NULL,NULL),(8,29,NULL,'2014-10-30 08:54:57',NULL,NULL,NULL),(8,31,NULL,'2014-10-30 08:54:57',NULL,NULL,NULL),(8,32,NULL,'2014-10-30 08:54:57',NULL,NULL,NULL),(8,33,NULL,'2014-10-30 08:54:57',NULL,NULL,NULL),(8,34,NULL,'2014-10-30 08:54:57',NULL,NULL,NULL),(8,35,NULL,'2014-10-30 08:54:57',NULL,NULL,NULL),(8,36,NULL,'2014-10-30 08:54:57',NULL,NULL,NULL),(8,37,NULL,'2014-10-30 08:54:57',NULL,NULL,NULL),(8,38,NULL,'2014-10-30 08:54:57',NULL,NULL,NULL),(8,39,NULL,'2014-10-30 08:54:57',NULL,NULL,NULL),(8,40,NULL,'2014-10-30 08:54:57',NULL,NULL,NULL),(8,41,NULL,'2014-10-30 08:54:57',NULL,NULL,NULL),(8,42,NULL,'2014-10-30 08:54:57',NULL,NULL,NULL),(8,43,NULL,'2014-10-30 08:54:57',NULL,NULL,NULL),(8,44,NULL,'2014-10-30 08:54:57',NULL,NULL,NULL),(8,45,NULL,'2014-10-30 08:54:57',NULL,NULL,NULL),(8,46,NULL,'2014-10-30 08:54:57',NULL,NULL,NULL),(8,47,NULL,'2014-10-30 08:54:57',NULL,NULL,NULL),(8,49,NULL,'2014-10-30 08:54:57',NULL,NULL,NULL),(8,50,NULL,'2014-10-30 08:54:57',NULL,NULL,NULL),(8,51,NULL,'2014-10-30 08:54:57',NULL,NULL,NULL),(8,52,NULL,'2014-10-30 08:54:57',NULL,NULL,NULL),(8,53,NULL,'2014-10-30 08:54:57',NULL,NULL,NULL),(8,54,NULL,'2014-10-30 08:54:57',NULL,NULL,NULL),(8,55,NULL,'2014-10-30 08:54:57',NULL,NULL,NULL),(8,56,NULL,'2014-10-30 08:54:57',NULL,NULL,NULL),(8,75,NULL,'2014-10-30 08:54:57',NULL,NULL,NULL),(8,76,NULL,'2014-10-30 08:54:57',NULL,NULL,NULL),(8,77,NULL,'2014-10-30 08:54:57',NULL,NULL,NULL),(8,78,NULL,'2014-10-30 08:54:57',NULL,NULL,NULL),(8,79,NULL,'2014-10-30 08:54:57',NULL,NULL,NULL),(8,80,NULL,'2014-10-30 08:54:57',NULL,NULL,NULL),(8,81,NULL,'2014-10-30 08:54:57',NULL,NULL,NULL),(8,82,NULL,'2014-10-30 08:54:57',NULL,NULL,NULL),(8,83,NULL,'2014-10-30 08:54:57',NULL,NULL,NULL),(8,84,NULL,'2014-10-30 08:54:57',NULL,NULL,NULL),(8,85,NULL,'2014-10-30 08:54:57',NULL,NULL,NULL),(8,86,NULL,'2014-10-30 08:54:57',NULL,NULL,NULL),(8,87,NULL,'2014-10-30 08:54:57',NULL,NULL,NULL),(8,88,NULL,'2014-10-30 08:54:57',NULL,NULL,NULL),(8,93,NULL,'2014-10-30 08:54:57',NULL,NULL,NULL),(8,446,NULL,'2014-10-30 08:54:57',NULL,NULL,NULL),(8,447,NULL,'2014-10-30 08:54:57',NULL,NULL,NULL),(8,448,NULL,'2014-10-30 08:54:57',NULL,NULL,NULL),(8,449,NULL,'2014-10-30 08:54:57',NULL,NULL,NULL),(8,450,NULL,'2014-10-30 08:54:57',NULL,NULL,NULL),(8,451,NULL,'2014-10-30 08:54:57',NULL,NULL,NULL),(13,149,NULL,'2014-10-30 08:54:57',NULL,NULL,NULL),(13,150,NULL,'2014-10-30 08:54:57',NULL,NULL,NULL),(13,151,NULL,'2014-10-30 08:54:57',NULL,NULL,NULL),(13,152,NULL,'2014-10-30 08:54:57',NULL,NULL,NULL),(13,153,NULL,'2014-10-30 08:54:57',NULL,NULL,NULL),(13,154,NULL,'2014-10-30 08:54:57',NULL,NULL,NULL),(13,155,NULL,'2014-10-30 08:54:57',NULL,NULL,NULL),(13,156,NULL,'2014-10-30 08:54:57',NULL,NULL,NULL),(13,157,NULL,'2014-10-30 08:54:57',NULL,NULL,NULL),(13,158,NULL,'2014-10-30 08:54:57',NULL,NULL,NULL),(13,159,NULL,'2014-10-30 08:54:57',NULL,NULL,NULL),(13,160,NULL,'2014-10-30 08:54:57',NULL,NULL,NULL),(14,161,NULL,'2014-10-30 08:54:57',NULL,NULL,NULL),(14,162,NULL,'2014-10-30 08:54:57',NULL,NULL,NULL),(14,165,NULL,'2014-10-30 08:54:57',NULL,NULL,NULL),(14,170,NULL,'2014-10-30 08:54:57',NULL,NULL,NULL),(14,171,NULL,'2014-10-30 08:54:57',NULL,NULL,NULL),(14,172,NULL,'2014-10-30 08:54:57',NULL,NULL,NULL),(14,173,NULL,'2014-10-30 08:54:57',NULL,NULL,NULL),(14,174,NULL,'2014-10-30 08:54:57',NULL,NULL,NULL),(14,175,NULL,'2014-10-30 08:54:57',NULL,NULL,NULL),(14,176,NULL,'2014-10-30 08:54:57',NULL,NULL,NULL),(14,177,NULL,'2014-10-30 08:54:57',NULL,NULL,NULL),(14,178,NULL,'2014-10-30 08:54:57',NULL,NULL,NULL),(14,179,NULL,'2014-10-30 08:54:57',NULL,NULL,NULL),(14,180,NULL,'2014-10-30 08:54:57',NULL,NULL,NULL),(14,181,NULL,'2014-10-30 08:54:57',NULL,NULL,NULL),(14,182,NULL,'2014-10-30 08:54:57',NULL,NULL,NULL),(14,184,NULL,'2014-10-30 08:54:57',NULL,NULL,NULL),(14,185,NULL,'2014-10-30 08:54:57',NULL,NULL,NULL),(14,186,NULL,'2014-10-30 08:54:57',NULL,NULL,NULL),(14,187,NULL,'2014-10-30 08:54:57',NULL,NULL,NULL),(14,188,NULL,'2014-10-30 08:54:57',NULL,NULL,NULL),(14,189,NULL,'2014-10-30 08:54:57',NULL,NULL,NULL),(14,190,NULL,'2014-10-30 08:54:57',NULL,NULL,NULL),(14,191,NULL,'2014-10-30 08:54:57',NULL,NULL,NULL),(14,192,NULL,'2014-10-30 08:54:57',NULL,NULL,NULL),(14,452,NULL,'2014-10-30 08:54:57',NULL,NULL,NULL),(14,453,NULL,'2014-10-30 08:54:57',NULL,NULL,NULL),(14,479,NULL,'2014-10-30 08:54:57',NULL,NULL,NULL),(14,480,NULL,'2014-10-30 08:54:57',NULL,NULL,NULL),(15,161,NULL,'2014-10-30 08:54:57',NULL,NULL,NULL),(15,162,NULL,'2014-10-30 08:54:57',NULL,NULL,NULL),(15,163,NULL,'2014-10-30 08:54:57',NULL,NULL,NULL),(15,164,NULL,'2014-10-30 08:54:57',NULL,NULL,NULL),(15,165,NULL,'2014-10-30 08:54:57',NULL,NULL,NULL),(15,166,NULL,'2014-10-30 08:54:57',NULL,NULL,NULL),(15,167,NULL,'2014-10-30 08:54:57',NULL,NULL,NULL),(15,168,NULL,'2014-10-30 08:54:57',NULL,NULL,NULL),(15,169,NULL,'2014-10-30 08:54:57',NULL,NULL,NULL),(15,170,NULL,'2014-10-30 08:54:57',NULL,NULL,NULL),(15,171,NULL,'2014-10-30 08:54:57',NULL,NULL,NULL),(15,172,NULL,'2014-10-30 08:54:57',NULL,NULL,NULL),(15,173,NULL,'2014-10-30 08:54:57',NULL,NULL,NULL),(15,174,NULL,'2014-10-30 08:54:57',NULL,NULL,NULL),(15,175,NULL,'2014-10-30 08:54:57',NULL,NULL,NULL),(15,176,NULL,'2014-10-30 08:54:57',NULL,NULL,NULL),(15,177,NULL,'2014-10-30 08:54:57',NULL,NULL,NULL),(15,178,NULL,'2014-10-30 08:54:57',NULL,NULL,NULL),(15,179,NULL,'2014-10-30 08:54:57',NULL,NULL,NULL),(15,180,NULL,'2014-10-30 08:54:57',NULL,NULL,NULL),(15,181,NULL,'2014-10-30 08:54:57',NULL,NULL,NULL),(15,182,NULL,'2014-10-30 08:54:57',NULL,NULL,NULL),(15,184,NULL,'2014-10-30 08:54:57',NULL,NULL,NULL),(15,185,NULL,'2014-10-30 08:54:57',NULL,NULL,NULL),(15,186,NULL,'2014-10-30 08:54:57',NULL,NULL,NULL),(15,187,NULL,'2014-10-30 08:54:57',NULL,NULL,NULL),(15,188,NULL,'2014-10-30 08:54:57',NULL,NULL,NULL),(15,189,NULL,'2014-10-30 08:54:57',NULL,NULL,NULL),(15,190,NULL,'2014-10-30 08:54:57',NULL,NULL,NULL),(15,191,NULL,'2014-10-30 08:54:57',NULL,NULL,NULL),(15,192,NULL,'2014-10-30 08:54:57',NULL,NULL,NULL),(15,479,NULL,'2014-10-30 08:54:57',NULL,NULL,NULL),(15,480,NULL,'2014-10-30 08:54:57',NULL,NULL,NULL),(17,221,NULL,'2014-10-30 08:54:57',NULL,NULL,NULL),(17,445,NULL,'2014-10-30 08:54:57',NULL,NULL,NULL),(19,454,NULL,'2014-10-30 08:54:57',NULL,NULL,NULL),(19,455,NULL,'2014-10-30 08:54:57',NULL,NULL,NULL),(19,456,NULL,'2014-10-30 08:54:57',NULL,NULL,NULL),(19,457,NULL,'2014-10-30 08:54:57',NULL,NULL,NULL),(19,458,NULL,'2014-10-30 08:54:57',NULL,NULL,NULL),(19,459,NULL,'2014-10-30 08:54:57',NULL,NULL,NULL),(19,460,NULL,'2014-10-30 08:54:57',NULL,NULL,NULL),(19,461,NULL,'2014-10-30 08:54:57',NULL,NULL,NULL),(19,462,NULL,'2014-10-30 08:54:57',NULL,NULL,NULL),(19,463,NULL,'2014-10-30 08:54:57',NULL,NULL,NULL),(19,464,NULL,'2014-10-30 08:54:57',NULL,NULL,NULL),(19,465,NULL,'2014-10-30 08:54:57',NULL,NULL,NULL),(19,466,NULL,'2014-10-30 08:54:57',NULL,NULL,NULL),(19,467,NULL,'2014-10-30 08:54:57',NULL,NULL,NULL),(19,468,NULL,'2014-10-30 08:54:57',NULL,NULL,NULL),(19,469,NULL,'2014-10-30 08:54:57',NULL,NULL,NULL),(19,470,NULL,'2014-10-30 08:54:57',NULL,NULL,NULL),(19,471,NULL,'2014-10-30 08:54:57',NULL,NULL,NULL),(19,472,NULL,'2014-10-30 08:54:57',NULL,NULL,NULL),(19,473,NULL,'2014-10-30 08:54:57',NULL,NULL,NULL),(19,474,NULL,'2014-10-30 08:54:57',NULL,NULL,NULL),(19,475,NULL,'2014-10-30 08:54:57',NULL,NULL,NULL),(19,476,NULL,'2014-10-30 08:54:57',NULL,NULL,NULL),(19,477,NULL,'2014-10-30 08:54:57',NULL,NULL,NULL),(19,478,NULL,'2014-10-30 08:54:57',NULL,NULL,NULL),(20,441,NULL,'2014-10-30 08:54:57',NULL,NULL,NULL),(20,442,NULL,'2014-10-30 08:54:57',NULL,NULL,NULL),(20,443,NULL,'2014-10-30 08:54:57',NULL,NULL,NULL),(22,500,NULL,'2014-10-30 08:54:57',NULL,NULL,NULL),(22,501,NULL,'2014-10-30 08:54:57',NULL,NULL,NULL),(22,502,NULL,'2014-10-30 08:54:57',NULL,NULL,NULL),(22,503,NULL,'2014-10-30 08:54:57',NULL,NULL,NULL),(22,504,NULL,'2014-10-30 08:54:57',NULL,NULL,NULL);
/*!40000 ALTER TABLE `view_role` ENABLE KEYS */;
UNLOCK TABLES;

--
-- Table structure for table `visitor`
--

DROP TABLE IF EXISTS `visitor`;
/*!40101 SET @saved_cs_client     = @@character_set_client */;
/*!40101 SET character_set_client = utf8 */;
CREATE TABLE `visitor` (
  `id` bigint(20) unsigned NOT NULL AUTO_INCREMENT,
  `guid` varchar(50) NOT NULL,
  `session_id` varchar(50) DEFAULT NULL,
  `ip_address` varchar(45) DEFAULT NULL,
  `created_date` timestamp NOT NULL DEFAULT CURRENT_TIMESTAMP,
  `user_created` bigint(11) DEFAULT NULL,
  `last_update_date` timestamp NULL DEFAULT NULL,
  `last_user_update` bigint(11) DEFAULT NULL,
  PRIMARY KEY (`id`)
) ENGINE=InnoDB AUTO_INCREMENT=540 DEFAULT CHARSET=utf8;
/*!40101 SET character_set_client = @saved_cs_client */;

--
-- Dumping data for table `visitor`
--

LOCK TABLES `visitor` WRITE;
/*!40000 ALTER TABLE `visitor` DISABLE KEYS */;
INSERT INTO `visitor` VALUES (2,'ba5af194-12d8-4e90-8c66-e6fc823be595',NULL,'172.31.36.90','2014-10-30 08:54:58',NULL,NULL,NULL),(4,'2421d00f-90b0-4362-8bbd-cbc5d672c457',NULL,'172.31.36.90','2014-10-30 08:54:58',NULL,NULL,NULL),(6,'37afd7e3-903c-44f4-8279-7ab841b616e1',NULL,'172.31.36.90','2014-10-30 08:54:58',NULL,NULL,NULL),(7,'8de515d0-5baf-4e0d-b436-6348f41c87cd',NULL,'172.31.36.90','2014-10-30 08:54:58',NULL,NULL,NULL),(8,'04603afb-9b80-4388-a981-189d04c44798',NULL,'172.31.1.194','2014-10-30 08:54:58',NULL,NULL,NULL),(9,'ec72fc51-82f5-4579-a8d5-faca04f3f243',NULL,'172.31.1.194','2014-10-30 08:54:58',NULL,NULL,NULL),(10,'e3788004-edee-4b98-8608-f7cb844fb857',NULL,'172.31.36.90','2014-10-30 08:54:58',NULL,NULL,NULL),(11,'cb42ab6e-f733-40ba-bf51-dbf568c5664e',NULL,'172.31.1.194','2014-10-30 08:54:58',NULL,NULL,NULL),(12,'0fcdef6e-d5c1-4a63-9da0-b2b1d81dd206',NULL,'172.31.1.194','2014-10-30 08:54:58',NULL,NULL,NULL),(13,'70f89137-db94-4660-8b69-5cba1f9cf96d',NULL,'172.31.36.90','2014-10-30 08:54:58',NULL,NULL,NULL),(14,'d05f512a-4db1-4d67-be63-92c5f22a0d73',NULL,'172.31.1.194','2014-10-30 08:54:58',NULL,NULL,NULL),(15,'21a859fe-ccde-4e23-ab76-8d64147fe83b',NULL,'172.31.1.194','2014-10-30 08:54:58',NULL,NULL,NULL),(16,'a4833f43-d073-4aa5-a454-5f7274f6f5cd',NULL,'172.31.36.90','2014-10-30 08:54:58',NULL,NULL,NULL),(17,'1dde3e36-37ca-499b-a9d4-5051fe94690f',NULL,'172.31.1.194','2014-10-30 08:54:58',NULL,NULL,NULL),(18,'2785c4cb-96a5-43f8-907f-064f7060212c',NULL,'172.31.36.90','2014-10-30 08:54:58',NULL,NULL,NULL),(19,'65f0e95e-26a6-4f24-b4b1-3bf4fc29320d',NULL,'172.31.1.194','2014-10-30 08:54:58',NULL,NULL,NULL),(20,'71e63516-890c-4514-a25b-88e4d78103e7',NULL,'172.31.1.194','2014-10-30 08:54:58',NULL,NULL,NULL),(21,'8dfeacf9-cc7b-43b2-8fe7-bb93c568dcd0',NULL,'172.31.1.194','2014-10-30 08:54:58',NULL,NULL,NULL),(22,'6e0dc28e-6b9c-429a-9642-99d50e452bf7',NULL,'172.31.36.90','2014-10-30 08:54:58',NULL,NULL,NULL),(23,'d3f619db-8926-48f2-937b-a8b469233e82',NULL,'172.31.1.194','2014-10-30 08:54:58',NULL,NULL,NULL),(24,'b52538f2-3a4c-43d5-854f-dbde7443aa67',NULL,'172.31.36.90','2014-10-30 08:54:58',NULL,NULL,NULL),(25,'ddb21b72-319d-45bc-b1f4-1589d696db22',NULL,'172.31.36.90','2014-10-30 08:54:58',NULL,NULL,NULL),(26,'27e30725-2cb6-4770-bc56-b154aee4a95b',NULL,'172.31.36.90','2014-10-30 08:54:58',NULL,NULL,NULL),(27,'d274a9e8-5cdc-4133-8038-98e312f4073a',NULL,'172.31.1.194','2014-10-30 08:54:58',NULL,NULL,NULL),(28,'5894a7f6-e3e8-4d89-9b41-863d3324c2a2',NULL,'172.31.36.90','2014-10-30 08:54:58',NULL,NULL,NULL),(29,'f7caf0a4-e783-471a-b648-fccf7d5a0106',NULL,'172.31.36.90','2014-10-30 08:54:58',NULL,NULL,NULL),(30,'3fab97b4-bbde-402e-8e84-03fa0b732e31',NULL,'172.31.36.90','2014-10-30 08:54:58',NULL,NULL,NULL),(31,'17236a91-d6e7-4e15-bb95-a30ce3705190',NULL,'172.31.1.194','2014-10-30 08:54:58',NULL,NULL,NULL),(32,'8e842b1a-bd2f-4390-baa5-bf31958930ca',NULL,'172.31.36.90','2014-10-30 08:54:58',NULL,NULL,NULL),(33,'7442fd48-879a-4b4b-9bfc-c2e982e6b345',NULL,'172.31.36.90','2014-10-30 08:54:58',NULL,NULL,NULL),(34,'94f42850-c0c6-47b0-8801-45f41227ee50',NULL,'172.31.1.194','2014-10-30 08:54:58',NULL,NULL,NULL),(35,'02e6ec82-2816-4263-88ed-f4970e84cfcd',NULL,'172.31.36.90','2014-10-30 08:54:58',NULL,NULL,NULL),(36,'6d7ecf4a-1c39-46b0-bbc5-e60ca4d9d6bc',NULL,'172.31.36.90','2014-10-30 08:54:58',NULL,NULL,NULL),(37,'7a7fdfc2-55c3-4ceb-a38d-0ced60131f78',NULL,'172.31.1.194','2014-10-30 08:54:58',NULL,NULL,NULL),(38,'8646043c-6560-41cd-a2bf-a1172af3dfde',NULL,'172.31.36.90','2014-10-30 08:54:58',NULL,NULL,NULL),(39,'a2b57bbf-c490-4a22-ae6e-59e2b1630496',NULL,'172.31.1.194','2014-10-30 08:54:58',NULL,NULL,NULL),(41,'0b6ce08b-9a36-4976-88fa-ec99df8041f4',NULL,'172.31.36.90','2014-10-30 08:54:58',NULL,NULL,NULL),(42,'878ba578-4276-434f-9256-2660ca2194f4',NULL,'172.31.36.90','2014-10-30 08:54:58',NULL,NULL,NULL),(43,'070cbd28-1e8f-48ea-98a7-b4217b76490c',NULL,'172.31.1.194','2014-10-30 08:54:58',NULL,NULL,NULL),(44,'987f0b0f-e81d-41cd-a2ba-02c1954feca0',NULL,'172.31.1.194','2014-10-30 08:54:58',NULL,NULL,NULL),(45,'a27a76bd-5f92-40d5-b272-679f46f3f082',NULL,'172.31.1.194','2014-10-30 08:54:58',NULL,NULL,NULL),(46,'c559d23e-b606-43e1-a62f-2248aa091c8e',NULL,'172.31.36.90','2014-10-30 08:54:58',NULL,NULL,NULL),(47,'a8751859-0aee-45db-807e-c5aa9356888d',NULL,'172.31.1.194','2014-10-30 08:54:58',NULL,NULL,NULL),(48,'05f89295-304c-4c2b-8cd2-c9a7a485fd1c',NULL,'172.31.36.90','2014-10-30 08:54:58',NULL,NULL,NULL),(49,'bde61b0d-5688-46c0-ace0-37c5bb182689',NULL,'172.31.36.90','2014-10-30 08:54:58',NULL,NULL,NULL),(50,'6b7abe4a-f53f-467e-9365-6393cbb6e1db',NULL,'172.31.36.90','2014-10-30 08:54:58',NULL,NULL,NULL),(51,'b6d82da2-ee26-4c2f-a718-6d23b65a4249',NULL,'172.31.36.90','2014-10-30 08:54:58',NULL,NULL,NULL),(52,'03516d32-0ad8-41a5-8873-499f6aff4f38',NULL,'172.31.36.90','2014-10-30 08:54:58',NULL,NULL,NULL),(53,'7b4cd211-855b-42b6-bdf9-62811c89b00b',NULL,'172.31.1.194','2014-10-30 08:54:58',NULL,NULL,NULL),(54,'5c109f6d-a2e7-42d7-a970-1c158c6c5dcf',NULL,'172.31.1.194','2014-10-30 08:54:58',NULL,NULL,NULL),(55,'0ef86769-7d1e-4c38-a70e-23d1a021cf53',NULL,'172.31.36.90','2014-10-30 08:54:58',NULL,NULL,NULL),(56,'57ada670-7e6b-44ba-a66c-6b42032e02a4',NULL,'172.31.36.90','2014-10-30 08:54:58',NULL,NULL,NULL),(57,'0621626b-e66b-4c82-8154-6db4c56d3263',NULL,'172.31.36.90','2014-10-30 08:54:58',NULL,NULL,NULL),(58,'c482fe80-1aed-479f-82fa-ef5aeca4e900',NULL,'172.31.36.90','2014-10-30 08:54:58',NULL,NULL,NULL),(59,'7c55d186-50c6-44ab-9c55-db1db95b8953',NULL,'172.31.1.194','2014-10-30 08:54:58',NULL,NULL,NULL),(60,'0f2b9dda-3b63-4f0b-8033-58a5903b0ec0',NULL,'172.31.36.90','2014-10-30 08:54:58',NULL,NULL,NULL),(61,'1ab15fc1-46dc-4880-bac3-5e99f6f83737',NULL,'172.31.36.90','2014-10-30 08:54:58',NULL,NULL,NULL),(62,'75cf93af-77e1-40af-ba9d-07615fcd116a',NULL,'172.31.1.194','2014-10-30 08:54:58',NULL,NULL,NULL),(63,'804c26ce-053a-4c25-a1f3-79eab61f022a',NULL,'172.31.1.194','2014-10-30 08:54:58',NULL,NULL,NULL),(64,'211c7de0-e6e6-426e-af21-e26a1cd9cbf1',NULL,'172.31.36.90','2014-10-30 08:54:58',NULL,NULL,NULL),(65,'1a7f4147-20d2-4e2f-9433-0efef4325826',NULL,'172.31.1.194','2014-10-30 08:54:58',NULL,NULL,NULL),(66,'bde3dd00-3278-48fd-bf66-09b353fb3982',NULL,'172.31.1.194','2014-10-30 08:54:58',NULL,NULL,NULL),(67,'2deda6a9-3760-4b65-b175-d56227b334cd',NULL,'172.31.36.90','2014-10-30 08:54:58',NULL,NULL,NULL),(68,'e05996fa-0351-4c92-b4b9-a45b1e141159',NULL,'172.31.1.194','2014-10-30 08:54:58',NULL,NULL,NULL),(69,'07693520-9651-4a55-87f5-c1b58e00e5a8',NULL,'172.31.1.194','2014-10-30 08:54:58',NULL,NULL,NULL),(70,'c9781e95-6191-4114-a47d-448116139117',NULL,'172.31.36.90','2014-10-30 08:54:58',NULL,NULL,NULL),(71,'29367f86-f8c1-4be0-b11b-73d6df07454f',NULL,'172.31.36.90','2014-10-30 08:54:58',NULL,NULL,NULL),(72,'0844cd31-b48f-4f0b-976d-387a4ddeb8af',NULL,'172.31.1.194','2014-10-30 08:54:58',NULL,NULL,NULL),(73,'dcf55977-a959-48f9-a109-eded5dd68d28',NULL,'172.31.1.194','2014-10-30 08:54:58',NULL,NULL,NULL),(74,'c5427358-bd00-4e72-81d1-64ca6928dc4a',NULL,'172.31.1.194','2014-10-30 08:54:58',NULL,NULL,NULL),(75,'c1ae6d70-7175-4d7c-a785-1f46abddabc6',NULL,'172.31.1.194','2014-10-30 08:54:58',NULL,NULL,NULL),(76,'95cc37b7-737a-4794-a989-fbc59461ce80',NULL,'172.31.36.90','2014-10-30 08:54:58',NULL,NULL,NULL),(77,'bb3022ed-b2e4-4a1c-a496-a419613ba235',NULL,'172.31.36.90','2014-10-30 08:54:58',NULL,NULL,NULL),(80,'c92d51d8-833c-4681-8cb6-f403a85242e1',NULL,'172.31.1.194','2014-10-30 08:54:58',NULL,NULL,NULL),(81,'9c5a9504-5043-47fc-975c-12daceed7c27',NULL,'172.31.36.90','2014-10-30 08:54:58',NULL,NULL,NULL),(82,'121830e7-47a3-439e-8da4-784b476d622b',NULL,'172.31.36.90','2014-10-30 08:54:58',NULL,NULL,NULL),(83,'bad829f1-6b47-4a43-bae6-55d8af1a0b09',NULL,'172.31.1.194','2014-10-30 08:54:58',NULL,NULL,NULL),(84,'2dae8f8b-184e-4265-861c-7db47046eb3f',NULL,'172.31.36.90','2014-10-30 08:54:58',NULL,NULL,NULL),(85,'472a3a70-0e3b-4424-ac5f-10e5b65622f7',NULL,'172.31.36.90','2014-10-30 08:54:58',NULL,NULL,NULL),(86,'c72ebee5-444c-47dd-ae15-7cc942488d4e',NULL,'172.31.1.194','2014-10-30 08:54:58',NULL,NULL,NULL),(87,'ab824162-1a7b-41dd-8bd0-15849549af18',NULL,'172.31.36.90','2014-10-30 08:54:58',NULL,NULL,NULL),(88,'296e2984-40fe-4503-843b-081dbc4bae5c',NULL,'172.31.36.90','2014-10-30 08:54:58',NULL,NULL,NULL),(89,'47a636e9-fda7-455f-b55c-028f70487cee',NULL,'172.31.36.90','2014-10-30 08:54:58',NULL,NULL,NULL),(90,'35b6509e-fcc4-44e6-ac86-fcb97778aac6',NULL,'172.31.36.90','2014-10-30 08:54:58',NULL,NULL,NULL),(91,'0636c283-186a-43b6-b8b1-3b07428baf38',NULL,'172.31.36.90','2014-10-30 08:54:58',NULL,NULL,NULL),(92,'8769eb5e-c6af-46f1-b2cb-847188e8b28f',NULL,'172.31.36.90','2014-10-30 08:54:58',NULL,NULL,NULL),(93,'4d7cc77b-70b6-4da1-a2eb-aaa40d665c97',NULL,'172.31.1.194','2014-10-30 08:54:58',NULL,NULL,NULL),(94,'ac9fa2bc-4bbd-437a-bf48-0a9778e4a9ab',NULL,'172.31.36.90','2014-10-30 08:54:58',NULL,NULL,NULL),(95,'58dc1daa-374a-4c4d-80dd-0517705688cb',NULL,'172.31.36.90','2014-10-30 08:54:58',NULL,NULL,NULL),(96,'e0c3cadb-5b02-434a-85da-9fcc7213a851',NULL,'172.31.1.194','2014-10-30 08:54:58',NULL,NULL,NULL),(97,'07485430-2a93-4dfb-8e9d-fd99429470d5',NULL,'172.31.1.194','2014-10-30 08:54:58',NULL,NULL,NULL),(98,'63a89b5f-cfeb-4d9f-ae67-66df1774ea66',NULL,'172.31.1.194','2014-10-30 08:54:58',NULL,NULL,NULL),(99,'4a987142-8f1a-4a20-a4e8-308b992ade9f',NULL,'172.31.36.90','2014-10-30 08:54:58',NULL,NULL,NULL),(100,'74d96af8-3b02-4901-b1fc-291496e99463',NULL,'172.31.36.90','2014-10-30 08:54:58',NULL,NULL,NULL),(101,'c5a3f29f-0e0f-4555-b1e8-a82ede3cc5e1',NULL,'172.31.36.90','2014-10-30 08:54:58',NULL,NULL,NULL),(102,'728c5a1e-b2be-4095-b624-d5272e328daf',NULL,'172.31.1.194','2014-10-30 08:54:58',NULL,NULL,NULL),(104,'ab8c5ded-daa3-42e8-90d4-7ca024c80cdf',NULL,'172.31.1.194','2014-10-30 09:52:19',NULL,NULL,NULL),(105,'481ff285-1575-4c42-b773-9e3500e7a01e',NULL,'172.31.1.194','2014-10-30 10:24:43',NULL,NULL,NULL),(106,'0c603841-d9dd-44e6-a11e-ec539edc5ea8',NULL,'172.31.1.194','2014-10-30 10:28:27',NULL,NULL,NULL),(107,'15bd5a77-0911-4822-a654-c61ea9a54a2d',NULL,'172.31.36.90','2014-10-30 10:31:09',NULL,NULL,NULL),(108,'a242dc30-53b0-4130-ab1d-94744ad24c3a',NULL,'172.31.1.194','2014-10-30 10:33:14',NULL,NULL,NULL),(109,'d81ee55f-5753-4f1e-bc9e-1f397af82804',NULL,'172.31.36.90','2014-10-30 10:34:11',NULL,NULL,NULL),(110,'09b95f6f-2645-4983-b36d-e168a578b2be',NULL,'172.31.36.90','2014-10-30 10:39:32',NULL,NULL,NULL),(111,'48ea5884-1d26-4494-af81-37e7ba54b9fb',NULL,'172.31.36.90','2014-10-30 10:39:42',NULL,NULL,NULL),(112,'5a539132-5194-4b6b-9913-1bb826dab3c4',NULL,'172.31.36.90','2014-10-30 10:40:56',NULL,NULL,NULL),(113,'747763df-651d-4671-bb1b-136a7414534f',NULL,'172.31.1.194','2014-10-30 10:42:29',NULL,NULL,NULL),(114,'2b35732f-ba65-4d40-bf07-b232e938ed77',NULL,'172.31.36.90','2014-10-30 10:43:41',NULL,NULL,NULL),(115,'e5c46c2d-2ffe-49de-ad1c-e94811eff8d8',NULL,'172.31.1.194','2014-10-30 10:44:50',NULL,NULL,NULL),(116,'d20c7824-dcad-4972-8db9-726a0b4ab777',NULL,'172.31.1.194','2014-10-30 10:44:50',NULL,NULL,NULL),(117,'92f9b790-20b0-418e-871c-745fb7c21e8b',NULL,'172.31.36.90','2014-10-30 10:44:51',NULL,NULL,NULL),(118,'c9e6d291-755d-4ef9-901d-84e84b7ffc0e',NULL,'172.31.1.194','2014-10-30 10:44:52',NULL,NULL,NULL),(119,'c74699c4-6e64-412d-a70c-4f5634f39c3d',NULL,'172.31.1.194','2014-10-30 10:44:52',NULL,NULL,NULL),(120,'7836ba92-10b3-461b-b73c-de4fb1002d95',NULL,'172.31.1.194','2014-10-30 10:44:52',NULL,NULL,NULL),(121,'775cdb4d-fcdb-4b68-8410-98ef40c3409c',NULL,'172.31.36.90','2014-10-30 10:44:52',NULL,NULL,NULL),(122,'59bab135-bf34-4984-86a7-cdfbc1865f94',NULL,'172.31.36.90','2014-10-30 10:44:55',NULL,NULL,NULL),(123,'64f739d3-5541-4ae6-9b1e-fb67799da8fb',NULL,'172.31.36.90','2014-10-30 10:45:01',NULL,NULL,NULL),(124,'1c317672-4b1f-4b86-a97f-c749659becc0',NULL,'172.31.1.194','2014-10-30 10:45:08',NULL,NULL,NULL),(125,'6c2b56dc-db34-4369-bd3f-dc89c85e2556',NULL,'172.31.36.90','2014-10-30 10:45:08',NULL,NULL,NULL),(126,'db3d6c6a-caf8-4efe-aa00-a8b831a3f2d4',NULL,'172.31.36.90','2014-10-30 10:45:08',NULL,NULL,NULL),(127,'9b555b30-3d24-46b9-9e13-dded052dda49',NULL,'172.31.1.194','2014-10-30 10:45:08',NULL,NULL,NULL),(128,'a4ec3f09-cd9f-49fa-8ebc-d86382b676f5',NULL,'172.31.1.194','2014-10-30 10:45:24',NULL,NULL,NULL),(129,'17c2b356-d1ed-49fa-9a14-8a221ac496b1',NULL,'172.31.1.194','2014-10-30 10:45:24',NULL,NULL,NULL),(130,'007801f1-0560-4725-8a9f-5e690df76339',NULL,'172.31.1.194','2014-10-30 10:45:25',NULL,NULL,NULL),(131,'a974e537-5180-4de3-b408-7f8e8c139965',NULL,'172.31.36.90','2014-10-30 10:45:25',NULL,NULL,NULL),(132,'c464867c-b67b-467d-a4ea-389af72907c4',NULL,'172.31.1.194','2014-10-30 10:45:25',NULL,NULL,NULL),(133,'592149dd-75e9-413e-8ce6-b6358aea3eb4',NULL,'172.31.36.90','2014-10-30 10:45:45',NULL,NULL,NULL),(134,'5055dc12-f229-4fdd-87a2-57dc1a3e7cf7',NULL,'172.31.1.194','2014-10-30 10:45:51',NULL,NULL,NULL),(135,'9407e232-058d-4927-a779-6bf8bf8de087',NULL,'172.31.36.90','2014-10-30 10:46:12',NULL,NULL,NULL),(136,'1c79e3cd-f70b-47a3-a308-3f4a4d9861c4',NULL,'172.31.1.194','2014-10-30 10:46:13',NULL,NULL,NULL),(137,'b5f00de0-3685-4f67-9f3d-d097e732102e',NULL,'172.31.1.194','2014-10-30 10:47:13',NULL,NULL,NULL),(138,'daaafb24-5fa0-4aa7-9d8c-bdf12d830083',NULL,'172.31.36.90','2014-10-30 10:47:13',NULL,NULL,NULL),(139,'0b635bd8-1f9d-469c-bc95-a97ef816d06f',NULL,'172.31.1.194','2014-10-30 10:47:14',NULL,NULL,NULL),(140,'88218db7-7cef-440b-9bcc-f6aa81881e4d',NULL,'172.31.36.90','2014-10-30 10:47:14',NULL,NULL,NULL),(141,'a6fcade0-20e7-4934-8405-3fcec0ec6b4b',NULL,'172.31.1.194','2014-10-30 10:47:15',NULL,NULL,NULL),(142,'a3df7e8f-c271-4f24-8149-e01020cf784a',NULL,'172.31.1.194','2014-10-30 10:47:15',NULL,NULL,NULL),(143,'cd339451-5119-4dc6-bda5-86ac62934354',NULL,'172.31.1.194','2014-10-30 10:47:15',NULL,NULL,NULL),(144,'7c6b6ed4-3f1f-4657-89a5-855833004aa2',NULL,'172.31.36.90','2014-10-30 10:47:18',NULL,NULL,NULL),(145,'4d4a5af6-51ae-4b67-b391-4563649fda4c',NULL,'172.31.1.194','2014-10-30 10:47:20',NULL,NULL,NULL),(146,'b8d7090a-b4dc-43c0-9316-7177ec75bdde',NULL,'172.31.36.90','2014-10-30 10:47:34',NULL,NULL,NULL),(147,'a296de3c-5404-4187-99cb-cdc672d3be36',NULL,'172.31.36.90','2014-10-30 10:47:35',NULL,NULL,NULL),(148,'bd793cad-1ecf-46ec-8d87-81c547b26ad7',NULL,'172.31.1.194','2014-10-30 10:47:42',NULL,NULL,NULL),(149,'e0038b54-adcf-4f7d-a687-923e1865e395',NULL,'172.31.1.194','2014-10-30 10:47:43',NULL,NULL,NULL),(150,'316d17f9-f9e8-48f8-86d7-c688ecf6a65a',NULL,'172.31.1.194','2014-10-30 10:47:43',NULL,NULL,NULL),(151,'bbbb1052-648f-4b21-9730-0bb10d9a1b0e',NULL,'172.31.1.194','2014-10-30 10:47:46',NULL,NULL,NULL),(152,'6287e242-a81d-4ca9-894d-a973ac155ff0',NULL,'172.31.36.90','2014-10-30 10:48:03',NULL,NULL,NULL),(153,'8151b566-69ea-462f-8b92-2c7de99918c4',NULL,'172.31.36.90','2014-10-30 10:48:16',NULL,NULL,NULL),(154,'8933ca22-c9e0-44c2-8c1d-0b0c5d64dfa3',NULL,'172.31.36.90','2014-10-30 10:48:39',NULL,NULL,NULL),(155,'a2e9711d-a800-472f-9007-307e6c1e8609',NULL,'172.31.1.194','2014-10-30 10:48:41',NULL,NULL,NULL),(156,'a2302a7b-93af-405b-8e78-8f03188db2b9',NULL,'172.31.36.90','2014-10-30 10:48:41',NULL,NULL,NULL),(157,'00012d85-1753-4648-9f4b-97ce86806c01',NULL,'172.31.36.90','2014-10-30 10:48:42',NULL,NULL,NULL),(158,'288a1ed9-de24-4f98-a100-9dd4c7ddf64b',NULL,'172.31.36.90','2014-10-30 10:48:42',NULL,NULL,NULL),(159,'82d0eff6-a787-4f13-8762-f7540c17828c',NULL,'172.31.1.194','2014-10-30 10:48:43',NULL,NULL,NULL),(160,'a3019752-cf0e-47fa-8c5c-6746482917eb',NULL,'172.31.1.194','2014-10-30 10:48:43',NULL,NULL,NULL),(161,'feddfc1b-e28d-4c63-b9b7-c26d58386d86',NULL,'172.31.1.194','2014-10-30 10:48:43',NULL,NULL,NULL),(162,'31ddb24a-33c5-4eda-ad55-608213b6e2c5',NULL,'172.31.1.194','2014-10-30 10:48:43',NULL,NULL,NULL),(163,'155d663a-636a-4691-9891-1afd09575ee6',NULL,'172.31.36.90','2014-10-30 10:48:44',NULL,NULL,NULL),(164,'5aa37150-1b9a-4679-927b-f15214178ee7',NULL,'172.31.1.194','2014-10-30 10:49:04',NULL,NULL,NULL),(165,'bacf2503-4d69-4fef-9163-7586359245e8',NULL,'172.31.36.90','2014-10-30 10:49:21',NULL,NULL,NULL),(166,'55d2a7ab-4bf9-4194-8a75-9f23696f7a33',NULL,'172.31.1.194','2014-10-30 10:49:26',NULL,NULL,NULL),(167,'bd8986b2-e0ee-4531-bb66-e9f3e65a2e3f',NULL,'172.31.1.194','2014-10-30 10:49:26',NULL,NULL,NULL),(168,'f4c33a2b-8142-4b25-bd0f-5eb6b90f87a3',NULL,'172.31.36.90','2014-10-30 10:49:26',NULL,NULL,NULL),(169,'753469a9-dc41-45e6-8092-ac7233b7d075',NULL,'172.31.1.194','2014-10-30 10:49:27',NULL,NULL,NULL),(170,'2aeb98d9-db1f-4768-bd63-cf9da8a6a0f7',NULL,'172.31.1.194','2014-10-30 10:49:27',NULL,NULL,NULL),(171,'c71326e7-31f6-45d1-81ce-d680fa96094d',NULL,'172.31.1.194','2014-10-30 10:49:27',NULL,NULL,NULL),(172,'15425b63-5253-4593-a868-5eb615c9d9ee',NULL,'172.31.36.90','2014-10-30 10:49:27',NULL,NULL,NULL),(173,'7eb3b4bf-64ca-4451-8014-cfb391711fd4',NULL,'172.31.36.90','2014-10-30 10:49:27',NULL,NULL,NULL),(174,'af845aa6-3710-406e-b53e-41564960422b',NULL,'172.31.36.90','2014-10-30 10:49:29',NULL,NULL,NULL),(175,'9260de76-2d9d-4803-b195-432c031045b7',NULL,'172.31.1.194','2014-10-30 10:50:07',NULL,NULL,NULL),(176,'2fcd586a-de82-4015-8f94-1d2be58b8e05',NULL,'172.31.1.194','2014-10-30 10:50:07',NULL,NULL,NULL),(177,'e4899818-ccec-47b2-a5ea-e2b10bc9b3f6',NULL,'172.31.1.194','2014-10-30 10:50:08',NULL,NULL,NULL),(178,'cf99cc1a-bd6e-4547-911a-96380e2cb3dd',NULL,'172.31.36.90','2014-10-30 10:50:08',NULL,NULL,NULL),(179,'a8e8c2f8-1aa9-4822-aec4-4b9f232b913a',NULL,'172.31.36.90','2014-10-30 10:50:08',NULL,NULL,NULL),(180,'af91db4c-3cd9-4065-b269-da031f851928',NULL,'172.31.36.90','2014-10-30 10:50:09',NULL,NULL,NULL),(181,'38d320d3-1b1d-4e62-9d02-fceffc6b3baa',NULL,'172.31.36.90','2014-10-30 10:50:09',NULL,NULL,NULL),(182,'deecb3f3-7805-4e54-9f55-e0490c867397',NULL,'172.31.36.90','2014-10-30 10:50:09',NULL,NULL,NULL),(183,'d0938dd1-09ac-49db-8ee0-da6277828d74',NULL,'172.31.36.90','2014-10-30 10:50:09',NULL,NULL,NULL),(184,'e1f45436-95ff-40c5-858b-5c9824036ef1',NULL,'172.31.36.90','2014-10-30 10:50:11',NULL,NULL,NULL),(185,'df14ca9f-df6e-4a91-bcce-5677e257f06b',NULL,'172.31.1.194','2014-10-30 10:50:12',NULL,NULL,NULL),(186,'3f19901b-eecb-42be-88cb-573b85b24030',NULL,'172.31.1.194','2014-10-30 10:50:13',NULL,NULL,NULL),(187,'a0237538-dcbf-49f3-9b6f-a5ebffd2cfa1',NULL,'172.31.1.194','2014-10-30 10:50:15',NULL,NULL,NULL),(188,'d455579f-a72a-45ce-a590-5389518b08ee',NULL,'172.31.36.90','2014-10-30 10:50:19',NULL,NULL,NULL),(189,'bf2b1f52-2199-40d4-8ffd-107486150978',NULL,'172.31.36.90','2014-10-30 10:50:51',NULL,NULL,NULL),(190,'1082628e-a702-42f1-83ab-0947aa08316e',NULL,'172.31.36.90','2014-10-30 10:51:05',NULL,NULL,NULL),(191,'594071e5-5d23-44b1-8b22-43ebc683f5fa',NULL,'172.31.36.90','2014-10-30 10:51:20',NULL,NULL,NULL),(192,'5f2fbd01-1d3e-4528-a2c1-13deff0bfe5f',NULL,'172.31.36.90','2014-10-30 10:51:28',NULL,NULL,NULL),(193,'6e399677-d0bd-434d-8a70-6ed17d15f591',NULL,'172.31.36.90','2014-10-30 10:51:39',NULL,NULL,NULL),(194,'d40a5200-f00d-4dd3-9c74-a7b5031a428c',NULL,'172.31.36.90','2014-10-30 10:51:57',NULL,NULL,NULL),(195,'18904ebc-241c-44f0-a18f-3ba8242dd2ea',NULL,'172.31.1.194','2014-10-30 10:52:00',NULL,NULL,NULL),(196,'9f4a20d9-aa03-4a4d-867f-b872850fd7b8',NULL,'172.31.36.90','2014-10-30 10:52:00',NULL,NULL,NULL),(197,'4cca1f0b-da4e-4185-8015-44e6ea8233c9',NULL,'172.31.36.90','2014-10-30 10:52:00',NULL,NULL,NULL),(198,'808433cd-7d7e-48cb-8720-732cbdb3c191',NULL,'172.31.1.194','2014-10-30 10:52:01',NULL,NULL,NULL),(199,'9771a912-e7a7-4dbe-8dd6-bc4250445c8d',NULL,'172.31.36.90','2014-10-30 10:52:01',NULL,NULL,NULL),(200,'cf959cba-0e6d-4db0-9539-cca574428197',NULL,'172.31.36.90','2014-10-30 10:52:13',NULL,NULL,NULL),(201,'1c80075f-1500-48d2-8d5e-b271b0ed717b',NULL,'172.31.36.90','2014-10-30 10:52:13',NULL,NULL,NULL),(202,'255d2d45-e865-4c0b-9ed7-587674bad24e',NULL,'172.31.36.90','2014-10-30 10:52:14',NULL,NULL,NULL),(203,'40cdc34e-b7f4-4605-b39c-8297e3dfdcd1',NULL,'172.31.1.194','2014-10-30 10:52:14',NULL,NULL,NULL),(204,'72927d62-019c-4859-ac18-4d8bf2a0a650',NULL,'172.31.1.194','2014-10-30 10:53:13',NULL,NULL,NULL),(205,'958d4d7b-d90b-4073-9d86-dea463a11859',NULL,'172.31.1.194','2014-10-30 10:53:20',NULL,NULL,NULL),(206,'29460e92-fda5-4cf4-bb13-91169b27dd90',NULL,'172.31.1.194','2014-10-30 10:53:49',NULL,NULL,NULL),(207,'0667ecbb-75fa-4b0b-9950-bd23303ec170',NULL,'172.31.36.90','2014-10-30 10:53:49',NULL,NULL,NULL),(208,'9828b759-676a-499a-a6cd-8f62fea68012',NULL,'172.31.1.194','2014-10-30 10:53:49',NULL,NULL,NULL),(209,'c627a52f-4546-4c89-be7d-ac8111bfb3e7',NULL,'172.31.36.90','2014-10-30 10:53:50',NULL,NULL,NULL),(210,'f1613d24-2d18-472e-af93-98706c91eea5',NULL,'172.31.1.194','2014-10-30 10:53:51',NULL,NULL,NULL),(211,'2f453f46-b102-4d12-9dd9-9e6f78cf5c50',NULL,'172.31.36.90','2014-10-30 10:53:51',NULL,NULL,NULL),(212,'575051fb-26dc-4ef3-bfe2-49457fcb6a57',NULL,'172.31.1.194','2014-10-30 10:53:51',NULL,NULL,NULL),(213,'98e03450-1f74-4eb0-86d4-e7d968658383',NULL,'172.31.1.194','2014-10-30 10:53:51',NULL,NULL,NULL),(214,'fec78829-abc5-42b2-8231-e909e7c5e890',NULL,'172.31.1.194','2014-10-30 10:54:46',NULL,NULL,NULL),(215,'01536e27-e5cc-4be8-9621-727eba916db2',NULL,'172.31.36.90','2014-10-30 10:54:46',NULL,NULL,NULL),(216,'4ad6516e-7b77-4914-9cc5-fb05961630d4',NULL,'172.31.1.194','2014-10-30 10:54:46',NULL,NULL,NULL),(217,'dec1e4c3-e2c5-45a7-8be6-a77c02774279',NULL,'172.31.36.90','2014-10-30 10:54:47',NULL,NULL,NULL),(218,'1695f932-9fdd-44ca-826e-1b8713c6c5d0',NULL,'172.31.1.194','2014-10-30 10:54:47',NULL,NULL,NULL),(219,'0458a79f-a04f-43e6-b43c-001c9f67be39',NULL,'172.31.1.194','2014-10-30 10:54:47',NULL,NULL,NULL),(220,'81c34601-0602-4fc9-963a-ff72783d7212',NULL,'172.31.36.90','2014-10-30 10:54:48',NULL,NULL,NULL),(221,'4e6e4383-f766-46db-bab4-942abe7e078d',NULL,'172.31.1.194','2014-10-30 10:54:48',NULL,NULL,NULL),(222,'c48ce665-b30c-4a18-96df-994a6f604171',NULL,'172.31.1.194','2014-10-30 10:54:49',NULL,NULL,NULL),(223,'8f6ee67e-c31b-476b-a948-97c060faf676',NULL,'172.31.36.90','2014-10-30 10:54:54',NULL,NULL,NULL),(224,'8bc7028d-b212-41a2-8a26-b658f50f9034',NULL,'172.31.1.194','2014-10-30 10:54:54',NULL,NULL,NULL),(225,'cedbf07f-1e2c-4ff6-95bf-69c1f7d11790',NULL,'172.31.1.194','2014-10-30 10:55:15',NULL,NULL,NULL),(226,'6b50faa2-dedd-47d8-b5df-99f1fb1a4fbf',NULL,'172.31.1.194','2014-10-30 10:55:25',NULL,NULL,NULL),(227,'fd66c5b2-0419-4495-8bd1-56489af6d490',NULL,'172.31.36.90','2014-10-30 10:55:45',NULL,NULL,NULL),(228,'9b2f3744-6615-423d-a4c9-3b16c631eef0',NULL,'172.31.1.194','2014-10-30 10:55:46',NULL,NULL,NULL),(229,'acd7c5bb-7feb-4bd7-83b4-e696f3715210',NULL,'172.31.1.194','2014-10-30 10:56:06',NULL,NULL,NULL),(230,'1b824f9e-8cc6-450a-9ac5-599154a512c7',NULL,'172.31.36.90','2014-10-30 10:56:10',NULL,NULL,NULL),(231,'95d2e9e6-91fa-483f-9bd5-26690a2f0ed3',NULL,'172.31.36.90','2014-10-30 10:56:21',NULL,NULL,NULL),(232,'9e2ef29b-d5a1-4f9a-8e4a-09adc11a7755',NULL,'172.31.36.90','2014-10-30 10:56:25',NULL,NULL,NULL),(233,'081ed42b-935f-4311-8f7a-223fe05789ae',NULL,'172.31.36.90','2014-10-30 10:56:59',NULL,NULL,NULL),(234,'71aa2159-4ef6-4dc9-9af9-29b568c03624',NULL,'172.31.36.90','2014-10-30 10:56:59',NULL,NULL,NULL),(235,'055add69-2786-49d9-bdaf-bc970acba2bd',NULL,'172.31.1.194','2014-10-30 10:57:00',NULL,NULL,NULL),(236,'f26bfc3e-5c09-44b2-84dc-330fb1ffc8f1',NULL,'172.31.36.90','2014-10-30 10:57:00',NULL,NULL,NULL),(237,'ac7a1d29-8859-469e-88dd-f6b7539d5974',NULL,'172.31.36.90','2014-10-30 10:57:00',NULL,NULL,NULL),(238,'4f715ce9-4ee3-4356-b999-227f0105d51f',NULL,'172.31.1.194','2014-10-30 10:57:01',NULL,NULL,NULL),(239,'df63d2b6-84c7-4f4b-aaa8-9bd0405fa308',NULL,'172.31.1.194','2014-10-30 10:57:02',NULL,NULL,NULL),(240,'a656d561-2ea3-4ce9-a930-51a98940c0e1',NULL,'172.31.1.194','2014-10-30 10:57:05',NULL,NULL,NULL),(241,'c8827317-5555-41d6-a2f6-69418aa1fc9c',NULL,'172.31.1.194','2014-10-30 10:57:32',NULL,NULL,NULL),(242,'28f75946-c88e-48dc-bf89-86a32c56e81c',NULL,'172.31.36.90','2014-10-30 10:57:54',NULL,NULL,NULL),(243,'6a667c77-bba4-4dbd-abaa-07ccf7581e56',NULL,'172.31.36.90','2014-10-30 10:58:09',NULL,NULL,NULL),(244,'e0bb8cec-c3c7-4886-975e-1c6fa9c6323b',NULL,'172.31.1.194','2014-10-30 10:59:27',NULL,NULL,NULL),(245,'6c64958a-e434-4954-ae30-79ef9af8a063',NULL,'172.31.36.90','2014-10-30 10:59:48',NULL,NULL,NULL),(246,'d261fcb3-010d-43d9-9765-a8aadda0b088',NULL,'172.31.36.90','2014-10-30 11:00:14',NULL,NULL,NULL),(247,'a2d23c84-6d89-401a-ac47-55443c051152',NULL,'172.31.1.194','2014-10-30 11:04:12',NULL,NULL,NULL),(248,'aa0756bb-884d-4db3-b1a0-d7a7d320cc22',NULL,'172.31.1.194','2014-10-30 11:04:24',NULL,NULL,NULL),(249,'2001e12b-e941-4648-a12e-e816c1bb29f8',NULL,'172.31.1.194','2014-10-30 11:05:42',NULL,NULL,NULL),(250,'a3422f4b-95d1-4b1f-86e0-81559307bf43',NULL,'172.31.1.194','2014-10-30 11:06:02',NULL,NULL,NULL),(251,'8e5f1b70-7278-44af-a108-864a5b7eef0e',NULL,'172.31.1.194','2014-10-30 11:06:03',NULL,NULL,NULL),(252,'85a9c095-f1b1-4711-a6c2-2bd500a60fa3',NULL,'172.31.36.90','2014-10-30 11:06:03',NULL,NULL,NULL),(253,'e3317e8f-2130-4799-8098-617def6c4afb',NULL,'172.31.36.90','2014-10-30 11:06:04',NULL,NULL,NULL),(254,'4618782d-3141-434c-94ae-bb70cff1b226',NULL,'172.31.36.90','2014-10-30 11:06:04',NULL,NULL,NULL),(255,'36a6fe62-7ff8-4e9e-a2d0-6f8c2b9bab4d',NULL,'172.31.36.90','2014-10-30 11:06:04',NULL,NULL,NULL),(256,'cbcdad4c-77c0-4b04-be72-25ae1537a112',NULL,'172.31.36.90','2014-10-30 11:06:05',NULL,NULL,NULL),(257,'a1b830dc-3c0a-4402-9ec1-f85acd2f47e6',NULL,'172.31.36.90','2014-10-30 11:06:05',NULL,NULL,NULL),(258,'b9d0b05a-d3e5-4ed6-a020-bd73a2d446a1',NULL,'172.31.36.90','2014-10-30 11:06:05',NULL,NULL,NULL),(259,'264dc640-384b-4eec-be26-4ebc4a6a2e81',NULL,'172.31.36.90','2014-10-30 11:06:17',NULL,NULL,NULL),(260,'d4098dba-f72b-4642-98f2-e1979f1fbc40',NULL,'172.31.36.90','2014-10-30 11:06:45',NULL,NULL,NULL),(261,'efadb4a2-79ba-4a72-8fe4-a72be9a7f803',NULL,'172.31.1.194','2014-10-30 11:06:59',NULL,NULL,NULL),(262,'f824eab2-3971-49bf-be44-2d020d01c14a',NULL,'172.31.1.194','2014-10-30 11:07:19',NULL,NULL,NULL),(263,'9220834a-16b4-43ab-8c63-f40f214b785e',NULL,'172.31.36.90','2014-10-30 11:07:43',NULL,NULL,NULL),(264,'fe9dccb8-f046-4214-9777-a9680a4f34ef',NULL,'172.31.36.90','2014-10-30 11:08:00',NULL,NULL,NULL),(265,'0d030505-e6a6-4a60-91f7-aacdbdfd1efd',NULL,'172.31.36.90','2014-10-30 11:08:13',NULL,NULL,NULL),(266,'2452c83e-33fa-4c38-b155-2146a246f250',NULL,'172.31.1.194','2014-10-30 11:08:15',NULL,NULL,NULL),(267,'c8d91bfc-f3e5-4953-8b10-a8375057d188',NULL,'172.31.36.90','2014-10-30 11:08:15',NULL,NULL,NULL),(268,'f74699dc-838e-4df7-bce3-114c613930bd',NULL,'172.31.36.90','2014-10-30 11:08:15',NULL,NULL,NULL),(269,'1302429c-615b-4ae4-9f23-fb0a1207679a',NULL,'172.31.1.194','2014-10-30 11:08:16',NULL,NULL,NULL),(270,'604a69e3-cc36-471c-9127-f93bad7a055a',NULL,'172.31.36.90','2014-10-30 11:08:17',NULL,NULL,NULL),(271,'63cc7e42-a8eb-4b14-9d67-ea0a27555b0f',NULL,'172.31.36.90','2014-10-30 11:08:17',NULL,NULL,NULL),(272,'c545e233-192a-4a34-9a7b-a4bb432c4556',NULL,'172.31.36.90','2014-10-30 11:08:17',NULL,NULL,NULL),(273,'7ee867b1-e70b-4aac-8d25-668017c04e45',NULL,'172.31.36.90','2014-10-30 11:08:17',NULL,NULL,NULL),(274,'d7b25c64-9581-4527-80cf-9950a6a9d167',NULL,'172.31.36.90','2014-10-30 11:08:24',NULL,NULL,NULL),(275,'bf71eddd-32d9-4945-8c00-3fd25bb98578',NULL,'172.31.1.194','2014-10-30 11:08:24',NULL,NULL,NULL),(276,'721751fc-a34e-4c99-a15a-baf7a9ac3e70',NULL,'172.31.36.90','2014-10-30 11:08:36',NULL,NULL,NULL),(277,'514c2463-732a-4290-a7fe-0f2dec6c8589',NULL,'172.31.1.194','2014-10-30 11:09:16',NULL,NULL,NULL),(278,'6badfb5e-26f2-4712-a6cb-18e2fea191fd',NULL,'172.31.1.194','2014-10-30 11:09:26',NULL,NULL,NULL),(279,'328be8a3-33c9-495a-b300-761b2d6215d4',NULL,'172.31.1.194','2014-10-30 11:09:53',NULL,NULL,NULL),(280,'a57c6d26-2c3f-4c33-81da-fd25e4952904',NULL,'172.31.1.194','2014-10-30 11:09:53',NULL,NULL,NULL),(281,'67651ccb-8674-4e3e-9551-546041c469cd',NULL,'172.31.36.90','2014-10-30 11:09:54',NULL,NULL,NULL),(282,'cd094b14-ca40-4a9a-a0f3-4f140f03b201',NULL,'172.31.36.90','2014-10-30 11:09:54',NULL,NULL,NULL),(283,'3cdd2e74-ddec-419c-9b95-23092b63a96c',NULL,'172.31.1.194','2014-10-30 11:11:22',NULL,NULL,NULL),(284,'ea3cf411-9bc9-4974-a535-5e333d1f24e3',NULL,'172.31.36.90','2014-10-30 11:21:17',NULL,NULL,NULL),(285,'84664fc3-3dd4-4f86-bbbf-14002f1c9ad2',NULL,'172.31.1.194','2014-10-30 11:23:56',NULL,NULL,NULL),(286,'9a146fd1-4521-4bc9-811f-285f9e2bff21',NULL,'172.31.36.90','2014-10-30 11:25:47',NULL,NULL,NULL),(287,'c9706e2a-8a6a-40a9-b54a-6f6adf1635e6',NULL,'172.31.36.90','2014-10-30 11:28:03',NULL,NULL,NULL),(288,'2e1a349a-f176-41f7-8ea3-a72d362de2e7',NULL,'172.31.36.90','2014-10-30 11:33:10',NULL,NULL,NULL),(289,'ba7efad7-5639-4b0b-974b-e0e232c82a6d',NULL,'172.31.36.90','2014-10-30 11:45:59',NULL,NULL,NULL),(290,'95ea645c-3907-40c2-9c66-1aa62dfefd71',NULL,'172.31.36.90','2014-10-30 11:48:25',NULL,NULL,NULL),(291,'12640935-c06b-4e2d-9606-59862d292889',NULL,'172.31.1.194','2014-10-30 12:03:50',NULL,NULL,NULL),(292,'1d158178-5a0f-4c7a-acd6-0130f23eb678',NULL,'172.31.1.194','2014-10-30 12:08:10',NULL,NULL,NULL),(293,'9b8f9686-5c31-4a0b-a728-4b6f869af21f',NULL,'172.31.1.194','2014-10-30 12:14:29',NULL,NULL,NULL),(294,'36efea0a-ddad-4dda-933b-a6045bddc420',NULL,'172.31.36.90','2014-10-30 12:19:23',NULL,NULL,NULL),(295,'0ddb3307-2020-4e75-9f31-993caf55d967',NULL,'172.31.1.194','2014-10-30 12:20:59',NULL,NULL,NULL),(296,'3d6f88a0-dae1-455d-bac5-2a903d972ba7',NULL,'172.31.36.90','2014-10-30 12:25:45',NULL,NULL,NULL),(297,'6a36abda-eba1-4002-9a78-ad84312f0aec',NULL,'172.31.36.90','2014-10-30 12:29:37',NULL,NULL,NULL),(298,'ade46449-9abb-4a22-8ffa-ffd8dff880d2',NULL,'172.31.36.90','2014-10-30 12:30:01',NULL,NULL,NULL),(299,'b4846730-09db-40fc-98b0-a9a564a3db53',NULL,'172.31.1.194','2014-10-30 14:11:12',NULL,NULL,NULL),(300,'10f66150-d465-44c5-9606-1bd28f792437',NULL,'172.31.36.90','2014-10-30 15:36:40',NULL,NULL,NULL),(301,'02167551-2051-4b20-b23b-a750436c4e83',NULL,'172.31.36.90','2014-10-30 19:47:20',NULL,NULL,NULL),(302,'ed08dfef-cfa4-4f45-9c16-dd855030db39',NULL,'172.31.36.90','2014-10-31 04:34:15',NULL,NULL,NULL),(303,'0aa57b73-d9f1-408c-b7c9-e87e312606d6',NULL,'172.31.36.90','2014-10-31 04:46:57',NULL,NULL,NULL),(304,'472f044f-5ae7-4361-84a9-a9fbe779838f',NULL,'172.31.36.90','2014-10-31 08:45:31',NULL,NULL,NULL),(305,'bdab81e8-ab6c-4462-b18f-9637e7ed54cf',NULL,'172.31.1.194','2014-10-31 16:19:51',NULL,NULL,NULL),(306,'39e0e238-cd4d-42d6-8220-3fdce8144d98',NULL,'172.31.36.90','2014-10-31 16:41:48',NULL,NULL,NULL),(307,'9d7acc74-41b4-4201-aca5-9050f28fc46e',NULL,'172.31.36.90','2014-11-02 07:56:07',NULL,NULL,NULL),(308,'64f48d95-4087-48b0-b54d-bd3737d09f49',NULL,'172.31.36.90','2014-11-02 07:56:15',NULL,NULL,NULL),(309,'3f42b11c-413c-41cf-8a61-f4496525f0c5',NULL,'172.31.36.90','2014-11-02 07:56:21',NULL,NULL,NULL),(310,'3b126263-e723-47b5-b0f1-ed2164fba165',NULL,'172.31.1.194','2014-11-03 10:41:55',NULL,NULL,NULL),(312,'e8d8b0cf-ca82-43b9-9e17-bdf6e9fe7ce3',NULL,'172.31.1.194','2014-11-03 10:53:49',NULL,NULL,NULL),(313,'5d331b03-4902-4cb0-8159-b327e2047e66',NULL,'172.31.1.194','2014-11-03 10:59:43',NULL,NULL,NULL),(314,'0c490d05-97fd-4b1f-bdec-e32c54ca6a1b',NULL,'172.31.1.194','2014-11-03 11:07:05',NULL,NULL,NULL),(315,'389cd52d-9f60-4e78-8095-30f13d2fd2d5',NULL,'172.31.36.90','2014-11-03 11:12:10',NULL,NULL,NULL),(317,'22665e10-f305-416e-a45b-5d3da85c31e2',NULL,'172.31.1.194','2014-11-03 23:12:49',NULL,NULL,NULL),(318,'bc391983-f9fa-431f-8764-fb7a1d3a0eac',NULL,'172.31.1.194','2014-11-03 23:16:53',NULL,NULL,NULL),(319,'6ccc7c02-3559-4823-b28e-11c003615c0b',NULL,'172.31.1.194','2014-11-04 00:19:34',NULL,NULL,NULL),(320,'cc74e2a8-83fe-45e1-b55a-0aa43b5c5826',NULL,'172.31.36.90','2014-11-04 00:20:47',NULL,NULL,NULL),(321,'80b119ea-b1a0-45b6-860f-3e184d8b84cc',NULL,'172.31.1.194','2014-11-04 00:20:47',NULL,NULL,NULL),(322,'a1c25a21-2e22-4721-bdf5-2731066f9554',NULL,'172.31.36.90','2014-11-04 00:20:48',NULL,NULL,NULL),(323,'df35d36b-89a3-4dcb-9deb-6a6ad59832b3',NULL,'172.31.36.90','2014-11-04 00:20:48',NULL,NULL,NULL),(324,'f2a728d9-75c5-4906-922f-c1313d89f0ed',NULL,'172.31.36.90','2014-11-04 00:20:48',NULL,NULL,NULL),(325,'e6b87832-fea2-48ca-b472-db3b2c710f0f',NULL,'172.31.36.90','2014-11-04 00:20:48',NULL,NULL,NULL),(326,'091f542d-ea3d-48ff-a16f-a22c3ec79a61',NULL,'172.31.1.194','2014-11-04 00:20:49',NULL,NULL,NULL),(327,'614041f9-7e64-434e-ad9a-cce8f84b62df',NULL,'172.31.1.194','2014-11-04 00:20:49',NULL,NULL,NULL),(328,'3d4bc312-ed86-4ad6-8513-2444620ebfe0',NULL,'172.31.36.90','2014-11-04 00:20:49',NULL,NULL,NULL),(329,'9ddb7441-aa19-4747-b621-385dbc1e289d',NULL,'172.31.1.194','2014-11-04 00:20:50',NULL,NULL,NULL),(330,'151743a0-0e19-4fe6-8d10-1f7df42b4e12',NULL,'172.31.36.90','2014-11-04 00:20:53',NULL,NULL,NULL),(331,'e2b2c249-7b81-44f3-80ef-f5224f04c81d',NULL,'172.31.36.90','2014-11-04 00:21:13',NULL,NULL,NULL),(332,'d9581235-1e73-4134-9aca-7b3d12d6f481',NULL,'172.31.36.90','2014-11-04 00:21:25',NULL,NULL,NULL),(333,'18dcd97f-3fd6-474c-ab5b-e31d4080e139',NULL,'172.31.1.194','2014-11-04 00:21:39',NULL,NULL,NULL),(334,'9b192c17-b8c4-4ff1-adec-ec80444d1e10',NULL,'172.31.1.194','2014-11-04 00:23:41',NULL,NULL,NULL),(335,'d022277e-d06d-4cd1-9c35-764ccd18c918',NULL,'172.31.1.194','2014-11-04 00:23:41',NULL,NULL,NULL),(336,'b5ab34c9-a58f-4a91-b889-f81802620c88',NULL,'172.31.36.90','2014-11-04 00:32:40',NULL,NULL,NULL),(337,'a04ed6ba-c57c-43eb-b51b-8f30e788c4f4',NULL,'172.31.1.194','2014-11-04 00:33:49',NULL,NULL,NULL),(338,'e86ae294-a45c-49f0-b872-9a5b14197b8c',NULL,'172.31.36.90','2014-11-04 03:11:59',NULL,NULL,NULL),(339,'9889b9f4-2f9d-4ac2-8e73-658294a9be24',NULL,'172.31.1.194','2014-11-04 03:52:57',NULL,NULL,NULL),(340,'826c5ad5-cdd4-424b-9927-8b65995b8038',NULL,'172.31.36.90','2014-11-04 04:23:54',NULL,NULL,NULL),(341,'1b67616b-2db6-4a35-9dbb-fae4cb6573dd',NULL,'172.31.36.90','2014-11-04 04:24:50',NULL,NULL,NULL),(342,'2960fda4-3267-4b16-8dd5-da89a4c8ed26',NULL,'172.31.1.194','2014-11-04 04:25:30',NULL,NULL,NULL),(343,'7a8e0b93-2a39-4862-9b9f-7a1205f8a0be',NULL,'172.31.36.90','2014-11-04 04:30:24',NULL,NULL,NULL),(344,'65814671-2617-4553-be5d-641820fdb25e',NULL,'172.31.1.194','2014-11-04 04:41:01',NULL,NULL,NULL),(345,'c1f1122c-3d5f-439f-b84a-08c3fd3ccd82',NULL,'172.31.1.194','2014-11-04 04:41:15',NULL,NULL,NULL),(346,'53257128-ebfa-412d-bcfc-00337a198de6',NULL,'172.31.1.194','2014-11-04 04:53:16',NULL,NULL,NULL),(347,'95479cba-32cf-4c61-86a9-42ea9ce9bf40',NULL,'172.31.1.194','2014-11-04 09:08:45',NULL,NULL,NULL),(348,'ca712f65-b2f1-4ebb-a0c3-d8540a214d8a',NULL,'172.31.1.194','2014-11-04 21:24:32',NULL,NULL,NULL),(349,'da063a93-7718-4103-8c81-d8b20dcc6ba1',NULL,'172.31.1.194','2014-11-04 22:43:35',NULL,NULL,NULL),(350,'66bcd469-2c8d-44d6-95c3-f4508562a948',NULL,'172.31.1.194','2014-11-04 22:45:24',NULL,NULL,NULL),(351,'13ef8daf-da41-4d35-bd7f-747270d2ee0a',NULL,'172.31.36.90','2014-11-04 22:45:24',NULL,NULL,NULL),(352,'7fd7f3df-be6f-41a7-89d5-1894f2581dc1',NULL,'172.31.36.90','2014-11-04 22:45:25',NULL,NULL,NULL),(353,'6e2bfe69-e29b-4e38-82f1-feb30ddebf2d',NULL,'172.31.36.90','2014-11-04 22:45:26',NULL,NULL,NULL),(354,'b23d5880-02ea-4476-96f5-a7cc176203e6',NULL,'172.31.36.90','2014-11-04 22:45:26',NULL,NULL,NULL),(355,'abd3dc39-3d25-4839-b71b-6382e1cb2e74',NULL,'172.31.36.90','2014-11-04 22:45:26',NULL,NULL,NULL),(356,'7c35ed72-7e8f-4112-8dba-76a11a8883aa',NULL,'172.31.36.90','2014-11-04 22:45:26',NULL,NULL,NULL),(357,'3550b086-c4fa-4a50-89ca-4d009aecc0c8',NULL,'172.31.36.90','2014-11-04 22:45:32',NULL,NULL,NULL),(358,'d3e17187-0006-48cf-afb8-6b04510fbad8',NULL,'172.31.36.90','2014-11-04 22:45:41',NULL,NULL,NULL),(359,'99c92341-78b4-44e5-bf8e-5b6afab03d04',NULL,'172.31.36.90','2014-11-04 22:46:25',NULL,NULL,NULL),(360,'cf4a0bd8-63cf-48d4-982e-f929097387f1',NULL,'172.31.36.90','2014-11-04 22:53:55',NULL,NULL,NULL),(361,'cba2a74d-892f-4d96-9226-4e5032f6806f',NULL,'172.31.1.194','2014-11-04 22:53:56',NULL,NULL,NULL),(362,'0b9dcdd7-26e4-403f-bf11-f47d499c8279',NULL,'172.31.1.194','2014-11-04 22:53:56',NULL,NULL,NULL),(363,'0589546e-9e9f-4b8d-a3e5-220558df0f5f',NULL,'172.31.1.194','2014-11-04 22:53:56',NULL,NULL,NULL),(364,'072944f8-e753-481c-bbb0-8361f1d8cf35',NULL,'172.31.1.194','2014-11-04 22:53:57',NULL,NULL,NULL),(365,'66bb9760-47d0-41a8-b066-7da6ee2fd13d',NULL,'172.31.1.194','2014-11-04 22:53:57',NULL,NULL,NULL),(366,'c98560bb-7884-4465-b133-6a1130dfd153',NULL,'172.31.36.90','2014-11-04 22:53:57',NULL,NULL,NULL),(367,'a80dfa4b-bfff-424d-b9a6-ac7e609d277c',NULL,'172.31.1.194','2014-11-04 22:54:06',NULL,NULL,NULL),(368,'59177c32-bdfc-4704-98d7-4d75d7e6b256',NULL,'172.31.36.90','2014-11-04 22:54:08',NULL,NULL,NULL),(369,'c8451dd3-5132-4e15-a9ec-61efc0fd8759',NULL,'172.31.36.90','2014-11-04 22:54:51',NULL,NULL,NULL),(370,'fd9772fb-9d71-49b5-ad7c-0737785f3eee',NULL,'172.31.36.90','2014-11-04 23:12:46',NULL,NULL,NULL),(371,'47d4e349-b850-4d96-b7c9-efe7a1665a9f',NULL,'172.31.36.90','2014-11-05 01:57:13',NULL,NULL,NULL),(372,'89b4aabb-8ae8-4a42-8ea6-361689b0a4a1',NULL,'172.31.1.194','2014-11-05 03:00:47',NULL,NULL,NULL),(373,'be60c3f1-8417-4477-be28-7c4f037249ba',NULL,'172.31.1.194','2014-11-05 03:05:44',NULL,NULL,NULL),(374,'866d95ed-f420-4e69-9858-5d54bdfa3b70',NULL,'172.31.1.194','2014-11-05 03:05:45',NULL,NULL,NULL),(375,'d26a30f9-c14b-4e06-9b9e-6158127af1b5',NULL,'172.31.36.90','2014-11-05 08:21:28',NULL,NULL,NULL),(376,'7fc79f98-2b81-4926-be7e-2f20ec1b8452',NULL,'172.31.36.90','2014-11-05 08:21:41',NULL,NULL,NULL),(377,'e80725fe-c3d7-427e-b08a-c12caf097331',NULL,'172.31.36.90','2014-11-05 08:21:43',NULL,NULL,NULL),(378,'5ec42041-20b2-46c9-99dc-1cc65172a8ac',NULL,'172.31.36.90','2014-11-05 08:21:53',NULL,NULL,NULL),(379,'fd65cc99-f778-4118-b7b1-f095b3d1c2c9',NULL,'172.31.36.90','2014-11-05 08:22:03',NULL,NULL,NULL),(380,'1dc800b6-4624-4dd7-a097-b754d3f313b2',NULL,'172.31.36.90','2014-11-05 08:22:38',NULL,NULL,NULL),(381,'d2b7f74a-3ccd-4a9e-a6c4-d8360b1fd71b',NULL,'172.31.36.90','2014-11-05 08:22:41',NULL,NULL,NULL),(382,'bcd95537-d6fa-44fd-99bd-ab9666638d6b',NULL,'172.31.36.90','2014-11-05 08:22:51',NULL,NULL,NULL),(383,'696e5b2f-8766-43fa-adc8-54ea4898ac5b',NULL,'172.31.36.90','2014-11-05 08:22:54',NULL,NULL,NULL),(384,'74865a50-f86d-44fb-8e04-78149adc4649',NULL,'172.31.36.90','2014-11-05 13:12:00',NULL,NULL,NULL),(385,'b56bcb58-7ac9-458e-a0fb-977e0805c1b7',NULL,'172.31.1.194','2014-11-05 19:10:54',NULL,NULL,NULL),(386,'df1471ab-a406-436a-8c5b-cabe291f54f6',NULL,'172.31.1.194','2014-11-05 19:20:16',NULL,NULL,NULL),(387,'e8d9dbe8-4830-4ec2-a11e-d85e68cffa9f',NULL,'172.31.1.194','2014-11-06 06:56:07',NULL,NULL,NULL),(388,'891771b4-fdd9-4c07-a0c6-4e8bf6c7757b',NULL,'172.31.1.194','2014-11-06 06:56:07',NULL,NULL,NULL),(389,'7e834e21-b8d3-4b2b-aa7c-c236b08d70a7',NULL,'172.31.36.90','2014-11-06 08:04:35',NULL,NULL,NULL),(390,'42f8dd2e-844f-4915-b331-6739030423bc',NULL,'172.31.1.194','2014-11-06 10:55:20',NULL,NULL,NULL),(391,'52bd0c17-e36b-4b81-9a66-3cd672823794',NULL,'172.31.1.194','2014-11-06 10:55:23',NULL,NULL,NULL),(392,'50fa8d1c-5245-48ab-87e1-31214340afc6',NULL,'172.31.1.194','2014-11-06 10:56:05',NULL,NULL,NULL),(393,'2287e73a-bf31-48d9-bda6-37954724c3f3',NULL,'172.31.1.194','2014-11-06 11:09:58',NULL,NULL,NULL),(394,'c767d5df-3fcb-44eb-a6ec-9f2ba52decd1',NULL,'172.31.1.194','2014-11-06 11:10:04',NULL,NULL,NULL),(396,'a9098415-bc35-4373-8007-2a87175c24b3',NULL,'172.31.36.90','2014-11-06 11:34:53',NULL,NULL,NULL),(397,'4ea5b002-7db2-47d9-b728-51919299a462',NULL,'172.31.36.90','2014-11-06 11:34:57',NULL,NULL,NULL),(399,'a012edd5-87bd-465c-964d-6035e0bd17e4',NULL,'172.31.36.90','2014-11-06 11:36:13',NULL,NULL,NULL),(400,'eb53cc47-d57a-421c-8bca-071fe84a1d7e',NULL,'172.31.1.194','2014-11-06 11:36:37',NULL,NULL,NULL),(401,'dd056f5d-185b-4166-a7cc-422c6459a152',NULL,'172.31.1.194','2014-11-06 11:36:38',NULL,NULL,NULL),(402,'28a6ec75-60cd-4027-b3f7-7c98dba35300',NULL,'172.31.1.194','2014-11-06 11:36:38',NULL,NULL,NULL),(403,'2ea400f2-d3a6-459c-ad46-b575d5ea4587',NULL,'172.31.36.90','2014-11-06 11:36:39',NULL,NULL,NULL),(404,'c48c934c-34c4-4ee9-bdb0-7f30cea54cff',NULL,'172.31.36.90','2014-11-06 11:36:39',NULL,NULL,NULL),(405,'dffa5213-ce44-4182-84da-50af5945f012',NULL,'172.31.36.90','2014-11-06 11:36:39',NULL,NULL,NULL),(406,'4e765816-ba81-468b-900b-124b17ccbbe7',NULL,'172.31.1.194','2014-11-06 11:36:39',NULL,NULL,NULL),(407,'391410bc-a8be-49ee-bef3-1bc3cb363a29',NULL,'172.31.1.194','2014-11-06 11:36:39',NULL,NULL,NULL),(408,'f1dc6696-b072-4586-a13c-d8ee27b3ab34',NULL,'172.31.36.90','2014-11-06 11:36:41',NULL,NULL,NULL),(409,'a65bf544-bbe1-4e49-9612-e8bdaf0c4661',NULL,'172.31.1.194','2014-11-06 11:37:05',NULL,NULL,NULL),(410,'24933c57-8a28-45ad-9266-ef2d4d6dc044',NULL,'172.31.36.90','2014-11-06 11:37:05',NULL,NULL,NULL),(411,'638076d7-396b-4630-8c51-6bd7779aa2c9',NULL,'172.31.1.194','2014-11-06 11:37:05',NULL,NULL,NULL),(412,'2d7b883b-dd4e-4919-87e9-dd23c727ce6c',NULL,'172.31.36.90','2014-11-06 11:37:06',NULL,NULL,NULL),(413,'5837548c-de25-426f-a7bc-dd264f199740',NULL,'172.31.36.90','2014-11-06 11:37:06',NULL,NULL,NULL),(414,'0f8e8950-b6d1-4d78-8f51-f97efd43f0f3',NULL,'172.31.1.194','2014-11-06 11:37:07',NULL,NULL,NULL),(415,'2f076d16-6ec1-43f0-9530-b946977bce6a',NULL,'172.31.1.194','2014-11-06 11:37:07',NULL,NULL,NULL),(416,'221b5e9c-c106-443f-b363-03235803d8ef',NULL,'172.31.1.194','2014-11-06 11:37:13',NULL,NULL,NULL),(417,'8d09bc69-9ab4-4403-9355-17ffdae9852e',NULL,'172.31.36.90','2014-11-06 11:37:21',NULL,NULL,NULL),(418,'7a300d23-7929-4552-89c2-f596c2711638',NULL,'172.31.1.194','2014-11-06 11:37:22',NULL,NULL,NULL),(419,'cd0d412f-4c2a-4a15-8b87-657186d61470',NULL,'172.31.1.194','2014-11-06 11:37:30',NULL,NULL,NULL),(420,'28e3e83c-2bd5-4eba-aa77-cf718e18b6fc',NULL,'172.31.36.90','2014-11-06 11:37:44',NULL,NULL,NULL),(421,'4a6793dc-2688-4e0c-a0d1-8c1416710937',NULL,'172.31.36.90','2014-11-06 11:37:44',NULL,NULL,NULL),(422,'09b072d2-c90c-45fe-a7df-2eddb406e90d',NULL,'172.31.36.90','2014-11-06 11:37:53',NULL,NULL,NULL),(423,'7648255a-53f0-4bc5-8b20-6b83f759af6d',NULL,'172.31.1.194','2014-11-06 11:39:25',NULL,NULL,NULL),(424,'c853713f-0d59-411c-b392-70f4cbc924d4',NULL,'172.31.1.194','2014-11-06 11:41:52',NULL,NULL,NULL),(425,'57d65044-d83b-44fb-ad05-12e0de6c9eb7',NULL,'172.31.1.194','2014-11-06 11:42:12',NULL,NULL,NULL),(426,'660d9941-8182-4804-a7c4-3717eaa2ded8',NULL,'172.31.36.90','2014-11-06 11:44:11',NULL,NULL,NULL),(427,'937849b8-e553-418b-b9cf-fac5f549faba',NULL,'172.31.36.90','2014-11-06 11:44:11',NULL,NULL,NULL),(428,'c5bb4675-e7b5-4428-ab84-9c407f4a56b4',NULL,'172.31.1.194','2014-11-06 11:44:12',NULL,NULL,NULL),(429,'c522bded-d774-44a6-ad41-58ecde518008',NULL,'172.31.1.194','2014-11-06 11:44:12',NULL,NULL,NULL),(430,'8fd9753b-2818-45c4-8e89-eb9effd1e74d',NULL,'172.31.1.194','2014-11-06 11:44:13',NULL,NULL,NULL),(431,'2bcc1d44-56d7-4035-a0ed-808a570d995f',NULL,'172.31.1.194','2014-11-06 11:44:13',NULL,NULL,NULL),(432,'583659c0-a0c7-4e65-b433-69262441cb0a',NULL,'172.31.36.90','2014-11-06 11:44:13',NULL,NULL,NULL),(433,'6d531242-31ac-4e93-9f2d-cc7bb2b3b6d6',NULL,'172.31.36.90','2014-11-06 11:44:13',NULL,NULL,NULL),(434,'ec8118db-261e-4e24-b668-9b9311597776',NULL,'172.31.36.90','2014-11-06 11:44:13',NULL,NULL,NULL),(435,'ec1b3650-9ed0-4f18-83e8-f27bc9a62f59',NULL,'172.31.36.90','2014-11-06 11:44:15',NULL,NULL,NULL),(436,'d7314975-2fa0-41ed-a36b-430977a80c58',NULL,'172.31.1.194','2014-11-06 11:44:18',NULL,NULL,NULL),(437,'b365f246-d35e-43ce-9d7e-cbcc86d41b5e',NULL,'172.31.1.194','2014-11-06 11:44:38',NULL,NULL,NULL),(438,'c20e9285-e5d3-4e2c-be88-d12335b31522',NULL,'172.31.1.194','2014-11-06 11:44:40',NULL,NULL,NULL),(439,'866f80bf-428f-4316-8734-92a0efee04dd',NULL,'172.31.1.194','2014-11-06 11:44:43',NULL,NULL,NULL),(440,'0313e057-2f33-4e20-8688-d15ef4539b04',NULL,'172.31.1.194','2014-11-06 11:44:44',NULL,NULL,NULL),(441,'287b79e7-9082-4aa3-a9fc-40b1a7bc6616',NULL,'172.31.36.90','2014-11-06 11:44:45',NULL,NULL,NULL),(442,'ea10aea5-c7f1-4b67-8fa0-04a3258c20bd',NULL,'172.31.36.90','2014-11-06 11:48:13',NULL,NULL,NULL),(443,'b63eda2b-85c2-478d-9ee7-9cf2df81d6ce',NULL,'172.31.36.90','2014-11-06 11:48:13',NULL,NULL,NULL),(444,'ae793e31-3b58-4761-b3ef-bbf539da1422',NULL,'172.31.1.194','2014-11-06 11:48:14',NULL,NULL,NULL),(445,'53975372-0fc1-4711-8a18-5e19c3e56038',NULL,'172.31.1.194','2014-11-06 11:48:14',NULL,NULL,NULL),(446,'9a8f23bd-e645-420d-a9d6-df73e2445d4e',NULL,'172.31.1.194','2014-11-06 11:48:14',NULL,NULL,NULL),(447,'be038efe-5417-41cd-9f9c-c46a83c5ba5c',NULL,'172.31.36.90','2014-11-06 11:48:14',NULL,NULL,NULL),(448,'0009df94-f59c-4d2d-9b19-19d5b3c7505c',NULL,'172.31.36.90','2014-11-06 11:48:15',NULL,NULL,NULL),(449,'8e945637-21e8-420f-a984-f49b51f1ae05',NULL,'172.31.1.194','2014-11-06 11:48:19',NULL,NULL,NULL),(450,'fad9b727-bebf-438e-a8f1-ce2c34866144',NULL,'172.31.1.194','2014-11-06 11:48:43',NULL,NULL,NULL),(451,'71b839ce-27ba-4b3f-8af8-524b13894ff5',NULL,'172.31.36.90','2014-11-06 11:48:45',NULL,NULL,NULL),(452,'262538aa-b22e-4a7a-a2dc-bf2943f93cc5',NULL,'172.31.36.90','2014-11-06 11:48:45',NULL,NULL,NULL),(453,'2998b1dc-2f9f-40bd-bd53-4f95abf8e6ed',NULL,'172.31.1.194','2014-11-06 11:48:45',NULL,NULL,NULL),(454,'b34edc9e-e7b9-4cd5-8758-1eb2e02837e4',NULL,'172.31.1.194','2014-11-06 11:48:46',NULL,NULL,NULL),(455,'31c7a2fa-a245-4870-bc6d-7308ba60f674',NULL,'172.31.36.90','2014-11-06 11:48:46',NULL,NULL,NULL),(456,'0c0fa098-5cdd-4568-bb60-710e467d72e6',NULL,'172.31.1.194','2014-11-06 11:48:46',NULL,NULL,NULL),(457,'f5515897-b254-41df-9426-f62ea5fa15eb',NULL,'172.31.36.90','2014-11-06 11:48:47',NULL,NULL,NULL),(458,'1f326148-b729-4aa2-b9e0-76e6c4afd4af',NULL,'172.31.36.90','2014-11-06 11:48:47',NULL,NULL,NULL),(459,'24e92e81-5150-43a2-a749-036a5fd8734a',NULL,'172.31.1.194','2014-11-06 11:48:49',NULL,NULL,NULL),(460,'be042868-6e21-43a8-ac2a-f87ddfef8263',NULL,'172.31.1.194','2014-11-06 11:48:59',NULL,NULL,NULL),(461,'670b20c0-a303-4c4a-8db0-f59d64d13452',NULL,'172.31.36.90','2014-11-06 11:49:43',NULL,NULL,NULL),(462,'8d0b6bfd-a484-4841-80db-ef951d1477da',NULL,'172.31.36.90','2014-11-06 11:49:43',NULL,NULL,NULL),(463,'9bbcceeb-8845-4b51-b015-54c6050c90f0',NULL,'172.31.36.90','2014-11-06 11:49:43',NULL,NULL,NULL),(464,'4e2a06d8-66c0-4a31-a50d-50671d2e4ef4',NULL,'172.31.36.90','2014-11-06 11:49:45',NULL,NULL,NULL),(465,'acfc64b3-cd18-4771-8203-964cc0853a82',NULL,'172.31.36.90','2014-11-06 11:50:32',NULL,NULL,NULL),(466,'2e86e501-4922-4bfc-8bee-89d7a288db5d',NULL,'172.31.36.90','2014-11-06 11:50:37',NULL,NULL,NULL),(467,'a5645b47-1840-4c9e-8a5d-aacd5e097ba8',NULL,'172.31.36.90','2014-11-06 11:51:29',NULL,NULL,NULL),(468,'36bdbced-24cb-48c7-8d41-b5205eb401a9',NULL,'172.31.36.90','2014-11-06 11:51:35',NULL,NULL,NULL),(469,'1c4910e1-45d9-43f8-962c-72f320af9f36',NULL,'172.31.36.90','2014-11-06 12:00:31',NULL,NULL,NULL),(470,'e07d16ce-44d8-4413-a737-39263035a88c',NULL,'172.31.36.90','2014-11-06 12:03:57',NULL,NULL,NULL),(471,'b06bead6-2403-4fda-ab1d-1c3450807bc2',NULL,'172.31.1.194','2014-11-06 12:03:57',NULL,NULL,NULL),(472,'e3459a2b-45b7-4abc-9847-b95d9618ad28',NULL,'172.31.36.90','2014-11-06 12:03:58',NULL,NULL,NULL),(473,'81769753-edc6-4a5e-8fa5-47a47cace11d',NULL,'172.31.1.194','2014-11-06 12:03:58',NULL,NULL,NULL),(474,'175a1c7b-f439-4a9c-aa7e-949457403fe6',NULL,'172.31.36.90','2014-11-06 12:03:59',NULL,NULL,NULL),(475,'1c95a33c-681e-4e95-bc1b-4922b9bf71fb',NULL,'172.31.1.194','2014-11-06 12:03:59',NULL,NULL,NULL),(476,'05ead291-1226-4fbb-b37b-adb72a0dc7dd',NULL,'172.31.36.90','2014-11-06 12:03:59',NULL,NULL,NULL),(477,'fbcce706-f367-43b7-9550-d1b7be427508',NULL,'172.31.36.90','2014-11-06 12:04:11',NULL,NULL,NULL),(478,'2333902f-5729-478d-a7c8-eba1b2056c85',NULL,'172.31.36.90','2014-11-06 12:04:16',NULL,NULL,NULL),(479,'aa45ef48-773b-4dc6-a4d9-0dfec034fbea',NULL,'172.31.36.90','2014-11-06 12:04:20',NULL,NULL,NULL),(480,'c9176d24-d66e-4c45-bb28-34c9d3c31050',NULL,'172.31.1.194','2014-11-06 12:04:30',NULL,NULL,NULL),(481,'c8f89fdb-5576-4447-9771-0a891f829f80',NULL,'172.31.1.194','2014-11-06 12:04:31',NULL,NULL,NULL),(483,'d0eeef04-e16c-4a0f-a1b9-512c536ce2b7',NULL,'172.31.36.90','2014-11-06 12:06:42',NULL,NULL,NULL),(484,'db054dcc-aada-4744-a132-ce312c2ad938',NULL,'172.31.36.90','2014-11-06 12:07:46',NULL,NULL,NULL),(485,'dd51021c-c40e-42d4-aec2-24e8e89bd01d',NULL,'172.31.36.90','2014-11-06 12:07:46',NULL,NULL,NULL),(486,'dd7e4b5c-778a-472a-80df-720d8f901ccb',NULL,'172.31.1.194','2014-11-06 12:07:46',NULL,NULL,NULL),(487,'6fc1a684-b4ad-4b79-9cbc-6a786c95f63f',NULL,'172.31.36.90','2014-11-06 12:07:46',NULL,NULL,NULL),(488,'4ff89cfd-ece5-4067-a9f5-36e82682ae98',NULL,'172.31.36.90','2014-11-06 12:07:46',NULL,NULL,NULL),(489,'9c5b8795-2a3c-463f-8605-d0c382b4d304',NULL,'172.31.1.194','2014-11-06 12:07:47',NULL,NULL,NULL),(490,'1481e6cc-ca17-4621-bd15-399603bba987',NULL,'172.31.36.90','2014-11-06 12:07:47',NULL,NULL,NULL),(491,'818c047b-b952-43af-9d3a-259ca5b64282',NULL,'172.31.1.194','2014-11-06 12:07:47',NULL,NULL,NULL),(492,'39e45905-b593-424c-aec0-3b3624e0d2c6',NULL,'172.31.36.90','2014-11-06 12:07:48',NULL,NULL,NULL),(493,'dca4ceec-17ac-47bc-a9bf-d7ec5a3757df',NULL,'172.31.1.194','2014-11-06 12:08:11',NULL,NULL,NULL),(494,'ff626247-b2ff-47a8-8e38-f78592144c54',NULL,'172.31.36.90','2014-11-06 12:08:12',NULL,NULL,NULL),(495,'972ea770-0b12-4820-803b-ac64e3b6895e',NULL,'172.31.36.90','2014-11-06 12:08:37',NULL,NULL,NULL),(496,'6c287762-7f43-48e5-b13b-953810369f03',NULL,'172.31.36.90','2014-11-06 12:08:45',NULL,NULL,NULL),(497,'f5db7b54-514a-4607-bcc6-57efb22529b0',NULL,'172.31.36.90','2014-11-06 12:10:26',NULL,NULL,NULL),(498,'2ee56457-70e5-43e1-8a68-0ec25b6ed380',NULL,'172.31.1.194','2014-11-06 12:12:56',NULL,NULL,NULL),(499,'b97b3f86-f70f-42c0-b448-cadb57be96c4',NULL,'172.31.36.90','2014-11-06 12:13:53',NULL,NULL,NULL),(500,'8b9d24ed-9c14-40e7-a02f-1fdf30cf088c',NULL,'172.31.36.90','2014-11-06 12:13:53',NULL,NULL,NULL),(501,'20de716c-49e0-4b39-b34a-9c2c702760ff',NULL,'172.31.1.194','2014-11-06 12:13:54',NULL,NULL,NULL),(502,'c3d9db2f-6712-44ae-a290-5d1e55edff56',NULL,'172.31.1.194','2014-11-06 12:13:54',NULL,NULL,NULL),(503,'7a4e2883-3bd0-4995-becb-fb6b9146ebdc',NULL,'172.31.1.194','2014-11-06 12:13:54',NULL,NULL,NULL),(504,'27275dc9-016c-48e0-88aa-97c36bc5aa71',NULL,'172.31.1.194','2014-11-06 12:13:55',NULL,NULL,NULL),(505,'5a2e8ff6-b2cb-4c63-8ab1-87ff2d52e468',NULL,'172.31.36.90','2014-11-06 12:13:55',NULL,NULL,NULL),(506,'540d37e7-b9c6-428b-b4ca-5a9dbaf7270b',NULL,'172.31.36.90','2014-11-06 12:13:55',NULL,NULL,NULL),(507,'4fba71f6-41a5-4255-a0cd-6d999d4351e5',NULL,'172.31.36.90','2014-11-06 12:13:59',NULL,NULL,NULL),(508,'4302fda4-81d8-466c-bb05-9716372ef5d6',NULL,'172.31.36.90','2014-11-06 12:14:07',NULL,NULL,NULL),(509,'3bdb01f7-c0ae-4234-96db-cc38c914ff0b',NULL,'172.31.36.90','2014-11-06 12:14:37',NULL,NULL,NULL),(510,'379ba25b-088b-4264-9109-b876e0234119',NULL,'172.31.1.194','2014-11-06 13:14:18',NULL,NULL,NULL),(511,'a34877bc-3d86-4833-96cf-fdc65d285a6e',NULL,'172.31.1.194','2014-11-06 16:26:06',NULL,NULL,NULL),(512,'13297edd-e9ad-4637-b457-de208a75f8cb',NULL,'172.31.1.194','2014-11-06 22:15:35',NULL,NULL,NULL),(513,'6c85ac67-3859-4028-bd49-d6ce1901a22c',NULL,'172.31.1.194','2014-11-06 22:43:29',NULL,NULL,NULL),(515,'c8fc15ae-4efe-452a-84bd-f14ea74fe639',NULL,'172.31.36.90','2014-11-07 17:39:27',NULL,NULL,NULL),(516,'5b84c24a-3706-44b8-937a-5e46a8aed912',NULL,'172.31.36.90','2014-11-07 17:39:33',NULL,NULL,NULL),(517,'904df29d-28f9-4b66-9927-a02fa60f36bb',NULL,'172.31.1.194','2014-11-08 11:09:17',NULL,NULL,NULL),(518,'48b3e1e8-f708-4f72-9f08-ddb4893e495d',NULL,'172.31.1.194','2014-11-09 08:03:33',NULL,NULL,NULL),(519,'7fced581-bd14-429b-8589-e50397b1ad73',NULL,'172.31.1.194','2014-11-09 08:03:34',NULL,NULL,NULL),(520,'da25b52b-79ff-4f93-9bf8-cf09eb27b0ee',NULL,'172.31.1.194','2014-11-10 18:53:18',NULL,NULL,NULL),(521,'2513fb4c-8b47-4ba1-b323-8dda4be5444d',NULL,'172.31.36.90','2014-11-10 19:24:41',NULL,NULL,NULL),(522,'6cf86bcb-bc0b-46b7-9205-3adf9a8663c0',NULL,'172.31.36.90','2014-11-13 03:42:26',NULL,NULL,NULL),(523,'27ed09c7-b141-4c3c-85f7-81e1cab423a5',NULL,'0:0:0:0:0:0:0:1','2014-11-19 03:56:03',NULL,NULL,NULL),(524,'b2d049a4-7663-454e-aae6-9b1973a480d6',NULL,'0:0:0:0:0:0:0:1','2014-11-20 07:37:15',NULL,NULL,NULL),(525,'5e42e408-e32c-48db-970d-bf62970e77de',NULL,'0:0:0:0:0:0:0:1','2014-11-20 07:52:28',NULL,NULL,NULL),(526,'546bbcb0-69ea-4404-b0db-7dac54635d04',NULL,'0:0:0:0:0:0:0:1','2014-11-20 08:40:36',NULL,NULL,NULL),(527,'c9489c40-1b69-432b-a93d-97e31f9f606e',NULL,'0:0:0:0:0:0:0:1','2014-11-20 08:42:45',NULL,NULL,NULL),(528,'e6c152af-97d2-4687-bc90-02bd12d17e84',NULL,'0:0:0:0:0:0:0:1','2014-11-20 08:52:13',NULL,NULL,NULL),(529,'0c24938b-b833-4fd3-b851-1125bd48db48',NULL,'0:0:0:0:0:0:0:1','2014-11-20 08:52:32',NULL,NULL,NULL),(530,'cf80a09f-a1ce-44cc-99f5-2c91bffa4ed7',NULL,'0:0:0:0:0:0:0:1','2014-11-20 08:59:28',NULL,NULL,NULL),(531,'6c86a794-0ab5-425e-a3f7-a3b1894cc623',NULL,'0:0:0:0:0:0:0:1','2014-11-20 11:19:51',NULL,NULL,NULL),(532,'43c35d4c-c4a2-4686-98cb-7421861bd197',NULL,'0:0:0:0:0:0:0:1','2014-11-21 04:13:02',NULL,NULL,NULL),(533,'9a651d13-d0c8-446f-8751-aa7e52a19cee',NULL,'0:0:0:0:0:0:0:1','2014-11-24 03:52:52',NULL,NULL,NULL),(534,'8cea246f-a210-4f2a-aaab-7c910cd09eee',NULL,'0:0:0:0:0:0:0:1','2014-12-01 03:21:26',NULL,NULL,NULL),(535,'ee84a9d9-d6bc-44e6-9dcd-ba36095ea916',NULL,'0:0:0:0:0:0:0:1','2014-12-01 03:34:13',NULL,NULL,NULL),(536,'ba75095e-8326-4af4-b4d2-d5c7191e0663',NULL,'0:0:0:0:0:0:0:1','2014-12-02 11:56:03',NULL,NULL,NULL),(537,'06d85e72-e15b-4d59-9e22-ea841495bf90',NULL,'0:0:0:0:0:0:0:1','2014-12-02 12:11:52',NULL,NULL,NULL),(538,'236bba6a-9b30-4890-8779-bac1b073c9cc',NULL,'0:0:0:0:0:0:0:1','2014-12-05 10:57:48',NULL,NULL,NULL),(539,'ffab0d65-6800-4de7-b02f-f8faf8453bf2',NULL,'0:0:0:0:0:0:0:1','2014-12-05 11:01:02',NULL,NULL,NULL);
/*!40000 ALTER TABLE `visitor` ENABLE KEYS */;
UNLOCK TABLES;

--
-- Table structure for table `visitor_donation_map`
--

DROP TABLE IF EXISTS `visitor_donation_map`;
/*!40101 SET @saved_cs_client     = @@character_set_client */;
/*!40101 SET character_set_client = utf8 */;
CREATE TABLE `visitor_donation_map` (
  `id` bigint(20) unsigned NOT NULL AUTO_INCREMENT,
  `donation_id` bigint(20) unsigned NOT NULL,
  `visitor_id` bigint(20) unsigned DEFAULT NULL,
  `created_date` timestamp NOT NULL DEFAULT CURRENT_TIMESTAMP,
  `user_created` bigint(11) DEFAULT NULL,
  `last_update_date` timestamp NULL DEFAULT NULL,
  `last_user_update` bigint(11) DEFAULT NULL,
  PRIMARY KEY (`id`),
  KEY `visitor_donation_map_donation_id_idx` (`donation_id`),
  KEY `visitor_donation_map_visitor_id_idx` (`visitor_id`),
  CONSTRAINT `fk_visitor_donation_map_donation_id` FOREIGN KEY (`donation_id`) REFERENCES `donation` (`id`) ON DELETE NO ACTION ON UPDATE NO ACTION,
  CONSTRAINT `fk_visitor_donation_map_visitor_id` FOREIGN KEY (`visitor_id`) REFERENCES `visitor` (`id`) ON DELETE NO ACTION ON UPDATE NO ACTION
) ENGINE=InnoDB AUTO_INCREMENT=153 DEFAULT CHARSET=utf8;
/*!40101 SET character_set_client = @saved_cs_client */;

--
-- Dumping data for table `visitor_donation_map`
--

LOCK TABLES `visitor_donation_map` WRITE;
/*!40000 ALTER TABLE `visitor_donation_map` DISABLE KEYS */;
INSERT INTO `visitor_donation_map` VALUES (16,16,76,'2014-10-30 08:54:59',NULL,NULL,NULL),(17,17,82,'2014-10-30 08:54:59',NULL,NULL,NULL),(18,18,83,'2014-10-30 08:54:59',NULL,NULL,NULL),(19,19,84,'2014-10-30 08:54:59',NULL,NULL,NULL),(20,20,87,'2014-10-30 08:54:59',NULL,NULL,NULL),(21,21,88,'2014-10-30 08:54:59',NULL,NULL,NULL),(22,22,92,'2014-10-30 08:54:59',NULL,NULL,NULL),(23,23,92,'2014-10-30 08:54:59',NULL,NULL,NULL),(24,24,89,'2014-10-30 08:54:59',NULL,NULL,NULL),(25,25,92,'2014-10-30 08:54:59',NULL,NULL,NULL),(26,26,89,'2014-10-30 08:54:59',NULL,NULL,NULL),(27,27,89,'2014-10-30 08:54:59',NULL,NULL,NULL),(28,28,92,'2014-10-30 08:54:59',NULL,NULL,NULL),(29,29,92,'2014-10-30 08:54:59',NULL,NULL,NULL),(30,30,92,'2014-10-30 08:54:59',NULL,NULL,NULL),(31,31,84,'2014-10-30 08:54:59',NULL,NULL,NULL),(32,32,89,'2014-10-30 08:54:59',NULL,NULL,NULL),(33,33,89,'2014-10-30 08:54:59',NULL,NULL,NULL),(34,34,89,'2014-10-30 08:54:59',NULL,NULL,NULL),(35,35,93,'2014-10-30 08:54:59',NULL,NULL,NULL),(36,36,93,'2014-10-30 08:54:59',NULL,NULL,NULL),(37,37,92,'2014-10-30 08:54:59',NULL,NULL,NULL),(38,38,92,'2014-10-30 08:54:59',NULL,NULL,NULL),(39,39,97,'2014-10-30 08:54:59',NULL,NULL,NULL),(40,40,98,'2014-10-30 08:54:59',NULL,NULL,NULL),(41,41,77,'2014-10-30 08:54:59',NULL,NULL,NULL),(43,43,104,'2014-10-30 09:52:19',NULL,NULL,NULL),(44,44,105,'2014-10-30 10:24:43',NULL,NULL,NULL),(45,45,104,'2014-10-30 10:27:27',NULL,NULL,NULL),(46,46,106,'2014-10-30 10:28:27',NULL,NULL,NULL),(47,47,106,'2014-10-30 10:32:43',NULL,NULL,NULL),(58,58,105,'2014-10-30 10:51:31',NULL,NULL,NULL),(69,69,247,'2014-10-30 11:04:12',NULL,NULL,NULL),(73,73,284,'2014-10-30 11:21:17',NULL,NULL,NULL),(75,75,284,'2014-10-30 11:24:37',NULL,NULL,NULL),(76,76,284,'2014-10-30 11:25:17',NULL,NULL,NULL),(78,78,284,'2014-10-30 11:27:19',NULL,NULL,NULL),(79,79,287,'2014-10-30 11:28:03',NULL,NULL,NULL),(80,80,284,'2014-10-30 11:28:47',NULL,NULL,NULL),(81,81,284,'2014-10-30 11:30:45',NULL,NULL,NULL),(82,82,288,'2014-10-30 11:33:10',NULL,NULL,NULL),(83,83,293,'2014-10-30 12:14:29',NULL,NULL,NULL),(84,84,105,'2014-10-30 12:20:58',NULL,NULL,NULL),(85,85,293,'2014-10-30 12:24:24',NULL,NULL,NULL),(86,86,296,'2014-10-30 12:25:45',NULL,NULL,NULL),(87,87,298,'2014-10-30 12:30:01',NULL,NULL,NULL),(88,88,104,'2014-10-30 12:30:36',NULL,NULL,NULL),(89,89,298,'2014-10-30 12:32:45',NULL,NULL,NULL),(90,90,299,'2014-10-30 14:11:12',NULL,NULL,NULL),(91,91,300,'2014-10-30 15:36:40',NULL,NULL,NULL),(92,92,301,'2014-10-30 19:47:20',NULL,NULL,NULL),(93,93,284,'2014-10-31 03:12:27',NULL,NULL,NULL),(94,94,302,'2014-10-31 04:34:15',NULL,NULL,NULL),(95,95,302,'2014-10-31 04:34:47',NULL,NULL,NULL),(96,96,302,'2014-10-31 04:35:08',NULL,NULL,NULL),(97,97,303,'2014-10-31 04:46:57',NULL,NULL,NULL),(98,98,305,'2014-10-31 16:19:51',NULL,NULL,NULL),(99,99,306,'2014-10-31 16:41:48',NULL,NULL,NULL),(100,100,305,'2014-10-31 16:46:03',NULL,NULL,NULL),(101,101,305,'2014-10-31 16:47:13',NULL,NULL,NULL),(102,102,301,'2014-10-31 18:27:27',NULL,NULL,NULL),(104,104,104,'2014-11-03 09:15:42',NULL,NULL,NULL),(105,105,312,'2014-11-03 10:53:49',NULL,NULL,NULL),(106,106,314,'2014-11-03 11:07:05',NULL,NULL,NULL),(107,107,315,'2014-11-03 11:12:10',NULL,NULL,NULL),(109,109,317,'2014-11-03 23:12:49',NULL,NULL,NULL),(110,110,317,'2014-11-03 23:31:26',NULL,NULL,NULL),(111,111,319,'2014-11-04 00:19:34',NULL,NULL,NULL),(112,112,337,'2014-11-04 00:33:49',NULL,NULL,NULL),(116,116,317,'2014-11-04 20:37:30',NULL,NULL,NULL),(117,117,349,'2014-11-04 22:43:35',NULL,NULL,NULL),(118,118,349,'2014-11-04 22:52:18',NULL,NULL,NULL),(144,143,315,'2014-11-10 07:16:23',NULL,NULL,NULL),(145,144,54,'2014-11-10 19:02:54',NULL,NULL,NULL),(146,144,54,'2014-11-10 19:14:24',NULL,NULL,NULL),(147,144,54,'2014-11-10 19:22:23',NULL,NULL,NULL),(148,145,521,'2014-11-10 19:24:41',NULL,NULL,NULL),(149,144,521,'2014-11-10 23:10:28',NULL,NULL,NULL),(150,145,522,'2014-11-13 03:42:26',NULL,NULL,NULL),(151,146,530,'2014-11-20 08:59:28',NULL,NULL,NULL),(152,147,531,'2014-11-20 11:19:51',NULL,NULL,NULL);
/*!40000 ALTER TABLE `visitor_donation_map` ENABLE KEYS */;
UNLOCK TABLES;
/*!40103 SET TIME_ZONE=@OLD_TIME_ZONE */;

/*!40101 SET SQL_MODE=@OLD_SQL_MODE */;
/*!40014 SET FOREIGN_KEY_CHECKS=@OLD_FOREIGN_KEY_CHECKS */;
/*!40014 SET UNIQUE_CHECKS=@OLD_UNIQUE_CHECKS */;
/*!40101 SET CHARACTER_SET_CLIENT=@OLD_CHARACTER_SET_CLIENT */;
/*!40101 SET CHARACTER_SET_RESULTS=@OLD_CHARACTER_SET_RESULTS */;
/*!40101 SET COLLATION_CONNECTION=@OLD_COLLATION_CONNECTION */;
/*!40111 SET SQL_NOTES=@OLD_SQL_NOTES */;

-- Dump completed on 2014-12-11 19:35:45
