<extension version="1.6" type="plugin" group="system" method="upgrade">
    <name>Installer</name>
	<author>JM-Experts!</author>
	<creationDate>December, 2011</creationDate>
	<copyright>(C) 2011 JoomDev Corp. All rights reserved.</copyright>
	<license>http://www.gnu.org/copyleft/gpl.html GNU/GPL</license>
	<authorEmail>info@jm-experts.com</authorEmail>
	<authorUrl>http://www.jm-experts.com</authorUrl>
	<version>1.0.1</version>
	<description></description>
    <scriptfile>install.script.php</scriptfile>
    <files>
        <filename plugin="installer">installer.php</filename>
    </files>
    <cogs>
        <cog type="plugin" client="site" ordering="1" access="1" enabled="true" protected="false">
            plg_system_jat3
            <name>Jat3 System Plugin</name>
            <description>The jat3 System Plugin for Joomla 1.6</description>
        </cog>
        <cog type="template" client="site" access="1" enabled="true" protected="false" remove_style="true">
            business5
            <name>Business5 Template</name>
            <description>Business5 Template </description>
            <style name="business5 - Default" default="false" master="true" paramsfile="template-options.xml"/>
        </cog>
    </cogs>
</extension>
